model,kind,resolution,signature,topk,n_cells,top_cell_type,hvg_frac,n_genes_in_bulk,cindex,hr,p,floor_mean,floor_p95,above_floor,direction,cindex_or,floor_or_mean,floor_or_p95,above_floor_or
hvg_pca,baseline,0.3,c1_k25,25,10595,T cell,0.0,25,0.4414235598227474,0.7566729473187488,0.03644518888276183,0.48792243660758244,0.5455402203348104,-0.04649887678483505,-1,0.5585764401772526,0.5120775633924175,0.5756777757262432,0.04649887678483511
hvg_pca,baseline,0.3,c1_k50,50,10595,T cell,0.0,50,0.4341765140324963,0.7217702993072518,0.02015149047988642,0.47104882139340226,0.5170405588380108,-0.036872307360905965,-1,0.5658234859675038,0.5289511786065978,0.5844580871491876,0.036872307360905965
hvg_pca,baseline,0.3,c1_k100,100,10595,T cell,0.0,100,0.4285758247168882,0.713879705146004,0.023016135224649854,0.46796505723781395,0.5200070777941901,-0.03938923252092574,-1,0.5714241752831117,0.5320349427621861,0.5835572070408664,0.03938923252092563
hvg_pca,baseline,0.3,c3_k25,25,7143,malignant cell,0.24,25,0.42375984736582967,0.6425660758830564,0.0033564886556586644,0.5072788958641063,0.5739337149187592,-0.08351904849827668,-1,0.5762401526341703,0.4927211041358936,0.5511409096504184,0.08351904849827668
hvg_pca,baseline,0.3,c3_k50,50,7143,malignant cell,0.18,50,0.45356351550960117,0.6329282748509667,0.008938987181905236,0.507087949286066,0.562065331117676,-0.053524433776464875,-1,0.5464364844903988,0.492912050713934,0.5460133554899064,0.05352443377646482
hvg_pca,baseline,0.3,c3_k100,100,7143,malignant cell,0.18,100,0.4424544559330379,0.6246015553045848,0.006304054925696959,0.5130029849827671,0.5471965780403741,-0.07054852904972919,-1,0.5575455440669621,0.4869970150172329,0.528701224766125,0.07054852904972919
hvg_pca,baseline,0.3,c9_k25,25,5063,macrophage,0.52,25,0.490845027080256,0.892768728348187,0.2908135978520171,0.49745014771048746,0.5526618660758247,-0.0066051206302314425,-1,0.509154972919744,0.5025498522895125,0.559608874938454,0.0066051206302314425
hvg_pca,baseline,0.3,c9_k50,50,5063,macrophage,0.6,50,0.4866752831117676,0.9001979609052724,0.35738221603569487,0.4958263324716888,0.5548090534219596,-0.00915104935992117,-1,0.5133247168882324,0.5041736675283112,0.5689115583456426,0.009151049359921282
hvg_pca,baseline,0.3,c9_k100,100,5063,macrophage,0.42,100,0.48842934515017233,0.9218571716293489,0.5360933475054107,0.48703325024618416,0.5421251846381092,0.0013960949039881765,-1,0.5115706548498277,0.5129667497538158,0.5686076747907435,-0.0013960949039881765
hvg_pca,baseline,0.3,c11_k25,25,4117,fibroblast,0.96,25,0.494968611521418,1.0839174237651277,0.43178202415331324,0.5114318685376662,0.5665828101920236,-0.01646325701624818,-1,0.505031388478582,0.4885681314623338,0.5581133062530772,0.01646325701624818
hvg_pca,baseline,0.3,c11_k50,50,4117,fibroblast,0.8,50,0.4965534219596258,1.0800101082956444,0.4837865671042152,0.514485859798129,0.5616545113244706,-0.01793243783850318,-1,0.5034465780403742,0.485514140201871,0.5347396602658788,0.01793243783850318
hvg_pca,baseline,0.3,c11_k100,100,4117,fibroblast,0.68,100,0.49292220580994583,1.0647782433058963,0.6022623699028998,0.5077440300344658,0.5602904972919744,-0.014821824224519942,-1,0.5070777941900542,0.4922559699655342,0.5329048190546528,0.014821824224519942
hvg_pca,baseline,0.3,c8_k25,25,2945,malignant cell,0.36,25,0.5158481043820778,1.191664531129504,0.29490837411359955,0.5005369891678976,0.5574247599704578,0.015311115214180271,1,0.5158481043820778,0.5005369891678976,0.5574247599704578,0.015311115214180271
hvg_pca,baseline,0.3,c8_k50,50,2945,malignant cell,0.3,50,0.51517109798129,1.1148184793680314,0.527689933526291,0.5015518833087149,0.560185099704579,0.013619214672575097,1,0.51517109798129,0.5015518833087149,0.560185099704579,0.013619214672575097
hvg_pca,baseline,0.3,c8_k100,100,2945,malignant cell,0.3,100,0.5176637124569178,1.0849270622233624,0.6655631105293307,0.4914870291728212,0.544280834564254,0.026176683284096558,1,0.5176637124569178,0.4914870291728212,0.544280834564254,0.026176683284096558
hvg_pca,baseline,0.3,c2_k25,25,2473,endothelial cell,0.76,25,0.4920913343180699,0.963774311560623,0.7437086405106108,0.5014399464549483,0.5734044190054159,-0.009348612136878376,-1,0.50790866568193,0.49856005354505173,0.560157403988183,0.00934861213687832
hvg_pca,baseline,0.3,c2_k50,50,2473,endothelial cell,0.66,50,0.4815977351058592,0.957775912834908,0.7246714404517524,0.49248369030034467,0.5425983197932053,-0.010885955194485486,-1,0.5184022648941409,0.5075163096996553,0.5661235228951256,0.010885955194485541
hvg_pca,baseline,0.3,c2_k100,100,2473,endothelial cell,0.45,100,0.4798590595765633,0.9436726419735926,0.6759830531650827,0.4849990768094534,0.5350643156080749,-0.005140017232890148,-1,0.5201409404234367,0.5150009231905465,0.5666051206302314,0.005140017232890259
hvg_pca,baseline,0.3,c19_k25,25,2174,"effector memory CD8-positive, alpha-beta T cell",0.0,25,0.51426329394387,1.0476092855934425,0.8252880270279145,0.4992468303791236,0.5643202240275725,0.015016463564746452,1,0.51426329394387,0.4992468303791236,0.5643202240275725,0.015016463564746452
hvg_pca,baseline,0.3,c19_k50,50,2174,"effector memory CD8-positive, alpha-beta T cell",0.04,50,0.47812038404726737,1.0301523047202739,0.9068989805470077,0.4990828101920236,0.557850966272772,-0.02096242614475624,-1,0.5218796159527326,0.5009171898079764,0.5567577548005909,0.020962426144756185
hvg_pca,baseline,0.3,c19_k100,100,2174,"effector memory CD8-positive, alpha-beta T cell",0.06,100,0.45030157557853273,0.8504851173554644,0.5390156710414887,0.4912299975381585,0.5459633493353028,-0.04092842195962576,-1,0.5496984244214673,0.5087700024618416,0.5590395741014278,0.04092842195962576
hvg_pca,baseline,0.3,c25_k25,25,1583,malignant cell,0.4,25,0.5151095519448547,1.050520903203005,0.7703838952897692,0.4812894663958641,0.5527003323485967,0.03382008554899063,1,0.5151095519448547,0.4812894663958641,0.5527003323485967,0.03382008554899063
hvg_pca,baseline,0.3,c25_k50,50,1583,malignant cell,0.3,50,0.5320347119645494,1.0744688873316794,0.6926050764212037,0.48967757570162485,0.5470542528311176,0.04235713626292459,1,0.5320347119645494,0.48967757570162485,0.5470542528311176,0.04235713626292459
hvg_pca,baseline,0.3,c25_k100,100,1583,malignant cell,0.2,100,0.5513909404234367,1.13874880465435,0.504075753807439,0.4931800837026096,0.5457217811422944,0.05821085672082715,1,0.5513909404234367,0.4931800837026096,0.5457217811422944,0.05821085672082715
hvg_pca,baseline,0.3,c5_k25,25,1572,malignant cell,0.36,25,0.5377123338257016,0.8996666937503122,0.5321417470528909,0.4982912512309207,0.5566508185622846,0.03942108259478089,1,0.5377123338257016,0.4982912512309207,0.5566508185622846,0.03942108259478089
hvg_pca,baseline,0.3,c5_k50,50,1572,malignant cell,0.26,50,0.5342657557853274,0.8399836917752596,0.3725039223550063,0.49973112075332343,0.5551898695224028,0.03453463503200399,1,0.5342657557853274,0.49973112075332343,0.5551898695224028,0.03453463503200399
hvg_pca,baseline,0.3,c5_k100,100,1572,malignant cell,0.2,100,0.5471134908911867,0.8849434499142605,0.5847588062463992,0.49895902572624323,0.5446401095519449,0.04815446516494343,1,0.5471134908911867,0.49895902572624323,0.5446401095519449,0.04815446516494343
hvg_pca,baseline,0.3,c0_k25,25,1564,memory B cell,0.2,25,0.4299913835548991,0.7137507228345743,0.01714078434828019,0.48898956794682424,0.539165589611029,-0.05899818439192517,-1,0.5700086164451009,0.5110104320531758,0.5692439069423929,0.05899818439192517
hvg_pca,baseline,0.3,c0_k50,50,1564,memory B cell,0.24,50,0.43460733628754306,0.7185824594061031,0.021053097335111744,0.4921182607090104,0.5517779111275233,-0.057510924421467324,-1,0.5653926637124569,0.5078817392909896,0.5683253323485967,0.057510924421467324
hvg_pca,baseline,0.3,c0_k100,100,1564,memory B cell,0.15,100,0.4343919251600197,0.710775429333186,0.02263153391616882,0.4858700301575578,0.5406296159527326,-0.05147810499753813,-1,0.5656080748399803,0.5141299698424422,0.570214795667159,0.05147810499753813
hvg_pca,baseline,0.3,c12_k25,25,1340,pericyte,0.72,25,0.4914143279172821,1.058767801732796,0.63168452770502,0.49418428421959626,0.5431714672575086,-0.002769956302314136,-1,0.5085856720827179,0.5058157157804037,0.5590411127523387,0.002769956302314136
hvg_pca,baseline,0.3,c12_k50,50,1340,pericyte,0.62,50,0.4881831610044313,1.0414130295760973,0.7599420474158759,0.49459510401280155,0.5435684391925161,-0.0064119430083702245,-1,0.5118168389955686,0.5054048959871984,0.5595227104874446,0.0064119430083702245
hvg_pca,baseline,0.3,c12_k100,100,1340,pericyte,0.52,100,0.4912758493353028,1.0626863871101953,0.6789047722179924,0.48932868660758244,0.543996184145741,0.0019471627277203862,-1,0.5087241506646971,0.5106713133924174,0.5599050652387987,-0.0019471627277203307
hvg_pca,baseline,0.3,c10_k25,25,1243,IgG plasma cell,0.08,25,0.45239414081733137,0.7212647855039623,0.075820244525876,0.477539312530773,0.53386878385032,-0.025145171713441605,-1,0.5476058591826687,0.5224606874692269,0.5787612321516494,0.025145171713441772
hvg_pca,baseline,0.3,c10_k50,50,1243,IgG plasma cell,0.06,50,0.44913220088626293,0.6604440514622376,0.04611366395432834,0.46843273018217624,0.5258570285573608,-0.019300529295913305,-1,0.5508677991137371,0.5315672698178238,0.5797836656819301,0.019300529295913305
hvg_pca,baseline,0.3,c10_k100,100,1243,IgG plasma cell,0.06,100,0.463472427375677,0.6839722206561313,0.11204663955881845,0.4654352074101428,0.5245630231413096,-0.0019627800344658164,-1,0.536527572624323,0.5345647925898572,0.5820731782373215,0.0019627800344658164
hvg_pca,baseline,0.3,c16_k25,25,724,mammary gland epithelial cell,0.24,25,0.5411127523387493,0.9337689290972494,0.6842955804665435,0.5057495537912358,0.5581979320531758,0.035363198547513575,1,0.5411127523387493,0.5057495537912358,0.5581979320531758,0.035363198547513575
hvg_pca,baseline,0.3,c16_k50,50,724,mammary gland epithelial cell,0.28,50,0.5312346134908912,0.8962337924713945,0.5717232366134553,0.4982123184391925,0.5573616752831118,0.03302229505169868,1,0.5312346134908912,0.4982123184391925,0.5573616752831118,0.03302229505169868
hvg_pca,baseline,0.3,c16_k100,100,724,mammary gland epithelial cell,0.17,100,0.530926883308715,0.872170772413402,0.5324169288700056,0.4932211656819301,0.5448032065484982,0.037705717626784874,1,0.530926883308715,0.4932211656819301,0.5448032065484982,0.037705717626784874
hvg_pca,baseline,0.3,c30_k25,25,563,malignant cell,0.2,25,0.4864137124569178,0.7420144207330494,0.05957197644447929,0.5067382139340226,0.5570139401772526,-0.02032450147710485,-1,0.5135862875430822,0.4932617860659773,0.5580140632693255,0.020324501477104906
hvg_pca,baseline,0.3,c30_k50,50,563,malignant cell,0.28,50,0.449209133431807,0.644793582284022,0.010751156020993658,0.505126707902511,0.5585687469226982,-0.055917574470704,-1,0.550790866568193,0.4948732920974889,0.548163620137863,0.05591757447070406
hvg_pca,baseline,0.3,c30_k100,100,563,malignant cell,0.16,100,0.4483782619399311,0.5883475183886755,0.0077916718803980566,0.5024776895617922,0.5579409773510585,-0.054099427621861096,-1,0.551621738060069,0.49752231043820777,0.551756370014771,0.05409942762186121
hvg_pca,baseline,0.3,c31_k25,25,543,malignant cell,0.12,25,0.4566869768586903,0.7990715922818712,0.05104642685259281,0.5091214303298868,0.5719188515509601,-0.05243445347119646,-1,0.5433130231413097,0.4908785696701132,0.5401203225012309,0.05243445347119652
hvg_pca,baseline,0.3,c31_k50,50,543,malignant cell,0.12,50,0.4591949778434269,0.7786014811405021,0.05090499860859416,0.49846942700640084,0.5489321762678483,-0.03927444916297396,-1,0.5408050221565731,0.5015305729935993,0.5583925713934023,0.039274449162973846
hvg_pca,baseline,0.3,c31_k100,100,543,malignant cell,0.16,100,0.46858074839980307,0.7787982689487949,0.10095278708026123,0.4909242676021664,0.5453040374199901,-0.022343519202363327,-1,0.531419251600197,0.5090757323978337,0.5593819239290989,0.022343519202363327
hvg_pca,baseline,0.3,c20_k25,25,542,malignant cell,0.96,25,0.46327240275726245,0.7705719793870646,0.47212469898529463,0.4737634631954702,0.5326055514524864,-0.010491060438207744,-1,0.5367275972427376,0.5262365368045299,0.5835118168389956,0.010491060438207689
hvg_pca,baseline,0.3,c20_k50,50,542,malignant cell,0.98,50,0.4530403741999015,0.7683587880216867,0.49752359891222353,0.4609177283357952,0.5151226304775972,-0.007877354135893688,-1,0.5469596258000985,0.5390822716642047,0.5872938207779419,0.007877354135893744
hvg_pca,baseline,0.3,c20_k100,100,542,malignant cell,0.84,100,0.4282988675529296,0.5935195056352661,0.2654850217828868,0.4470681006893156,0.48681914697193496,-0.018769233136385954,-1,0.5717011324470704,0.5529318993106844,0.5883401033973412,0.01876923313638601
hvg_pca,baseline,0.3,c7_k25,25,536,malignant cell,0.24,25,0.5018309945839488,0.6992239394323169,0.03362203113149663,0.49959964303298876,0.5571101058591826,0.0022313515509599924,1,0.5018309945839488,0.49959964303298876,0.5571101058591826,0.0022313515509599924
hvg_pca,baseline,0.3,c7_k50,50,536,malignant cell,0.22,50,0.5054622107336287,0.7094418775257136,0.05909872071473434,0.49559707348596743,0.5553975873953717,0.009865137247661304,1,0.5054622107336287,0.49559707348596743,0.5553975873953717,0.009865137247661304
hvg_pca,baseline,0.3,c7_k100,100,536,malignant cell,0.15,100,0.5173098227474151,0.693117382270028,0.05224304537402031,0.5027324901526342,0.5519694731659281,0.01457733259478089,1,0.5173098227474151,0.5027324901526342,0.5519694731659281,0.01457733259478089
hvg_pca,baseline,0.3,c27_k25,25,529,malignant cell,0.28,25,0.4194977843426883,0.562703788021922,0.001197496611553845,0.4933914943377647,0.5564261755292959,-0.07389370999507638,-1,0.5805022156573116,0.5066085056622354,0.5768063761693746,0.07389370999507627
hvg_pca,baseline,0.3,c27_k50,50,529,malignant cell,0.22,50,0.4478551206302314,0.5674958223225027,0.003982916039477502,0.5017033634908912,0.5519263909404234,-0.053848242860659756,-1,0.5521448793697685,0.4982966365091089,0.5511963010832102,0.053848242860659645
hvg_pca,baseline,0.3,c27_k100,100,529,malignant cell,0.19,100,0.4635955194485475,0.5902945423400073,0.008221792729002435,0.49747115029542094,0.5429175898572132,-0.03387563084687345,-1,0.5364044805514525,0.502528849704579,0.5475835487444608,0.033875630846873506
hvg_pca,baseline,0.3,c29_k25,25,505,malignant cell,0.16,25,0.4547175036927622,0.6144466332505506,0.013491556323500829,0.4997022710487445,0.5587072255046776,-0.04498476735598228,-1,0.5452824963072378,0.5002977289512556,0.5673952178729689,0.044984767355982225
hvg_pca,baseline,0.3,c29_k50,50,505,malignant cell,0.18,50,0.4448547513540128,0.6271321242459008,0.009209388846307683,0.49486398325947806,0.5473450578532743,-0.050009231905465246,-1,0.5551452486459871,0.505136016740522,0.5595388663220088,0.050009231905465135
hvg_pca,baseline,0.3,c29_k100,100,505,malignant cell,0.13,100,0.45679468242245197,0.6019084591725913,0.00863425940994465,0.5021689592565238,0.5519687038404727,-0.04537427683407186,-1,0.543205317577548,0.4978310407434761,0.5443362259970458,0.04537427683407186
hvg_pca,baseline,0.3,c28_k25,25,485,malignant cell,0.28,25,0.4866906696208764,0.903282323362571,0.47202674704269665,0.49091580502215665,0.5565584995076317,-0.004225135401280222,-1,0.5133093303791236,0.5090841949778434,0.5696247230428361,0.004225135401280222
hvg_pca,baseline,0.3,c28_k50,50,485,malignant cell,0.18,50,0.5071854997538159,0.9959313714893572,0.9798702059724753,0.494089657188577,0.5482659404234367,0.01309584256523888,1,0.5071854997538159,0.494089657188577,0.5482659404234367,0.01309584256523888
hvg_pca,baseline,0.3,c28_k100,100,485,malignant cell,0.15,100,0.522510462826194,1.0546453955750226,0.7708966361933149,0.5015628077301821,0.5514686422944363,0.02094765509601182,1,0.522510462826194,0.5015628077301821,0.5514686422944363,0.02094765509601182
hvg_pca,baseline,0.3,c15_k25,25,439,malignant cell,0.32,25,0.5059545790251108,0.9646310892368428,0.8408370751130301,0.4958057914820286,0.5594603951255539,0.010148787543082183,1,0.5059545790251108,0.4958057914820286,0.5594603951255539,0.010148787543082183
hvg_pca,baseline,0.3,c15_k50,50,439,malignant cell,0.34,50,0.5016925160019695,0.9549599837318772,0.8115275891545374,0.4919172359675037,0.5550452363367799,0.009775280034465816,1,0.5016925160019695,0.4919172359675037,0.5550452363367799,0.009775280034465816
hvg_pca,baseline,0.3,c15_k100,100,439,malignant cell,0.27,100,0.512786189069424,1.0450168104746518,0.841829830796624,0.49362944670113246,0.5477566469719349,0.019156742368291513,1,0.512786189069424,0.49362944670113246,0.5477566469719349,0.019156742368291513
hvg_pca,baseline,0.3,c13_k25,25,388,malignant cell,0.2,25,0.5568993106843919,1.0426326593274917,0.8211833650610676,0.4952650326193993,0.5617760647464303,0.06163427806499261,1,0.5568993106843919,0.4952650326193993,0.5617760647464303,0.06163427806499261
hvg_pca,baseline,0.3,c13_k50,50,388,malignant cell,0.14,50,0.5522218119153126,0.9362711349771458,0.7277058228679523,0.49353674298375183,0.5488052375677006,0.05868506893156078,1,0.5522218119153126,0.49353674298375183,0.5488052375677006,0.05868506893156078
hvg_pca,baseline,0.3,c13_k100,100,388,malignant cell,0.08,100,0.5547913589364845,0.9415735704242838,0.753303950322409,0.4966638201624815,0.5427083333333333,0.05812753877400295,1,0.5547913589364845,0.4966638201624815,0.5427083333333333,0.05812753877400295
hvg_pca,baseline,0.3,c23_k25,25,374,malignant cell,0.64,25,0.45017848350566225,0.9438578168702726,0.663873852441891,0.4920494060807484,0.5507993291482028,-0.04187092257508612,-1,0.5498215164943377,0.5079505939192517,0.563687069177745,0.04187092257508607
hvg_pca,baseline,0.3,c23_k50,50,374,malignant cell,0.46,50,0.44005416051206303,0.9029008753921484,0.49598610205231286,0.49544043882323974,0.5544782434761201,-0.055386278311176707,-1,0.559945839487937,0.5045595611767602,0.5592542159034958,0.05538627831117682
hvg_pca,baseline,0.3,c23_k100,100,374,malignant cell,0.39,100,0.4407311669128508,0.8443619986838876,0.31194323187084466,0.4938179314377154,0.553610444362383,-0.053086764524864605,-1,0.5592688330871491,0.5061820685622846,0.5559238060068932,0.053086764524864494
hvg_pca,baseline,0.3,c14_k25,25,353,malignant cell,0.2,25,0.40083394879369766,0.6180425812599303,0.0006814643852716475,0.4881643894633186,0.5379146664204825,-0.08733044066962092,-1,0.5991660512063024,0.5118356105366815,0.5650572378138847,0.08733044066962092
hvg_pca,baseline,0.3,c14_k50,50,353,malignant cell,0.22,50,0.3995568685376662,0.5780800624072973,0.0008785086707527758,0.49101012432299357,0.5431553114229444,-0.09145325578532737,-1,0.6004431314623337,0.5089898756770065,0.571089518709995,0.09145325578532726
hvg_pca,baseline,0.3,c14_k100,100,353,malignant cell,0.18,100,0.40825024618414574,0.583486063446432,0.0015629054434587314,0.4894368537666175,0.5443446885770556,-0.08118660758247176,-1,0.5917497538158543,0.5105631462333825,0.5699378385032005,0.08118660758247176
hvg_pca,baseline,0.3,c26_k25,25,337,malignant cell,0.24,25,0.48229012801575577,0.58627184665364,0.019912752409758958,0.49980112936976867,0.5637532311669129,-0.0175110013540129,-1,0.5177098719842442,0.5001988706302314,0.5679283604135894,0.017511001354012845
hvg_pca,baseline,0.3,c26_k50,50,337,malignant cell,0.12,50,0.4871522648941408,0.5725120362824112,0.04567431727629678,0.49593865398818315,0.5514370999507631,-0.008786389094042335,-1,0.5128477351058591,0.5040613460118168,0.5622568931560806,0.00878638909404228
hvg_pca,baseline,0.3,c26_k100,100,337,malignant cell,0.09,100,0.501400172328902,0.5761962711844857,0.07440486054564832,0.4956120753323486,0.546803452732644,0.005788096996553416,1,0.501400172328902,0.4956120753323486,0.546803452732644,0.005788096996553416
hvg_pca,baseline,0.3,c18_k25,25,292,mast cell,0.44,25,0.440715780403742,0.8571639781495202,0.2992778854981562,0.46449647648941406,0.5221919620876415,-0.02378069608567207,-1,0.559284219596258,0.5355035235105858,0.5927483382570162,0.023780696085672126
hvg_pca,baseline,0.3,c18_k50,50,292,mast cell,0.32,50,0.4388693993106844,0.7505997833190661,0.11241244254446318,0.4752046405711472,0.5345357890201872,-0.03633524126046278,-1,0.5611306006893155,0.5247953594288528,0.5817331363860166,0.036335241260462725
hvg_pca,baseline,0.3,c18_k100,100,292,mast cell,0.2,100,0.4442085179714426,0.7027975061850409,0.10655693676681627,0.46942939130969963,0.5201617122107336,-0.02522087333825701,-1,0.5557914820285574,0.5305706086903004,0.5812438453963564,0.025220873338257066
hvg_pca,baseline,0.3,c21_k25,25,284,exhausted T cell,1.0,25,0.5208487198424422,2.149711607784847,0.024678861014565706,0.46563992491383543,0.5200878569670113,0.05520879492860675,1,0.5208487198424422,0.46563992491383543,0.5200878569670113,0.05520879492860675
hvg_pca,baseline,0.3,c21_k50,50,284,exhausted T cell,0.96,50,0.5474366075824717,2.160707033550544,0.09452043589470838,0.4526698670605614,0.5091518956179222,0.09476674052191031,1,0.5474366075824717,0.4526698670605614,0.5091518956179222,0.09476674052191031
hvg_pca,baseline,0.3,c21_k100,100,284,exhausted T cell,0.79,100,0.5135401280157558,1.0629539003538317,0.914388773693403,0.4509971227227967,0.5000515448055145,0.06254300529295909,1,0.5135401280157558,0.4509971227227967,0.5000515448055145,0.06254300529295909
hvg_pca,baseline,0.3,c32_k25,25,276,malignant cell,1.0,25,0.4937530773018218,0.9340281568204966,0.8517585873206888,0.4642438300098474,0.5127738798621367,0.02950924729197435,-1,0.5062469226981783,0.5357561699901526,0.5968203778926636,-0.02950924729197435
hvg_pca,baseline,0.3,c32_k50,50,276,malignant cell,1.0,50,0.5407127031019202,1.5042375605820717,0.434571643640008,0.4528321947316593,0.5090965041851305,0.0878805083702609,1,0.5407127031019202,0.4528321947316593,0.5090965041851305,0.0878805083702609
hvg_pca,baseline,0.3,c32_k100,100,276,malignant cell,0.92,100,0.5128477351058592,1.0219128850822659,0.969681506074229,0.45091411250615465,0.500459287296898,0.061933622599704585,1,0.5128477351058592,0.45091411250615465,0.500459287296898,0.061933622599704585
hvg_pca,baseline,0.3,c4_k25,25,254,luminal epithelial cell of mammary gland,0.44,25,0.5202178729689808,0.7741730251675039,0.10481643438201815,0.4939786435253569,0.5591657434761201,0.02623922944362389,1,0.5202178729689808,0.4939786435253569,0.5591657434761201,0.02623922944362389
hvg_pca,baseline,0.3,c4_k50,50,254,luminal epithelial cell of mammary gland,0.28,50,0.5254492860659774,0.765118272173502,0.1617319958479446,0.4995931806991629,0.5471850381585426,0.025856105366814486,1,0.5254492860659774,0.4995931806991629,0.5471850381585426,0.025856105366814486
hvg_pca,baseline,0.3,c4_k100,100,254,luminal epithelial cell of mammary gland,0.19,100,0.5316192762186115,0.7521054379733201,0.1992400521244977,0.5015101089364845,0.5511724519940916,0.03010916728212698,1,0.5316192762186115,0.5015101089364845,0.5511724519940916,0.03010916728212698
hvg_pca,baseline,0.3,c24_k25,25,234,malignant cell,0.36,25,0.4197439684884293,0.622233784226566,0.0025765269988310465,0.49763432422452,0.5491922082717873,-0.07789035573609066,-1,0.5802560315115707,0.50236567577548,0.5662196885770556,0.07789035573609071
hvg_pca,baseline,0.3,c24_k50,50,234,malignant cell,0.32,50,0.41960548990645,0.6063529069757174,0.002896508688071552,0.496247307360906,0.5545290189561792,-0.07664181745445597,-1,0.5803945100935499,0.5037526926390941,0.5588772464303299,0.07664181745445586
hvg_pca,baseline,0.3,c24_k100,100,234,malignant cell,0.31,100,0.42434453471196454,0.550436351960132,0.0014544457688049704,0.49882093180699166,0.5536419867060561,-0.07447639709502712,-1,0.5756554652880355,0.5011790681930084,0.5523633677991137,0.07447639709502707
hvg_pca,baseline,0.3,c22_k25,25,209,malignant cell,1.0,25,0.4922605859182669,0.6831147483201502,0.2303168654055915,0.4779108197932054,0.5391932853274248,0.014349766125061503,-1,0.5077394140817331,0.5220891802067947,0.5818039143279172,-0.01434976612506167
hvg_pca,baseline,0.3,c22_k50,50,209,malignant cell,0.9,50,0.45056314623338256,0.47009790547249647,0.06236876873440505,0.46233890324963073,0.5136624507631709,-0.011775757016248167,-1,0.5494368537666174,0.5376610967503693,0.5842588318562285,0.011775757016248112
hvg_pca,baseline,0.3,c22_k100,100,209,malignant cell,0.87,100,0.4376538650910881,0.5061519735441715,0.1611775723954208,0.448250553914328,0.49803360413589365,-0.010596688823239886,-1,0.5623461349089118,0.551749446085672,0.5962541543574593,0.01059668882323983
hvg_pca,baseline,0.5,c7_k25,25,5060,macrophage,0.52,25,0.490845027080256,0.892768728348187,0.2908135978520171,0.4947307360905958,0.5570547144263909,-0.0038857090103397995,-1,0.509154972919744,0.5052692639094042,0.5637347673559823,0.0038857090103397995
hvg_pca,baseline,0.5,c7_k50,50,5060,macrophage,0.6,50,0.4866752831117676,0.9001979609052724,0.35738221603569464,0.4875511601427868,0.5471304160512064,-0.0008758770310192121,-1,0.5133247168882324,0.5124488398572131,0.575006923929099,0.0008758770310193231
hvg_pca,baseline,0.5,c7_k100,100,5060,macrophage,0.42,100,0.48842934515017233,0.9218571716293489,0.5360933475054107,0.4868790774249138,0.540001846381093,0.001550267725258514,-1,0.5115706548498277,0.5131209225750862,0.5676667897587395,-0.0015502677252585695
hvg_pca,baseline,0.5,c15_k25,25,4995,malignant cell,0.28,25,0.4202363367799114,0.624493999493776,0.001855868342332552,0.5098843703840472,0.566597427375677,-0.08964803360413581,-1,0.5797636632200887,0.49011562961595273,0.5541666666666666,0.08964803360413592
hvg_pca,baseline,0.5,c15_k50,50,4995,malignant cell,0.18,50,0.44259293451501724,0.6142726154311823,0.004492458197105402,0.5027504923682915,0.5595388663220089,-0.06015755785327426,-1,0.5574070654849828,0.4972495076317085,0.5502500307730182,0.06015755785327426
hvg_pca,baseline,0.5,c15_k100,100,4995,malignant cell,0.18,100,0.4408388724766125,0.6057600545884134,0.0059842024593327455,0.5121798067454456,0.5563630908419498,-0.07134093426883309,-1,0.5591611275233874,0.48782019325455445,0.5369507016248153,0.07134093426883298
hvg_pca,baseline,0.5,c8_k25,25,3943,"effector memory CD8-positive, alpha-beta T cell",0.0,25,0.4297913589364845,0.719239692174381,0.028909789494339314,0.48746453409650414,0.5493029911373707,-0.05767317516001963,-1,0.5702086410635154,0.5125354659034957,0.5710348966026587,0.057673175160019685
hvg_pca,baseline,0.5,c8_k50,50,3943,"effector memory CD8-positive, alpha-beta T cell",0.0,50,0.42754492860659776,0.689803385000934,0.017208056334303744,0.4884964303298867,0.5442869891678975,-0.06095150172328895,-1,0.5724550713934022,0.5115035696701132,0.5643571516494337,0.060951501723289
hvg_pca,baseline,0.5,c8_k100,100,3943,"effector memory CD8-positive, alpha-beta T cell",0.01,100,0.4258985721319547,0.693551857935207,0.016758581384958542,0.48444908604135895,0.5409104197439685,-0.058550513909404245,-1,0.5741014278680453,0.515550913958641,0.5618199162973904,0.058550513909404245
hvg_pca,baseline,0.5,c6_k25,25,3607,T cell,0.0,25,0.4504708271787297,0.7722745792876913,0.03561798149082334,0.483751000123092,0.5628061915312653,-0.03328017294436231,-1,0.5495291728212703,0.516248999876908,0.5728320408665682,0.03328017294436236
hvg_pca,baseline,0.5,c6_k50,50,3607,T cell,0.0,50,0.43533050221565733,0.7258859325097127,0.018135785186610163,0.4768173775233875,0.5297367368291481,-0.04148687530773015,-1,0.5646694977843427,0.5231826224766125,0.575045390201871,0.04148687530773021
hvg_pca,baseline,0.5,c6_k100,100,3607,T cell,0.01,100,0.4277911127523388,0.7037817869999381,0.015281475835595849,0.47495599458394877,0.5243822316592812,-0.047164881831609995,-1,0.5722088872476612,0.5250440054160512,0.5760855182176268,0.04716488183160994
hvg_pca,baseline,0.5,c3_k25,25,3014,fibroblast,0.96,25,0.494722427375677,1.078645260070524,0.47261582759989085,0.5098494430083703,0.5750015386509109,-0.015127015632693308,-1,0.505277572624323,0.49015055699162974,0.5552944977843427,0.015127015632693308
hvg_pca,baseline,0.5,c3_k50,50,3014,fibroblast,0.8,50,0.4981997784342688,1.0757770461616138,0.5042612713788777,0.5145094011570654,0.5588587826193993,-0.016309622722796624,-1,0.5018002215657311,0.4854905988429345,0.5377746491875923,0.016309622722796624
hvg_pca,baseline,0.5,c3_k100,100,3014,fibroblast,0.67,100,0.4934607336287543,1.0634287334489063,0.6131042325438769,0.5063643217626784,0.5545682545544067,-0.012903588133924115,-1,0.5065392663712457,0.49363567823732146,0.5420697932053176,0.012903588133924226
hvg_pca,baseline,0.5,c9_k25,25,2723,malignant cell,0.36,25,0.5034773510585918,1.0218878265267168,0.910348592455877,0.5019187746184146,0.569268525356967,0.0015585764401772062,1,0.5034773510585918,0.5019187746184146,0.569268525356967,0.0015585764401772062
hvg_pca,baseline,0.5,c9_k50,50,2723,malignant cell,0.28,50,0.4954302067946824,0.9308051883449829,0.7257238956304899,0.5075081548498277,0.5644740891186607,-0.012077948055145282,-1,0.5045697932053176,0.49249184515017236,0.538920944116199,0.012077948055145227
hvg_pca,baseline,0.5,c9_k100,100,2723,malignant cell,0.25,100,0.5189100196947316,1.0238927554570691,0.9094107377103442,0.5018483813392417,0.5511978397341211,0.017061638355489905,1,0.5189100196947316,0.5018483813392417,0.5511978397341211,0.017061638355489905
hvg_pca,baseline,0.5,c2_k25,25,2480,endothelial cell,0.76,25,0.4920913343180699,0.963774311560623,0.7437086405106109,0.5002896510339734,0.5592580625307729,-0.008198316715903486,-1,0.50790866568193,0.4997103489660266,0.5647825886262925,0.008198316715903431
hvg_pca,baseline,0.5,c2_k50,50,2480,endothelial cell,0.66,50,0.4815977351058592,0.957775912834908,0.7246714404517524,0.49431991629739047,0.5481397710487446,-0.01272218119153129,-1,0.5184022648941409,0.5056800837026095,0.5668413035450517,0.012722181191531345
hvg_pca,baseline,0.5,c2_k100,100,2480,endothelial cell,0.45,100,0.4798590595765633,0.9436726419735927,0.6759830531650828,0.48628446578040374,0.5410827486459873,-0.006425406203840467,-1,0.5201409404234367,0.5137155342195963,0.5626961779911374,0.006425406203840467
hvg_pca,baseline,0.5,c11_k25,25,1820,natural killer cell,0.2,25,0.44465472673559825,0.8419646227151052,0.0969389863943307,0.4603858936484491,0.5268571516494338,-0.01573116691285087,-1,0.5553452732644018,0.5396141063515509,0.5980105243722303,0.015731166912850814
hvg_pca,baseline,0.5,c11_k50,50,1820,natural killer cell,0.16,50,0.43559207287050716,0.7787454511983769,0.05301209835622976,0.4612790035696701,0.5103466580502215,-0.025686930699162946,-1,0.5644079271294928,0.5387209964303298,0.5941038897095028,0.025686930699163057
hvg_pca,baseline,0.5,c11_k100,100,1820,natural killer cell,0.09,100,0.4284988921713442,0.7808173168829756,0.06172731379493839,0.45013086225997045,0.4940638847858198,-0.021631970088626273,-1,0.5715011078286558,0.5498691377400295,0.5913150849335302,0.021631970088626273
hvg_pca,baseline,0.5,c20_k25,25,1758,"effector memory CD8-positive, alpha-beta T cell",0.0,25,0.5147095027080256,1.0162934431304707,0.9391272985099154,0.5002534158050221,0.5567154419005416,0.014456086903003484,1,0.5147095027080256,0.5002534158050221,0.5567154419005416,0.014456086903003484
hvg_pca,baseline,0.5,c20_k50,50,1758,"effector memory CD8-positive, alpha-beta T cell",0.04,50,0.4892602166420483,0.9985682830072027,0.9955093340403038,0.4996694977843427,0.5582379369768588,-0.010409281142294446,-1,0.5107397833579517,0.5003305022156573,0.5601958702609551,0.010409281142294335
hvg_pca,baseline,0.5,c20_k100,100,1758,"effector memory CD8-positive, alpha-beta T cell",0.06,100,0.449870753323486,0.8064200272423881,0.37903387989089565,0.4866731290004924,0.540003385032004,-0.03680237567700645,-1,0.550129246676514,0.5133268709995076,0.5654342072870506,0.036802375677006394
hvg_pca,baseline,0.5,c14_k25,25,1755,"CD4-positive, alpha-beta T cell",0.0,25,0.4421621122599705,0.75983975159426,0.04040008364090767,0.49335156634662725,0.5602135647464304,-0.05118945408665676,-1,0.5578378877400295,0.5066484336533728,0.5742291358936484,0.05118945408665676
hvg_pca,baseline,0.5,c14_k50,50,1755,"CD4-positive, alpha-beta T cell",0.0,50,0.44448547513540126,0.7608066143834725,0.04619008673580131,0.4837260739783358,0.5374784588872477,-0.039240598842934515,-1,0.5555145248645987,0.5162739260216642,0.5739621799606106,0.039240598842934515
hvg_pca,baseline,0.5,c14_k100,100,1755,"CD4-positive, alpha-beta T cell",0.01,100,0.4367306745445593,0.7120959444407631,0.026026114473058155,0.4855994583948794,0.5439100196947316,-0.04886878385032006,-1,0.5632693254554406,0.5144005416051206,0.56698670605613,0.04886878385032001
hvg_pca,baseline,0.5,c16_k25,25,1567,malignant cell,0.36,25,0.5377123338257016,0.8996666937503123,0.5321417470528909,0.5003087303052683,0.5520817946824225,0.03740360352043326,1,0.5377123338257016,0.5003087303052683,0.5520817946824225,0.03740360352043326
hvg_pca,baseline,0.5,c16_k50,50,1567,malignant cell,0.26,50,0.5317269817823732,0.8303379285003211,0.34086873893086056,0.49899964611029046,0.5544136201378631,0.03272733567208275,1,0.5317269817823732,0.49899964611029046,0.5544136201378631,0.03272733567208275
hvg_pca,baseline,0.5,c16_k100,100,1567,malignant cell,0.2,100,0.5459902757262433,0.8713976300729547,0.534563763443915,0.49679514401772523,0.5502177191038896,0.049195131708518025,1,0.5459902757262433,0.49679514401772523,0.5502177191038896,0.049195131708518025
hvg_pca,baseline,0.5,c35_k25,25,1517,malignant cell,0.4,25,0.5061084441161989,1.0306148957756003,0.8642157078321364,0.48177983444116196,0.5375300036927623,0.024328609675036972,1,0.5061084441161989,0.48177983444116196,0.5375300036927623,0.024328609675036972
hvg_pca,baseline,0.5,c35_k50,50,1517,malignant cell,0.3,50,0.5245568685376661,1.0763355002818162,0.7002081931560973,0.4843201470950271,0.5409781203840471,0.04023672144263907,1,0.5245568685376661,0.4843201470950271,0.5409781203840471,0.04023672144263907
hvg_pca,baseline,0.5,c35_k100,100,1517,malignant cell,0.2,100,0.539081733136386,1.0861811560153543,0.681607450514176,0.4937817731413097,0.5446854997538159,0.045299959995076244,1,0.539081733136386,0.4937817731413097,0.5446854997538159,0.045299959995076244
hvg_pca,baseline,0.5,c5_k25,25,1341,pericyte,0.72,25,0.4914143279172821,1.058767801732796,0.63168452770502,0.4953595057853275,0.5553329640571147,-0.00394517786804538,-1,0.5085856720827179,0.5046404942146726,0.565811946085672,0.003945177868045269
hvg_pca,baseline,0.5,c5_k50,50,1341,pericyte,0.62,50,0.4881831610044313,1.0414130295760973,0.7599420474158757,0.4975469288527819,0.5522125800098473,-0.00936376784835058,-1,0.5118168389955686,0.5024530711472182,0.555731474643033,0.009363767848350468
hvg_pca,baseline,0.5,c5_k100,100,1341,pericyte,0.52,100,0.4912758493353028,1.0626863871101953,0.6789047722179928,0.48906442331363864,0.5345781019202364,0.0022114260216641868,-1,0.5087241506646971,0.5109355766863614,0.5630985352043327,-0.0022114260216642423
hvg_pca,baseline,0.5,c1_k25,25,1245,IgG plasma cell,0.08,25,0.45239414081733137,0.7212647855039624,0.07582024452587667,0.47968565361890697,0.5447601243229935,-0.0272915128015756,-1,0.5476058591826687,0.5203143463810931,0.5801783296405711,0.0272915128015756
hvg_pca,baseline,0.5,c1_k50,50,1245,IgG plasma cell,0.06,50,0.44913220088626293,0.6604440514622375,0.046113663954328164,0.4678096534958149,0.5391171221073362,-0.018677452609551948,-1,0.5508677991137371,0.5321903465041852,0.5897518156080748,0.018677452609551892
hvg_pca,baseline,0.5,c1_k100,100,1245,IgG plasma cell,0.06,100,0.463472427375677,0.6839722206561313,0.11204663955881808,0.46477635709010345,0.51602658788774,-0.001303929714426444,-1,0.536527572624323,0.5352236429098965,0.5902187961595273,0.0013039297144264994
hvg_pca,baseline,0.5,c30_k25,25,1231,malignant cell,0.2,25,0.4670882570162482,0.6723436162137395,0.01409439728833877,0.5109935068931561,0.5641455871491876,-0.04390524987690797,-1,0.5329117429837518,0.48900649310684385,0.5431460795174791,0.043905249876907915
hvg_pca,baseline,0.5,c30_k50,50,1231,malignant cell,0.18,50,0.46965780403741997,0.6270881012819278,0.006639571444926649,0.5114274833825703,0.5600458517971443,-0.0417696793451503,-1,0.53034219596258,0.48857251661742984,0.5471673436730674,0.04176967934515019
hvg_pca,baseline,0.5,c30_k100,100,1231,malignant cell,0.15,100,0.4831363860167405,0.6507628418551792,0.01924991577903818,0.5028460425898572,0.5575886262924667,-0.019709656573116685,-1,0.5168636139832594,0.4971539574101428,0.5511470642540619,0.01970965657311663
hvg_pca,baseline,0.5,c13_k25,25,1155,memory B cell,0.4,25,0.4261293697685869,0.7145958658787995,0.013486794022546867,0.48690838872476616,0.5527511078286558,-0.060779018956179265,-1,0.5738706302314132,0.5130916112752338,0.5666128138847857,0.06077901895617932
hvg_pca,baseline,0.5,c13_k50,50,1155,memory B cell,0.2,50,0.43194547021171836,0.7057195614764892,0.01551303871923031,0.49211472181191523,0.5525657003938946,-0.06016925160019687,-1,0.5680545297882816,0.5078852781880847,0.5655396048744461,0.06016925160019693
hvg_pca,baseline,0.5,c13_k100,100,1155,memory B cell,0.15,100,0.4325917035942885,0.7053973926838278,0.022401869811461764,0.48965088010832103,0.5419513170851796,-0.05705917651403253,-1,0.5674082964057114,0.510349119891679,0.5608251784835055,0.05705917651403247
hvg_pca,baseline,0.5,c4_k25,25,1137,fibroblast,0.84,25,0.48395187099950765,1.0491209863071347,0.6348052273055387,0.5117830656080748,0.5653026526341703,-0.0278311946085672,-1,0.5160481290004924,0.4882169343919252,0.5450370814869522,0.027831194608567145
hvg_pca,baseline,0.5,c4_k50,50,1137,fibroblast,0.8,50,0.4948455194485475,1.075836971182103,0.4974769625588592,0.5142557545544068,0.5632939438700149,-0.019410235105859264,-1,0.5051544805514525,0.4857442454455933,0.5383747230428361,0.019410235105859208
hvg_pca,baseline,0.5,c4_k100,100,1137,fibroblast,0.61,100,0.4914912604628262,1.058583577107875,0.6398758269064515,0.5037163035450517,0.5493091457410142,-0.012225043082225495,-1,0.5085087395371738,0.4962836964549483,0.5511609121122599,0.012225043082225495
hvg_pca,baseline,0.5,c27_k25,25,638,malignant cell,0.28,25,0.41362013786312163,0.6995363670586288,0.014814095265509742,0.5021719596258002,0.5625015386509108,-0.08855182176267856,-1,0.5863798621368783,0.4978280403741999,0.5534411927621861,0.0885518217626784
hvg_pca,baseline,0.5,c27_k50,50,638,malignant cell,0.2,50,0.4113890940423437,0.6790176645020083,0.02155619724136454,0.5030766863613984,0.5540874261447563,-0.09168759231905466,-1,0.5886109059576563,0.4969233136386017,0.5525241568193009,0.0916875923190546
hvg_pca,baseline,0.5,c27_k100,100,638,malignant cell,0.18,100,0.4162512309207287,0.5927696364208077,0.006537748226859959,0.5073003600443132,0.5609198055145248,-0.09104912912358454,-1,0.5837487690792713,0.4926996399556869,0.5472950516986705,0.09104912912358443
hvg_pca,baseline,0.5,c42_k25,25,543,malignant cell,0.12,25,0.4566869768586903,0.7990715922818712,0.05104642685259281,0.5100352351058592,0.5733798005908419,-0.053348258247168934,-1,0.5433130231413097,0.48996476489414076,0.5474443008370261,0.053348258247168934
hvg_pca,baseline,0.5,c42_k50,50,543,malignant cell,0.12,50,0.4591949778434269,0.7786014811405021,0.05090499860859416,0.5036996091826687,0.5586310622845889,-0.04450463133924176,-1,0.5408050221565731,0.49630039081733135,0.548526741752831,0.04450463133924176
hvg_pca,baseline,0.5,c42_k100,100,543,malignant cell,0.16,100,0.46858074839980307,0.7787982689487949,0.10095278708026183,0.4941097365829641,0.5440215718857706,-0.025528988183161017,-1,0.531419251600197,0.5058902634170359,0.5579548252092565,0.025528988183161072
hvg_pca,baseline,0.5,c26_k25,25,542,malignant cell,0.96,25,0.46327240275726245,0.7705719793870646,0.47212469898529463,0.4738147002708025,0.5292689869522401,-0.010542297513540078,-1,0.5367275972427376,0.5261852997291975,0.5837049175283111,0.010542297513540078
hvg_pca,baseline,0.5,c26_k50,50,542,malignant cell,0.98,50,0.4530403741999015,0.7683587880216867,0.49752359891222353,0.4591343549975381,0.5118837703101919,-0.006093980797636567,-1,0.5469596258000985,0.5408656450024618,0.5928098842934515,0.006093980797636678
hvg_pca,baseline,0.5,c26_k100,100,542,malignant cell,0.84,100,0.4282988675529296,0.5935195056352661,0.2654850217828868,0.44674690731166905,0.4917512924667651,-0.018448039758739432,-1,0.5717011324470704,0.5532530926883309,0.5929291297390449,0.018448039758739543
hvg_pca,baseline,0.5,c39_k25,25,529,malignant cell,0.28,25,0.4194977843426883,0.5627037880219221,0.0011974966115538479,0.4971644971688823,0.5491160450516986,-0.07766671282619397,-1,0.5805022156573116,0.5028355028311177,0.5560576686361398,0.07766671282619397
hvg_pca,baseline,0.5,c39_k50,50,529,malignant cell,0.22,50,0.4509939684884293,0.5725411710077211,0.004379666249583252,0.4977344134662728,0.5514386386016741,-0.046740444977843465,-1,0.5490060315115707,0.5022655865337272,0.5563323178237322,0.046740444977843465
hvg_pca,baseline,0.5,c39_k100,100,529,malignant cell,0.19,100,0.4635955194485475,0.5902945423400073,0.008221792729002435,0.5014474089118661,0.5451947932053175,-0.03785188946331863,-1,0.5364044805514525,0.498552591088134,0.5535019694731659,0.03785188946331852
hvg_pca,baseline,0.5,c41_k25,25,506,malignant cell,0.16,25,0.4547175036927622,0.6144466332505505,0.013491556323500839,0.4982981751600197,0.5657088564746431,-0.04358067146725747,-1,0.5452824963072378,0.5017018248399804,0.5654665189561792,0.043580671467257415
hvg_pca,baseline,0.5,c41_k50,50,506,malignant cell,0.18,50,0.4448547513540128,0.6271321242459008,0.009209388846307688,0.49679745199409164,0.5553729689807976,-0.05194270064007883,-1,0.5551452486459871,0.5032025480059084,0.553336564500246,0.051942700640078776
hvg_pca,baseline,0.5,c41_k100,100,506,malignant cell,0.13,100,0.45679468242245197,0.6019084591725913,0.00863425940994465,0.5012828501969473,0.5550906265386509,-0.044488167774495324,-1,0.543205317577548,0.4987171498030527,0.5541058899556868,0.04448816777449527
hvg_pca,baseline,0.5,c40_k25,25,486,malignant cell,0.28,25,0.4866906696208764,0.903282323362571,0.4720267470426964,0.496546651895618,0.553992799113737,-0.009855982274741548,-1,0.5133093303791236,0.503453348104382,0.5616991322008863,0.009855982274741604
hvg_pca,baseline,0.5,c40_k50,50,486,malignant cell,0.18,50,0.5071854997538159,0.9959313714893572,0.9798702059724751,0.49539358690300345,0.552482613244707,0.011791912850812436,1,0.5071854997538159,0.49539358690300345,0.552482613244707,0.011791912850812436
hvg_pca,baseline,0.5,c40_k100,100,486,malignant cell,0.15,100,0.5237259970457903,1.0529605415674363,0.7778784601117072,0.49708356413096993,0.5505585302806499,0.026642432914820324,1,0.5237259970457903,0.49708356413096993,0.5505585302806499,0.026642432914820324
hvg_pca,baseline,0.5,c25_k25,25,443,malignant cell,0.08,25,0.434284219596258,0.8991220579686711,0.6317994271352341,0.5060497445839488,0.562578471196455,-0.07176552498769079,-1,0.565715780403742,0.49395025541605114,0.5518425344657804,0.0717655249876909
hvg_pca,baseline,0.5,c25_k50,50,443,malignant cell,0.1,50,0.4377154111275234,1.009401698375879,0.9739005799871536,0.5021757293205318,0.5537981597735105,-0.0644603181930084,-1,0.5622845888724766,0.4978242706794683,0.5514032496307237,0.06446031819300829
hvg_pca,baseline,0.5,c25_k100,100,443,malignant cell,0.11,100,0.439069423929099,1.0371542585083036,0.913844750227361,0.50374930760709,0.5470934884293451,-0.06467988367799105,-1,0.560930576070901,0.4962506923929098,0.5427929591334318,0.06467988367799121
hvg_pca,baseline,0.5,c23_k25,25,436,malignant cell,0.32,25,0.5053083456425406,0.9464081855967479,0.7519993807483538,0.5001726366322008,0.557753261939931,0.005135709010339773,1,0.5053083456425406,0.5001726366322008,0.557753261939931,0.005135709010339773
hvg_pca,baseline,0.5,c23_k50,50,436,malignant cell,0.34,50,0.5016925160019695,0.9549599837318771,0.8115275891545373,0.49085318193008376,0.5506762370753324,0.010839334071885753,1,0.5016925160019695,0.49085318193008376,0.5506762370753324,0.010839334071885753
hvg_pca,baseline,0.5,c23_k100,100,436,malignant cell,0.27,100,0.5114167897587395,1.0289290500497525,0.8974886138890681,0.4909338841703594,0.5472781265386509,0.020482905588380118,1,0.5114167897587395,0.4909338841703594,0.5472781265386509,0.020482905588380118
hvg_pca,baseline,0.5,c10_k25,25,425,malignant cell,0.24,25,0.4999230674544559,0.7380880243179752,0.09075156177669867,0.504751277080256,0.5670805637616937,-0.004828209625800106,-1,0.5000769325455441,0.495248722919744,0.5634570408665682,0.004828209625800106
hvg_pca,baseline,0.5,c10_k50,50,425,malignant cell,0.2,50,0.4648418266863614,0.6317683409116924,0.01891629210299942,0.5023428268094534,0.5626261693746922,-0.03750100012309199,-1,0.5351581733136386,0.4976571731905466,0.5511124446085671,0.03750100012309199
hvg_pca,baseline,0.5,c10_k100,100,425,malignant cell,0.19,100,0.45251723289020185,0.5616531492411164,0.011039015308844434,0.5039039420236336,0.5522633554899065,-0.051386709133431796,-1,0.5474827671097982,0.4960960579763663,0.5492152880354504,0.05138670913343185
hvg_pca,baseline,0.5,c37_k25,25,388,malignant cell,0.2,25,0.5622076563269326,1.0962412965923243,0.6254769822122532,0.49800467749876903,0.5562253815854259,0.06420297882816356,1,0.5622076563269326,0.49800467749876903,0.5562253815854259,0.06420297882816356
hvg_pca,baseline,0.5,c37_k50,50,388,malignant cell,0.14,50,0.5522218119153126,0.9362711349771456,0.727705822867952,0.4975090780403742,0.5607551698670606,0.05471273387493841,1,0.5522218119153126,0.4975090780403742,0.5607551698670606,0.05471273387493841
hvg_pca,baseline,0.5,c37_k100,100,388,malignant cell,0.08,100,0.5547913589364845,0.9415735704242837,0.7533039503224084,0.4963707840965042,0.5447193500738552,0.058420574839980255,1,0.5547913589364845,0.4963707840965042,0.5447193500738552,0.058420574839980255
hvg_pca,baseline,0.5,c0_k25,25,374,B cell,0.16,25,0.4403772772033481,0.7294953509245022,0.014265040192894426,0.4874496091826686,0.5505154480551452,-0.04707233197932048,-1,0.5596227227966519,0.5125503908173313,0.5710464364844904,0.04707233197932059
hvg_pca,baseline,0.5,c0_k50,50,374,B cell,0.08,50,0.4360228951255539,0.6973620279046175,0.011429380888691155,0.48434307299359913,0.5390878877400295,-0.04832017786804521,-1,0.5639771048744461,0.5156569270064009,0.5685268956179221,0.04832017786804521
hvg_pca,baseline,0.5,c0_k100,100,374,B cell,0.08,100,0.4407465534219596,0.6923914162124035,0.017518108957840978,0.4886885308961103,0.5391594350073855,-0.04794197747415069,-1,0.5592534465780403,0.5113114691038897,0.568439192516002,0.04794197747415063
hvg_pca,baseline,0.5,c12_k25,25,358,T cell,0.36,25,0.552529542097489,1.2194193728769012,0.14619138656628466,0.5039855674544559,0.5629054345150172,0.04854397464303306,1,0.552529542097489,0.5039855674544559,0.5629054345150172,0.04854397464303306
hvg_pca,baseline,0.5,c12_k50,50,358,T cell,0.24,50,0.5299883062530774,1.127901627944064,0.4257669713732787,0.4841346627277203,0.5460425898572132,0.045853643525357035,1,0.5299883062530774,0.4841346627277203,0.5460425898572132,0.045853643525357035
hvg_pca,baseline,0.5,c12_k100,100,358,T cell,0.17,100,0.5387278434268833,1.1813589510943723,0.3013127131549903,0.4772888970950271,0.5312576932545544,0.0614389463318562,1,0.5387278434268833,0.4772888970950271,0.5312576932545544,0.0614389463318562
hvg_pca,baseline,0.5,c21_k25,25,354,malignant cell,0.2,25,0.4090195716395864,0.6207018391849835,0.0010909539656388438,0.48547475073855245,0.5370845642540619,-0.07645517909896604,-1,0.5909804283604136,0.5145252492614476,0.5739098658296407,0.07645517909896604
hvg_pca,baseline,0.5,c21_k50,50,354,malignant cell,0.22,50,0.3995568685376662,0.5780800624072973,0.00087850867075277,0.49565869645494837,0.5541382016248153,-0.09610182791728217,-1,0.6004431314623337,0.5043413035450517,0.5621991937469226,0.09610182791728206
hvg_pca,baseline,0.5,c21_k100,100,354,malignant cell,0.18,100,0.40825024618414574,0.583486063446432,0.0015629054434587314,0.4933435653618907,0.5433914943377647,-0.08509331917774499,-1,0.5917497538158543,0.5066564346381094,0.556560807483998,0.08509331917774487
hvg_pca,baseline,0.5,c32_k25,25,346,malignant cell,0.6,25,0.4532711718365337,0.9543180395638303,0.7283516997853665,0.4922485844411621,0.5586395248645988,-0.03897741260462839,-1,0.5467288281634664,0.507751415558838,0.5678729689807976,0.03897741260462839
hvg_pca,baseline,0.5,c32_k50,50,346,malignant cell,0.48,50,0.44165435745937964,0.8958326582561592,0.46791418394176576,0.49425221565731164,0.5506539266371246,-0.052597858197932,-1,0.5583456425406204,0.5057477843426884,0.5761332163958641,0.052597858197931946
hvg_pca,baseline,0.5,c32_k100,100,346,malignant cell,0.39,100,0.44077732644017725,0.8348232240424807,0.27595726705409224,0.4906077671097981,0.5400218488429344,-0.049830440669620835,-1,0.5592226735598227,0.5093922328902019,0.5594465472673559,0.049830440669620835
hvg_pca,baseline,0.5,c38_k25,25,337,malignant cell,0.2,25,0.49341457410142786,0.611354238486198,0.0301104937121485,0.49771187223042834,0.5523979874446086,-0.004297298129000482,-1,0.5065854258985721,0.5022881277695717,0.562219196208764,0.004297298129000482
hvg_pca,baseline,0.5,c38_k50,50,337,malignant cell,0.12,50,0.4871522648941408,0.5725120362824112,0.04567431727629678,0.4969479320531758,0.5495253261939931,-0.00979566715903496,-1,0.5128477351058591,0.5030520679468242,0.5667482151649432,0.009795667159034904
hvg_pca,baseline,0.5,c38_k100,100,337,malignant cell,0.09,100,0.501400172328902,0.5761962711844858,0.07440486054564845,0.49825740091088133,0.5469527018709994,0.0031427714180206623,1,0.501400172328902,0.49825740091088133,0.5469527018709994,0.0031427714180206623
hvg_pca,baseline,0.5,c24_k25,25,292,mast cell,0.44,25,0.440715780403742,0.8571639781495202,0.2992778854981562,0.4654669036189069,0.5194862444608567,-0.024751123215164927,-1,0.559284219596258,0.5345330963810931,0.584678883554899,0.024751123215164816
hvg_pca,baseline,0.5,c24_k50,50,292,mast cell,0.32,50,0.4388693993106844,0.750599783319066,0.11241244254446357,0.46946447255046775,0.5302752646479566,-0.030595073239783332,-1,0.5611306006893155,0.5305355274495323,0.5877438761693746,0.030595073239783277
hvg_pca,baseline,0.5,c24_k100,100,292,mast cell,0.2,100,0.4442085179714426,0.7027975061850408,0.10655693676681625,0.4757614014032496,0.5262386139832594,-0.031552883431806955,-1,0.5557914820285574,0.5242385985967504,0.5765825024618414,0.031552883431807066
hvg_pca,baseline,0.5,c22_k25,25,291,malignant cell,0.24,25,0.45931806991629737,0.6277770381310546,0.01440533390629579,0.5029211287543082,0.5662327671097981,-0.0436030588380108,-1,0.5406819300837027,0.49707887124569183,0.5566215841949779,0.043603058838010855
hvg_pca,baseline,0.5,c22_k50,50,291,malignant cell,0.26,50,0.4625338503200394,0.5992314209420518,0.008726677094450578,0.49617576009354997,0.5506993168389955,-0.03364190977351056,-1,0.5374661496799606,0.50382423990645,0.5555299113737076,0.03364190977351067
hvg_pca,baseline,0.5,c22_k100,100,291,malignant cell,0.19,100,0.46604197439684886,0.5634167480613211,0.0048438585401233795,0.4970088626292467,0.5455517602166421,-0.03096688823239785,-1,0.5339580256031511,0.5029911373707533,0.5573878323485967,0.030966888232397793
hvg_pca,baseline,0.5,c28_k25,25,284,exhausted T cell,1.0,25,0.5208487198424422,2.149711607784847,0.024678861014565706,0.46406927006400794,0.5208017909896603,0.05677944977843424,1,0.5208487198424422,0.46406927006400794,0.5208017909896603,0.05677944977843424
hvg_pca,baseline,0.5,c28_k50,50,284,exhausted T cell,0.96,50,0.5474366075824717,2.160707033550544,0.09452043589470838,0.4579674421467257,0.5077417220580994,0.08946916543574601,1,0.5474366075824717,0.4579674421467257,0.5077417220580994,0.08946916543574601
hvg_pca,baseline,0.5,c28_k100,100,284,exhausted T cell,0.79,100,0.5135401280157558,1.0629539003538317,0.9143887736934032,0.4523757539389463,0.5029472858197932,0.06116437407680947,1,0.5135401280157558,0.4523757539389463,0.5029472858197932,0.06116437407680947
hvg_pca,baseline,0.5,c19_k25,25,277,malignant cell,0.44,25,0.5190177252584933,0.8809573094689669,0.4560342985033007,0.5022729720580995,0.5723204394387,0.016744753200393814,1,0.5190177252584933,0.5022729720580995,0.5723204394387,0.016744753200393814
hvg_pca,baseline,0.5,c19_k50,50,277,malignant cell,0.42,50,0.5105859182668636,0.8764078261122746,0.4973503012500786,0.4947222735105859,0.5482728643525356,0.015863644756277717,1,0.5105859182668636,0.4947222735105859,0.5482728643525356,0.015863644756277717
hvg_pca,baseline,0.5,c19_k100,100,277,malignant cell,0.34,100,0.5160327424913835,0.890423286337512,0.5605778109229133,0.48589703348104385,0.5319662419990152,0.030135709010339684,1,0.5160327424913835,0.48589703348104385,0.5319662419990152,0.030135709010339684
hvg_pca,baseline,0.5,c43_k25,25,276,malignant cell,1.0,25,0.4937530773018218,0.9340281568204966,0.8517585873206888,0.46352158727227966,0.5192531388478582,0.03023149002954212,-1,0.5062469226981783,0.5364784127277203,0.5882047021171837,-0.030231490029542063
hvg_pca,baseline,0.5,c43_k50,50,276,malignant cell,1.0,50,0.5407127031019202,1.5042375605820717,0.434571643640008,0.44949316838995573,0.5025110782865583,0.09121953471196448,1,0.5407127031019202,0.44949316838995573,0.5025110782865583,0.09121953471196448
hvg_pca,baseline,0.5,c43_k100,100,276,malignant cell,0.92,100,0.5128477351058592,1.021912885082266,0.9696815060742288,0.4469075424667651,0.49281526957163957,0.06594019263909412,1,0.5128477351058592,0.4469075424667651,0.49281526957163957,0.06594019263909412
hvg_pca,baseline,0.5,c31_k25,25,247,luminal epithelial cell of mammary gland,0.44,25,0.5248030526834072,0.7877172607386498,0.13592773490348375,0.4942692946824225,0.5556414635647464,0.030533758000984734,1,0.5248030526834072,0.4942692946824225,0.5556414635647464,0.030533758000984734
hvg_pca,baseline,0.5,c31_k50,50,247,luminal epithelial cell of mammary gland,0.28,50,0.5246184145741014,0.7560171363292848,0.1352492150072346,0.4990448824470704,0.5484505785327425,0.025573532127031007,1,0.5246184145741014,0.4990448824470704,0.5484505785327425,0.025573532127031007
hvg_pca,baseline,0.5,c31_k100,100,247,luminal epithelial cell of mammary gland,0.19,100,0.5316192762186115,0.7521054379733201,0.1992400521244977,0.5030789174052192,0.5536181376169375,0.02854035881339234,1,0.5316192762186115,0.5030789174052192,0.5536181376169375,0.02854035881339234
hvg_pca,baseline,0.5,c33_k25,25,235,malignant cell,0.36,25,0.4197439684884293,0.622233784226566,0.0025765269988310465,0.49379792897587393,0.552145648695224,-0.07405396048744461,-1,0.5802560315115707,0.5062020710241261,0.5669313146233383,0.07405396048744461
hvg_pca,baseline,0.5,c33_k50,50,235,malignant cell,0.32,50,0.41960548990645,0.6063529069757174,0.002896508688071552,0.49603943562284586,0.551134755046775,-0.07643394571639583,-1,0.5803945100935499,0.5039605643771542,0.5678237321516495,0.07643394571639572
hvg_pca,baseline,0.5,c33_k100,100,235,malignant cell,0.31,100,0.42596011816838997,0.5561318323098452,0.0016377959064928804,0.49807430145248643,0.5453209625800097,-0.07211418328409647,-1,0.57403988183161,0.5019256985475136,0.5491845150172328,0.07211418328409647
hvg_pca,baseline,0.5,c44_k25,25,235,malignant cell,0.2,25,0.5268956179222059,0.8933577943790683,0.5997246109991567,0.49613183161004426,0.555659927375677,0.03076378631216159,1,0.5268956179222059,0.49613183161004426,0.555659927375677,0.03076378631216159
hvg_pca,baseline,0.5,c44_k50,50,235,malignant cell,0.2,50,0.544528557360906,0.8680079900853485,0.5384522300413241,0.49571208764155583,0.5515740398818316,0.048816469719350164,1,0.544528557360906,0.49571208764155583,0.5515740398818316,0.048816469719350164
hvg_pca,baseline,0.5,c44_k100,100,235,malignant cell,0.14,100,0.5573147464303299,0.8745857576011842,0.596952578915665,0.49953778926637127,0.5461264463318563,0.05777695716395859,1,0.5573147464303299,0.49953778926637127,0.5461264463318563,0.05777695716395859
hvg_pca,baseline,0.5,c36_k25,25,211,mammary gland epithelial cell,0.2,25,0.5416205071393402,0.940630563028974,0.7400315033089968,0.5022587395371738,0.5644086964549483,0.039361767602166364,1,0.5416205071393402,0.5022587395371738,0.5644086964549483,0.039361767602166364
hvg_pca,baseline,0.5,c36_k50,50,211,mammary gland epithelial cell,0.16,50,0.547575086164451,0.9911345612102426,0.9671543599771562,0.5064969534711965,0.5579494399310684,0.041078132693254554,1,0.547575086164451,0.5064969534711965,0.5579494399310684,0.041078132693254554
hvg_pca,baseline,0.5,c36_k100,100,211,mammary gland epithelial cell,0.09,100,0.5562992368291482,0.980164568625597,0.9249794993840998,0.5066930545297883,0.5551406326932545,0.04960618229935987,1,0.5562992368291482,0.5066930545297883,0.5551406326932545,0.04960618229935987
hvg_pca,baseline,0.5,c29_k25,25,209,malignant cell,1.0,25,0.4922605859182669,0.6831147483201502,0.2303168654055915,0.4812587703101921,0.544390848104382,0.011001815608074783,-1,0.5077394140817331,0.518741229689808,0.5818108382570163,-0.011001815608074894
hvg_pca,baseline,0.5,c29_k50,50,209,malignant cell,0.9,50,0.45056314623338256,0.47009790547249647,0.06236876873440505,0.4665308037912358,0.5325255416051207,-0.015967657557853232,-1,0.5494368537666174,0.5334691962087642,0.5874899987690791,0.015967657557853232
hvg_pca,baseline,0.5,c29_k100,100,209,malignant cell,0.87,100,0.4376538650910881,0.5061519735441715,0.1611775723954208,0.4496708825701625,0.49260062776957164,-0.01201701747907441,-1,0.5623461349089118,0.5503291174298376,0.5857951747907435,0.012017017479074243
hvg_pca,baseline,1.0,c9_k25,25,3962,macrophage,0.56,25,0.4787512309207287,0.861384652791462,0.18051839968465494,0.49670744091580504,0.5582733259478089,-0.017956209995076355,-1,0.5212487690792713,0.503292559084195,0.5697016555883802,0.0179562099950763
hvg_pca,baseline,1.0,c9_k50,50,3962,macrophage,0.64,50,0.48521356474643035,0.9094152313754955,0.39804488005715355,0.4898199778434269,0.5483697993599211,-0.004606413096996553,-1,0.5147864352535696,0.5101800221565731,0.5691815915805022,0.004606413096996498
hvg_pca,baseline,1.0,c9_k100,100,3962,macrophage,0.48,100,0.4838287789266371,0.9271905081450136,0.5526478715045554,0.48004808284096506,0.5383124076809453,0.003780696085672053,-1,0.5161712210733629,0.519951917159035,0.5688138540128016,-0.0037806960856721084
hvg_pca,baseline,1.0,c10_k25,25,3750,"effector memory CD8-positive, alpha-beta T cell",0.0,25,0.4297913589364845,0.719239692174381,0.028909789494339314,0.4892956056129985,0.5519533173313638,-0.059504246676513994,-1,0.5702086410635154,0.5107043943870014,0.5665797328902018,0.059504246676513994
hvg_pca,baseline,1.0,c10_k50,50,3750,"effector memory CD8-positive, alpha-beta T cell",0.0,50,0.42754492860659776,0.689803385000934,0.017208056334303647,0.4913350104628262,0.551860998276711,-0.06379008185622842,-1,0.5724550713934022,0.5086649895371739,0.568556129985229,0.06379008185622836
hvg_pca,baseline,1.0,c10_k100,100,3750,"effector memory CD8-positive, alpha-beta T cell",0.0,100,0.42514463318562284,0.6899923684517656,0.015287442679483584,0.4824337610782865,0.5328071147218119,-0.05728912789266366,-1,0.5748553668143772,0.5175662389217135,0.5664766432791728,0.057289127892663716
hvg_pca,baseline,1.0,c12_k25,25,3464,T cell,0.0,25,0.4504708271787297,0.7722745792876913,0.03561798149082334,0.48186738367799115,0.5423806006893155,-0.03139655649926143,-1,0.5495291728212703,0.5181326163220088,0.577364137124569,0.03139655649926154
hvg_pca,baseline,1.0,c12_k50,50,3464,T cell,0.0,50,0.4370230182176268,0.729016729506637,0.02115597341024936,0.47943408419497785,0.539898756770064,-0.04241106597735106,-1,0.5629769817823732,0.5205659158050221,0.5779919066962088,0.042411065977351114
hvg_pca,baseline,1.0,c12_k100,100,3464,T cell,0.01,100,0.4294682422451994,0.7012545563807787,0.015808247572721958,0.4720355582225505,0.5219150049236829,-0.04256731597735108,-1,0.5705317577548006,0.5279644417774496,0.5758008677991138,0.04256731597735097
hvg_pca,baseline,1.0,c15_k25,25,2397,malignant cell,0.12,25,0.44677806499261447,0.6818050402295152,0.0086116518325266,0.5151209379615953,0.5664797205809945,-0.06834287296898084,-1,0.5532219350073855,0.48487906203840475,0.5476758677991138,0.06834287296898073
hvg_pca,baseline,1.0,c15_k50,50,2397,malignant cell,0.14,50,0.4460395125553914,0.6909698061020096,0.014952401728066451,0.5108712610782865,0.5589187900049236,-0.06483174852289508,-1,0.5539604874446086,0.4891287389217134,0.5418328409650419,0.0648317485228952
hvg_pca,baseline,1.0,c15_k100,100,2397,malignant cell,0.16,100,0.44788589364844905,0.6246337296499758,0.0068603556701270435,0.5067866814377154,0.5582063946331857,-0.058900787789266384,-1,0.5521141063515509,0.49321331856228456,0.5426421713441654,0.05890078778926633
hvg_pca,baseline,1.0,c2_k25,25,2266,endothelial cell,0.76,25,0.48836779911373707,0.9488834829484145,0.6314887380661007,0.49390740398818317,0.5467611398325948,-0.005539604874446102,-1,0.5116322008862629,0.5060925960118169,0.5658765694239292,0.005539604874446047
hvg_pca,baseline,1.0,c2_k50,50,2266,endothelial cell,0.66,50,0.4815977351058592,0.9577759128349081,0.7246714404517525,0.4955270648695224,0.5458233321024125,-0.013929329763663234,-1,0.5184022648941409,0.5044729351304775,0.5636409096504185,0.013929329763663345
hvg_pca,baseline,1.0,c2_k100,100,2266,endothelial cell,0.45,100,0.48064377154111276,0.9449190587540385,0.6845381743408469,0.48509501169374686,0.5395487136878385,-0.004451240152634095,-1,0.5193562284588873,0.5149049883062531,0.5651934084194977,0.004451240152634206
hvg_pca,baseline,1.0,c5_k25,25,2225,fibroblast,0.92,25,0.5067392909896603,1.1146151922678755,0.28793280076072414,0.5119440084933531,0.5704971381093057,-0.0052047175036927795,1,0.5067392909896603,0.5119440084933531,0.5704971381093057,-0.0052047175036927795
hvg_pca,baseline,1.0,c5_k50,50,2225,fibroblast,0.88,50,0.5035388970950271,1.1030526362955906,0.3807161629711525,0.5098922175036927,0.5613167774495322,-0.0063533204086656525,1,0.5035388970950271,0.5098922175036927,0.5613167774495322,-0.0063533204086656525
hvg_pca,baseline,1.0,c5_k100,100,2225,fibroblast,0.68,100,0.502554160512063,1.0999617276586395,0.4264354491157215,0.513135616691285,0.5602127954209749,-0.010581456179222015,1,0.502554160512063,0.513135616691285,0.5602127954209749,-0.010581456179222015
hvg_pca,baseline,1.0,c26_k25,25,2049,malignant cell,0.32,25,0.4333610290497292,0.7081679690594151,0.010482029224185585,0.502282819423929,0.5599758431806992,-0.06892179037419988,-1,0.5666389709502708,0.49771718057607095,0.5560599766125062,0.06892179037419988
hvg_pca,baseline,1.0,c26_k50,50,2049,malignant cell,0.24,50,0.42743722304283605,0.6843820946954944,0.01135946666904303,0.5084360382816346,0.562473842934515,-0.0809988152387986,-1,0.572562776957164,0.49156396171836536,0.5429429775972427,0.0809988152387986
hvg_pca,baseline,1.0,c26_k100,100,2049,malignant cell,0.2,100,0.4274833825701625,0.6624262020000006,0.014765650104238116,0.5142797575086164,0.5609028803545051,-0.08679637493845394,-1,0.5725166174298375,0.48572024249138357,0.5303968180699163,0.08679637493845394
hvg_pca,baseline,1.0,c14_k25,25,1855,natural killer cell,0.2,25,0.4405773018217627,0.833346642992824,0.08705133055423939,0.4589721042589857,0.5114852597242737,-0.018394802437223023,-1,0.5594226981782373,0.5410278957410143,0.5886501415558838,0.018394802437223023
hvg_pca,baseline,1.0,c14_k50,50,1855,natural killer cell,0.16,50,0.4346227227966519,0.7756999606154704,0.04854180810839802,0.4620950270802561,0.5088357028557361,-0.027472304283604254,-1,0.5653772772033481,0.5379049729197439,0.5822355059084194,0.027472304283604143
hvg_pca,baseline,1.0,c14_k100,100,1855,natural killer cell,0.09,100,0.42825270802560317,0.7759540512439017,0.06062980259104277,0.44955163712456914,0.4964126354012801,-0.02129892909896597,-1,0.5717472919743969,0.5504483628754308,0.5979058961102905,0.021298929098966135
hvg_pca,baseline,1.0,c29_k25,25,1737,"effector memory CD8-positive, alpha-beta T cell",0.0,25,0.5147095027080256,1.0162934431304707,0.9391272985099155,0.5031406173067454,0.5601266309699655,0.011568885401280204,1,0.5147095027080256,0.5031406173067454,0.5601266309699655,0.011568885401280204
hvg_pca,baseline,1.0,c29_k50,50,1737,"effector memory CD8-positive, alpha-beta T cell",0.04,50,0.48604443623830623,1.0055964467970981,0.9822373391103636,0.49854320531757756,0.5548113613983259,-0.012498769079271332,-1,0.5139555637616937,0.5014567946824225,0.56284927375677,0.012498769079271166
hvg_pca,baseline,1.0,c29_k100,100,1737,"effector memory CD8-positive, alpha-beta T cell",0.06,100,0.4494245445593304,0.8162863260834243,0.40744731078608365,0.48070239414081734,0.5292605243722304,-0.03127784958148694,-1,0.5505754554406697,0.5192976058591827,0.5675113860167404,0.03127784958148694
hvg_pca,baseline,1.0,c43_k25,25,1518,malignant cell,0.4,25,0.5061084441161989,1.0306148957756003,0.8642157078321366,0.48316931314623335,0.5506177683407188,0.022939130969965582,1,0.5061084441161989,0.48316931314623335,0.5506177683407188,0.022939130969965582
hvg_pca,baseline,1.0,c43_k50,50,1518,malignant cell,0.3,50,0.5245568685376661,1.0763355002818165,0.7002081931560971,0.48286958394879376,0.5401441715903496,0.041687284588872386,1,0.5245568685376661,0.48286958394879376,0.5401441715903496,0.041687284588872386
hvg_pca,baseline,1.0,c43_k100,100,1518,malignant cell,0.2,100,0.539081733136386,1.0861811560153543,0.6816074505141761,0.4948325947808961,0.5449147587395371,0.04424913835548988,1,0.539081733136386,0.4948325947808961,0.5449147587395371,0.04424913835548988
hvg_pca,baseline,1.0,c20_k25,25,1443,malignant cell,0.28,25,0.5424513786312162,1.2106656584995568,0.267687975239003,0.5023235936730674,0.5622668943870015,0.04012778495814873,1,0.5424513786312162,0.5023235936730674,0.5622668943870015,0.04012778495814873
hvg_pca,baseline,1.0,c20_k50,50,1443,malignant cell,0.3,50,0.5354966765140325,1.228830437249731,0.2303137761026656,0.501038743229936,0.5581386939931069,0.03445793328409652,1,0.5354966765140325,0.501038743229936,0.5581386939931069,0.03445793328409652
hvg_pca,baseline,1.0,c20_k100,100,1443,malignant cell,0.28,100,0.5404972919743969,1.2084232308124538,0.31966506719133986,0.4990221104135893,0.543839241752831,0.041475181560807595,1,0.5404972919743969,0.4990221104135893,0.543839241752831,0.041475181560807595
hvg_pca,baseline,1.0,c6_k25,25,1342,pericyte,0.72,25,0.4914143279172821,1.058767801732796,0.63168452770502,0.5020357120876416,0.5561022895125554,-0.010621384170359516,-1,0.5085856720827179,0.4979642879123584,0.5588464734121124,0.01062138417035946
hvg_pca,baseline,1.0,c6_k50,50,1342,pericyte,0.62,50,0.4881831610044313,1.0414130295760973,0.7599420474158761,0.4946725750861644,0.5506793143771541,-0.006489414081733091,-1,0.5118168389955686,0.5053274249138354,0.5621322624322994,0.0064894140817332024
hvg_pca,baseline,1.0,c6_k100,100,1342,pericyte,0.52,100,0.4912758493353028,1.0626863871101953,0.678904772217993,0.4877496461102905,0.536422944362383,0.0035262032250123476,-1,0.5087241506646971,0.5122503538897095,0.5582502461841456,-0.003526203225012403
hvg_pca,baseline,1.0,c22_k25,25,1323,"CD4-positive, alpha-beta T cell",0.0,25,0.4262216888232398,0.7254234087847106,0.020036638639513785,0.49448932176267846,0.5498345950270801,-0.06826763293943866,-1,0.5737783111767603,0.5055106782373214,0.5699932299359921,0.06826763293943883
hvg_pca,baseline,1.0,c22_k50,50,1323,"CD4-positive, alpha-beta T cell",0.0,50,0.43706917774495324,0.7380660808598642,0.03326971640829585,0.4880713010832103,0.5475043082225504,-0.051002123338257044,-1,0.5629308222550468,0.5119286989167898,0.5782227043328408,0.05100212333825693
hvg_pca,baseline,1.0,c22_k100,100,1323,"CD4-positive, alpha-beta T cell",0.0,100,0.4359921221073363,0.6893474331031363,0.01849602793275777,0.48262663096996555,0.5342411373707533,-0.046634508862629265,-1,0.5640078778926637,0.5173733690300345,0.5688161619891678,0.04663450886262921
hvg_pca,baseline,1.0,c4_k25,25,1237,fibroblast,0.8,25,0.4727504923682915,1.0056201487961243,0.9585230225475743,0.5121701132447071,0.5663427806499262,-0.039419620876415595,-1,0.5272495076317085,0.487829886755293,0.5454655957656327,0.03941962087641554
hvg_pca,baseline,1.0,c4_k50,50,1237,fibroblast,0.78,50,0.4674729197439685,0.9565976278008635,0.70835150105318,0.5067966057360906,0.5671967319054653,-0.03932368599212216,-1,0.5325270802560316,0.49320339426390936,0.5574009108813393,0.039323685992122215
hvg_pca,baseline,1.0,c4_k100,100,1237,fibroblast,0.66,100,0.46982705563761695,0.9855886322423054,0.908401591417632,0.5001464026341703,0.5467488306253077,-0.030319346996553365,-1,0.530172944362383,0.4998535973658296,0.5580440669620876,0.03031934699655342
hvg_pca,baseline,1.0,c16_k25,25,1175,malignant cell,0.32,25,0.5304037419990153,0.857244302187478,0.41758691287327143,0.5024386847612015,0.5676721750369276,0.02796505723781384,1,0.5304037419990153,0.5024386847612015,0.5676721750369276,0.02796505723781384
hvg_pca,baseline,1.0,c16_k50,50,1175,malignant cell,0.3,50,0.531911619891679,0.8142152123175022,0.3047248647536517,0.5032794805514524,0.5535604382077793,0.02863213934022657,1,0.531911619891679,0.5032794805514524,0.5535604382077793,0.02863213934022657
hvg_pca,baseline,1.0,c16_k100,100,1175,malignant cell,0.18,100,0.5363121614967996,0.7997498793127507,0.3158653232524593,0.5017983751846381,0.5535512063023141,0.03451378631216151,1,0.5363121614967996,0.5017983751846381,0.5535512063023141,0.03451378631216151
hvg_pca,baseline,1.0,c1_k25,25,1114,IgG plasma cell,0.08,25,0.441454332840965,0.6848381578694476,0.0421648401686433,0.4822195039389463,0.5402826501723289,-0.04076517109798128,-1,0.558545667159035,0.5177804960610537,0.5788404726735599,0.04076517109798128
hvg_pca,baseline,1.0,c1_k50,50,1114,IgG plasma cell,0.06,50,0.44754739044805514,0.6770325361137263,0.06040174199289068,0.4740121091826686,0.535542836041359,-0.02646471873461348,-1,0.5524526095519449,0.5259878908173313,0.5828363490891186,0.026464718734613535
hvg_pca,baseline,1.0,c1_k100,100,1114,IgG plasma cell,0.06,100,0.4571331856228459,0.6417193223940442,0.07001573168283463,0.46406319239290994,0.5151203225012309,-0.006930006770064057,-1,0.5428668143771541,0.5359368076070901,0.5839180206794683,0.006930006770064057
hvg_pca,baseline,1.0,c8_k25,25,1084,myeloid cell,0.48,25,0.5086779911373708,0.9024767191809415,0.3973684723843106,0.49507885585918265,0.5508585672082718,0.013599135278188124,1,0.5086779911373708,0.49507885585918265,0.5508585672082718,0.013599135278188124
hvg_pca,baseline,1.0,c8_k50,50,1084,myeloid cell,0.38,50,0.5013232397833579,0.8868292149866325,0.3714198238279025,0.497295821024126,0.5580371430329887,0.004027418759231904,1,0.5013232397833579,0.497295821024126,0.5580371430329887,0.004027418759231904
hvg_pca,baseline,1.0,c8_k100,100,1084,myeloid cell,0.31,100,0.49899987690792713,0.9020349914078147,0.46840844491876665,0.49297482767109796,0.54354920605613,0.006025049236829172,-1,0.5010001230920729,0.507025172328902,0.5643686915312653,-0.006025049236829116
hvg_pca,baseline,1.0,c7_k25,25,1071,memory B cell,0.36,25,0.42625246184145743,0.7102330886402463,0.010920642644410969,0.49276918697685873,0.5495168636139832,-0.0665167251354013,-1,0.5737475381585426,0.5072308130231413,0.568883093303791,0.0665167251354013
hvg_pca,baseline,1.0,c7_k50,50,1071,memory B cell,0.2,50,0.4339457163958641,0.7127142462243152,0.01765206122625377,0.494232751723289,0.5508508739537172,-0.06028703532742491,-1,0.5660542836041359,0.505767248276711,0.5594265448055145,0.060287035327424854
hvg_pca,baseline,1.0,c7_k100,100,1071,memory B cell,0.13,100,0.432222427375677,0.7043700911461276,0.019835249394555363,0.488676606351551,0.5367091334318069,-0.056454178975874014,-1,0.567777572624323,0.5113233936484491,0.5613821701132446,0.0564541789758739
hvg_pca,baseline,1.0,c18_k25,25,1015,malignant cell,0.48,25,0.5567916051206302,1.1908087303865391,0.11887341920985005,0.4907687099950763,0.5659442700640078,0.06602289512555387,1,0.5567916051206302,0.4907687099950763,0.5659442700640078,0.06602289512555387
hvg_pca,baseline,1.0,c18_k50,50,1015,malignant cell,0.38,50,0.5683930329886755,1.2276305828871563,0.09505642773136015,0.4931505416051206,0.5523772156573117,0.07524249138355488,1,0.5683930329886755,0.4931505416051206,0.5523772156573117,0.07524249138355488
hvg_pca,baseline,1.0,c18_k100,100,1015,malignant cell,0.25,100,0.5683622599704579,1.251789872812751,0.0873872577964844,0.49174383000984734,0.5484698116691284,0.07661842996061052,1,0.5683622599704579,0.49174383000984734,0.5484698116691284,0.07661842996061052
hvg_pca,baseline,1.0,c33_k25,25,969,malignant cell,0.32,25,0.4453163466272772,0.7036538898728025,0.03973500247768423,0.5024586102904973,0.5607774803052683,-0.057142263663220116,-1,0.5546836533727229,0.4975413897095027,0.5563738613983258,0.05714226366322017
hvg_pca,baseline,1.0,c33_k50,50,969,malignant cell,0.2,50,0.4658881093057607,0.6579820738845555,0.02272786912622544,0.5117437530773019,0.561546805760709,-0.04585564377154122,-1,0.5341118906942393,0.48825624692269814,0.5424159896602658,0.04585564377154111
hvg_pca,baseline,1.0,c33_k100,100,969,malignant cell,0.14,100,0.47305822255046776,0.646977597410015,0.019848702419554727,0.5042035942885278,0.5528218857705562,-0.031145371738060035,-1,0.5269417774495322,0.49579640571147215,0.5475135401280157,0.031145371738060035
hvg_pca,baseline,1.0,c21_k25,25,841,mammary gland epithelial cell,0.24,25,0.5316346627277203,0.8877739167522332,0.4651155286545915,0.5067833733382571,0.5694193131462333,0.024851289389463238,1,0.5316346627277203,0.5067833733382571,0.5694193131462333,0.024851289389463238
hvg_pca,baseline,1.0,c21_k50,50,841,mammary gland epithelial cell,0.26,50,0.5240183407188577,0.8465000179360335,0.3835041068235878,0.5004699039881831,0.5607905588380108,0.023548436730674527,1,0.5240183407188577,0.5004699039881831,0.5607905588380108,0.023548436730674527
hvg_pca,baseline,1.0,c21_k100,100,841,mammary gland epithelial cell,0.18,100,0.5194793205317577,0.8115575994980465,0.3349465761881731,0.494862136878385,0.5486321393402265,0.02461718365337273,1,0.5194793205317577,0.494862136878385,0.5486321393402265,0.02461718365337273
hvg_pca,baseline,1.0,c27_k25,25,775,fibroblast,0.96,25,0.5045697932053176,1.1189293693390565,0.26410051685335995,0.5039547944362383,0.5614060192023633,0.0006149987690793335,1,0.5045697932053176,0.5039547944362383,0.5614060192023633,0.0006149987690793335
hvg_pca,baseline,1.0,c27_k50,50,775,fibroblast,0.76,50,0.4981997784342688,1.0986047092330578,0.3777697433853393,0.5164761816838995,0.5708364106351551,-0.0182764032496307,-1,0.5018002215657311,0.4835238183161005,0.5349281450024619,0.018276403249630646
hvg_pca,baseline,1.0,c27_k100,100,775,fibroblast,0.61,100,0.4983998030526834,1.0937403539742259,0.4621385119583802,0.5052001015509602,0.5529795974889217,-0.006800298498276791,-1,0.5016001969473166,0.4947998984490398,0.538310099704579,0.006800298498276791
hvg_pca,baseline,1.0,c38_k25,25,656,malignant cell,0.52,25,0.4368076070901034,0.8156322017127052,0.1829543867726925,0.49482351674052194,0.5553960487444608,-0.05801590965041853,-1,0.5631923929098965,0.5051764832594781,0.5677706486952241,0.058015909650418473
hvg_pca,baseline,1.0,c38_k50,50,656,malignant cell,0.5,50,0.44580871491875923,0.8439817976527532,0.3132083469115412,0.48973081302314125,0.5460010462826193,-0.043922098104382024,-1,0.5541912850812407,0.5102691869768587,0.568081456179222,0.04392209810438197
hvg_pca,baseline,1.0,c38_k100,100,656,malignant cell,0.37,100,0.4462549236829148,0.8239421151420583,0.31049872329667316,0.48881662358444117,0.5487975443131462,-0.04256169990152636,-1,0.5537450763170852,0.5111833764155588,0.5661989167897586,0.04256169990152647
hvg_pca,baseline,1.0,c47_k25,25,559,malignant cell,0.16,25,0.4247445839487937,0.6191794193837805,0.011450064530449285,0.5081559268833087,0.5767455994583949,-0.08341134293451496,-1,0.5752554160512062,0.4918440731166913,0.556262309207287,0.08341134293451491
hvg_pca,baseline,1.0,c47_k50,50,559,malignant cell,0.22,50,0.4136047513540128,0.5596300149982367,0.010531515275741643,0.500762863121615,0.5507331671590349,-0.08715811176760219,-1,0.5863952486459871,0.499237136878385,0.5489244830132939,0.08715811176760213
hvg_pca,baseline,1.0,c47_k100,100,559,malignant cell,0.2,100,0.42848350566223536,0.5497602323376661,0.01577944918638014,0.5017731413096996,0.5523972181191531,-0.07328963564746427,-1,0.5715164943377646,0.49822685869030037,0.5535565915805022,0.07328963564746427
hvg_pca,baseline,1.0,c51_k25,25,543,malignant cell,0.12,25,0.4566869768586903,0.7990715922818712,0.05104642685259281,0.5045687161496799,0.553849704579025,-0.0478817392909896,-1,0.5433130231413097,0.49543128385032004,0.555537604628262,0.047881739290989656
hvg_pca,baseline,1.0,c51_k50,50,543,malignant cell,0.12,50,0.4591949778434269,0.7786014811405021,0.05090499860859409,0.49983344103889704,0.5546967319054653,-0.040638463195470154,-1,0.5408050221565731,0.500166558961103,0.5535758247168883,0.040638463195470154
hvg_pca,baseline,1.0,c51_k100,100,543,malignant cell,0.16,100,0.46858074839980307,0.7787982689487949,0.10095278708026123,0.4917092103643526,0.5391517417528311,-0.02312846196454954,-1,0.531419251600197,0.5082907896356474,0.5626792528311175,0.02312846196454954
hvg_pca,baseline,1.0,c44_k25,25,531,malignant cell,0.28,25,0.4194977843426883,0.5627037880219221,0.0011974966115538442,0.49572147341211226,0.5516778988183161,-0.07622368906942395,-1,0.5805022156573116,0.5042785265878877,0.5603935869030034,0.0762236890694239
hvg_pca,baseline,1.0,c44_k50,50,531,malignant cell,0.22,50,0.44362383062530775,0.5689814422011702,0.003810619424655298,0.4952120260955194,0.5542743722304283,-0.05158819547021165,-1,0.5563761693746923,0.5047879739044806,0.5612244583948793,0.05158819547021165
hvg_pca,baseline,1.0,c44_k100,100,531,malignant cell,0.19,100,0.46224150664697194,0.5895667355645874,0.008409899000433946,0.5007415528064992,0.5448085918266863,-0.03850004615952729,-1,0.537758493353028,0.49925844719350077,0.5429860598227474,0.03850004615952729
hvg_pca,baseline,1.0,c48_k25,25,506,malignant cell,0.16,25,0.4547175036927622,0.6144466332505506,0.013491556323500834,0.5021934238060068,0.5612906203840472,-0.04747592011324464,-1,0.5452824963072378,0.49780657619399304,0.5600627769571639,0.04747592011324475
hvg_pca,baseline,1.0,c48_k50,50,506,malignant cell,0.18,50,0.4448547513540128,0.6271321242459009,0.009209388846307693,0.49308230243722306,0.5548752154111275,-0.04822755108321025,-1,0.5551452486459871,0.5069176975627769,0.5612852351058591,0.048227551083210196
hvg_pca,baseline,1.0,c48_k100,100,506,malignant cell,0.13,100,0.45679468242245197,0.6019084591725913,0.00863425940994468,0.5025140786558346,0.5501738675529296,-0.04571939623338267,-1,0.543205317577548,0.4974859213441654,0.5536466026587888,0.04571939623338256
hvg_pca,baseline,1.0,c45_k25,25,489,malignant cell,0.28,25,0.48558284096504184,0.9043879210870213,0.48417845790810066,0.49255831486952245,0.5555676083210241,-0.006975473904480611,-1,0.5144171590349582,0.5074416851304775,0.5627777264894142,0.006975473904480722
hvg_pca,baseline,1.0,c45_k50,50,489,malignant cell,0.18,50,0.5071854997538159,0.9959313714893572,0.9798702059724755,0.4943649987690793,0.5583517971442639,0.012820500984736583,1,0.5071854997538159,0.4943649987690793,0.5583517971442639,0.012820500984736583
hvg_pca,baseline,1.0,c45_k100,100,489,malignant cell,0.15,100,0.5243876169374693,1.0598105302746277,0.7480658595735634,0.4999832287050714,0.5497245814869522,0.024404388232397878,1,0.5243876169374693,0.4999832287050714,0.5497245814869522,0.024404388232397878
hvg_pca,baseline,1.0,c11_k25,25,456,malignant cell,0.08,25,0.434284219596258,0.8991220579686712,0.6317994271352345,0.5045603305022156,0.5647341211225997,-0.07027611090595759,-1,0.565715780403742,0.49543966949778434,0.5484051883308715,0.0702761109059577
hvg_pca,baseline,1.0,c11_k50,50,456,malignant cell,0.1,50,0.4377154111275234,1.009401698375879,0.9739005799871537,0.5044876292466765,0.5558091765140324,-0.06677221811915307,-1,0.5622845888724766,0.49551237075332355,0.5480228335795174,0.06677221811915302
hvg_pca,baseline,1.0,c11_k100,100,456,malignant cell,0.1,100,0.44827055637616936,1.1100399364169264,0.7610788103798547,0.4979283604135894,0.5500938577055637,-0.04965780403742004,-1,0.5517294436238307,0.5020716395864107,0.5575686238306253,0.04965780403742004
hvg_pca,baseline,1.0,c17_k25,25,444,malignant cell,0.24,25,0.41446639586410633,0.6487015899740162,0.011231806262522516,0.5096711903003447,0.5672705871491875,-0.09520479443623836,-1,0.5855336041358936,0.4903288096996553,0.55160635155096,0.0952047944362383
hvg_pca,baseline,1.0,c17_k50,50,444,malignant cell,0.18,50,0.41369707040866566,0.6249609630594135,0.007690096528017824,0.5049950763170852,0.5563423190546528,-0.09129800590841952,-1,0.5863029295913343,0.4950049236829149,0.5530249876907927,0.09129800590841947
hvg_pca,baseline,1.0,c17_k100,100,444,malignant cell,0.11,100,0.4087580009847366,0.5710159475056874,0.0025280553591734813,0.5096977320285574,0.55116091211226,-0.10093973104382081,-1,0.5912419990152634,0.49030226797144266,0.5370891802067946,0.10093973104382076
hvg_pca,baseline,1.0,c49_k25,25,440,malignant cell,0.2,25,0.4952609551944855,0.7576454030454132,0.11878232944527127,0.5066744368537666,0.5630492983751847,-0.011413481659281077,-1,0.5047390448055145,0.4933255631462334,0.5444654726735598,0.011413481659281077
hvg_pca,baseline,1.0,c49_k50,50,440,malignant cell,0.2,50,0.4698578286558346,0.651057356456388,0.02575994989739172,0.5081516186607583,0.5596350320039389,-0.03829379000492372,-1,0.5301421713441654,0.4918483813392418,0.5447470457902511,0.03829379000492361
hvg_pca,baseline,1.0,c49_k100,100,440,malignant cell,0.19,100,0.46004123584441164,0.5818846414470459,0.018908843054943957,0.5044573178237322,0.5543951563269325,-0.04441608197932051,-1,0.5399587641555883,0.49554268217626785,0.5419190054160512,0.044416081979320454
hvg_pca,baseline,1.0,c24_k25,25,437,malignant cell,0.32,25,0.5053083456425406,0.9464081855967479,0.7519993807483538,0.4999308376415559,0.5533988798621369,0.005377508000984688,1,0.5053083456425406,0.4999308376415559,0.5533988798621369,0.005377508000984688
hvg_pca,baseline,1.0,c24_k50,50,437,malignant cell,0.34,50,0.5016925160019695,0.9549599837318771,0.8115275891545373,0.4954159742737568,0.5604105120630231,0.006276541728212737,1,0.5016925160019695,0.4954159742737568,0.5604105120630231,0.006276541728212737
hvg_pca,baseline,1.0,c24_k100,100,437,malignant cell,0.27,100,0.5114167897587395,1.0289290500497525,0.8974886138890683,0.49126954086656816,0.5447447378138848,0.020147248892171343,1,0.5114167897587395,0.49126954086656816,0.5447447378138848,0.020147248892171343
hvg_pca,baseline,1.0,c30_k25,25,405,malignant cell,0.96,25,0.46682668636139835,0.7854689291572382,0.49796931263478195,0.47427868045297883,0.5304168205317578,-0.007451994091580483,-1,0.5331733136386017,0.5257213195470212,0.5833333333333333,0.007451994091580483
hvg_pca,baseline,1.0,c30_k50,50,405,malignant cell,0.98,50,0.4582871738060069,0.7711147418332135,0.5219658529360841,0.45744183899556873,0.5098335179714427,0.0008453348104381919,-1,0.5417128261939931,0.5425581610044312,0.5880216026587888,-0.0008453348104381364
hvg_pca,baseline,1.0,c30_k100,100,405,malignant cell,0.84,100,0.4316685130477597,0.5953075414204124,0.2784285377946219,0.44626153988183165,0.4907819423929099,-0.014593026834071932,-1,0.5683314869522402,0.5537384601181684,0.5913173929098966,0.01459302683407182
hvg_pca,baseline,1.0,c0_k25,25,393,B cell,0.16,25,0.4403772772033481,0.7294953509245022,0.014265040192894464,0.48747345827178734,0.5516548190546529,-0.047096181068439213,-1,0.5596227227966519,0.5125265417282127,0.5757985598227474,0.04709618106843927
hvg_pca,baseline,1.0,c0_k50,50,393,B cell,0.08,50,0.4396387247661251,0.7097973708982664,0.014008882783397812,0.48886916851304774,0.547594319300837,-0.04923044374692265,-1,0.5603612752338749,0.5111308314869523,0.5670259416543575,0.04923044374692265
hvg_pca,baseline,1.0,c0_k100,100,393,B cell,0.08,100,0.43960795174790745,0.6913437054533806,0.01562691694089256,0.48688215472673557,0.5352381831610044,-0.04727420297882812,-1,0.5603920482520925,0.5131178452732644,0.5612183037912357,0.04727420297882812
hvg_pca,baseline,1.0,c50_k25,25,385,malignant cell,0.36,25,0.5696547267355982,1.0356649008179688,0.8532316618187863,0.49129262063023144,0.5573601366322009,0.07836210610536681,1,0.5696547267355982,0.49129262063023144,0.5573601366322009,0.07836210610536681
hvg_pca,baseline,1.0,c50_k50,50,385,malignant cell,0.26,50,0.5713780157557853,1.0388318777189334,0.8645450055862361,0.4875435438207779,0.5464972612013786,0.08383447193500737,1,0.5713780157557853,0.4875435438207779,0.5464972612013786,0.08383447193500737
hvg_pca,baseline,1.0,c50_k100,100,385,malignant cell,0.23,100,0.5614691038897095,1.0084055849795515,0.9737526567866248,0.48887516925160024,0.5368145310192023,0.07259393463810926,1,0.5614691038897095,0.48887516925160024,0.5368145310192023,0.07259393463810926
hvg_pca,baseline,1.0,c41_k25,25,377,malignant cell,0.2,25,0.5628846627277203,1.1104727004953947,0.5910716102308695,0.4941444331610045,0.5469396233382571,0.06874022956671583,1,0.5628846627277203,0.4941444331610045,0.5469396233382571,0.06874022956671583
hvg_pca,baseline,1.0,c41_k50,50,377,malignant cell,0.14,50,0.5574993845396357,0.966330017960996,0.8563299859333467,0.500962810807484,0.5598850627769572,0.05653657373215171,1,0.5574993845396357,0.500962810807484,0.5598850627769572,0.05653657373215171
hvg_pca,baseline,1.0,c41_k100,100,377,malignant cell,0.08,100,0.5598535204332841,0.9593366484924165,0.8369103473092614,0.4975520833333333,0.5464603335795175,0.062301437099950785,1,0.5598535204332841,0.4975520833333333,0.5464603335795175,0.062301437099950785
hvg_pca,baseline,1.0,c23_k25,25,356,malignant cell,0.2,25,0.4090195716395864,0.6207018391849835,0.0010909539656388432,0.4914325609305761,0.5512024556868538,-0.08241298929098967,-1,0.5909804283604136,0.5085674390694239,0.5763293943870014,0.08241298929098972
hvg_pca,baseline,1.0,c23_k50,50,356,malignant cell,0.22,50,0.3995568685376662,0.5780800624072973,0.00087850867075277,0.4904723658296406,0.544975535450517,-0.0909154972919744,-1,0.6004431314623337,0.5095276341703595,0.5670536373707533,0.09091549729197423
hvg_pca,baseline,1.0,c23_k100,100,356,malignant cell,0.18,100,0.4065731166912851,0.5856953181428248,0.001685160003873652,0.4940296498030527,0.5411896848842934,-0.0874565331117676,-1,0.5934268833087148,0.5059703501969472,0.5559368845396355,0.0874565331117676
hvg_pca,baseline,1.0,c37_k25,25,346,malignant cell,0.6,25,0.4532711718365337,0.9543180395638303,0.7283516997853663,0.4896374169128508,0.5459533481043819,-0.03636624507631708,-1,0.5467288281634664,0.5103625830871492,0.5771025664697194,0.03636624507631714
hvg_pca,baseline,1.0,c37_k50,50,346,malignant cell,0.48,50,0.44165435745937964,0.8958326582561592,0.4679141839417661,0.4917041328163467,0.5509262678483505,-0.05004977535696703,-1,0.5583456425406204,0.5082958671836534,0.5693946947316593,0.050049775356966975
hvg_pca,baseline,1.0,c37_k100,100,346,malignant cell,0.39,100,0.4410542836041359,0.8357209738213882,0.2784496014205354,0.48963810930576074,0.543807699409158,-0.04858382570162484,-1,0.5589457163958641,0.5103618906942393,0.5576563269325456,0.04858382570162478
hvg_pca,baseline,1.0,c36_k25,25,338,malignant cell,0.2,25,0.4949224519940916,0.6426682429892687,0.046006518893474194,0.4991231228458887,0.560443593057607,-0.00420067085179715,-1,0.5050775480059084,0.5008768771541112,0.5680122168882323,0.004200670851797206
hvg_pca,baseline,1.0,c36_k50,50,338,malignant cell,0.12,50,0.4871522648941408,0.5725120362824112,0.04567431727629678,0.4992573701378631,0.5533627215657311,-0.01210510524372227,-1,0.5128477351058591,0.5007426298621368,0.5571608813392417,0.012105105243722325
hvg_pca,baseline,1.0,c36_k100,100,338,malignant cell,0.09,100,0.501400172328902,0.5761962711844856,0.07440486054564847,0.4942879892909896,0.5435030465288035,0.00711218303791239,1,0.501400172328902,0.4942879892909896,0.5435030465288035,0.00711218303791239
hvg_pca,baseline,1.0,c13_k25,25,337,malignant cell,0.4,25,0.5218796159527327,0.9362843760821387,0.6820423156933896,0.50179298990645,0.5638655526834071,0.02008662604628264,1,0.5218796159527327,0.50179298990645,0.5638655526834071,0.02008662604628264
hvg_pca,baseline,1.0,c13_k50,50,337,malignant cell,0.4,50,0.5107859428852782,0.8635933481927609,0.4369619098829254,0.4951045513293944,0.5620330194485476,0.015681391555883828,1,0.5107859428852782,0.4951045513293944,0.5620330194485476,0.015681391555883828
hvg_pca,baseline,1.0,c13_k100,100,337,malignant cell,0.32,100,0.5159711964549483,0.8927771087721333,0.568263118730621,0.48616175837026093,0.5325832410142787,0.029809438084687334,1,0.5159711964549483,0.48616175837026093,0.5325832410142787,0.029809438084687334
hvg_pca,baseline,1.0,c19_k25,25,302,malignant cell,0.28,25,0.4698732151649434,0.6534563423845,0.023435064520670363,0.5003247322747416,0.5699124507631708,-0.03045151710979821,-1,0.5301267848350566,0.49967526772525844,0.5601935622845888,0.030451517109798154
hvg_pca,baseline,1.0,c19_k50,50,302,malignant cell,0.26,50,0.4659650418513048,0.6031525454039922,0.01048713813998245,0.4999332225504678,0.555939192516002,-0.03396818069916302,-1,0.5340349581486952,0.5000667774495322,0.5594119276218611,0.033968180699162964
hvg_pca,baseline,1.0,c19_k100,100,302,malignant cell,0.21,100,0.46664204825209255,0.5758745343474908,0.006650069144914548,0.4935559761201378,0.5408604135893648,-0.02691392786804525,-1,0.5333579517479075,0.5064440238798621,0.5499638417035942,0.026913927868045362
hvg_pca,baseline,1.0,c28_k25,25,292,mast cell,0.44,25,0.440715780403742,0.8571639781495202,0.29927788549815626,0.4662029942146726,0.5245891802067947,-0.02548721381093061,-1,0.559284219596258,0.5337970057853275,0.5917920667159035,0.025487213810930442
hvg_pca,baseline,1.0,c28_k50,50,292,mast cell,0.32,50,0.4388693993106844,0.7505997833190662,0.11241244254446335,0.4696535727474151,0.5265401895617922,-0.030784173436730677,-1,0.5611306006893155,0.530346427252585,0.5920467134416544,0.030784173436730566
hvg_pca,baseline,1.0,c28_k100,100,292,mast cell,0.2,100,0.4434699655342196,0.6925423862531397,0.09292248130735713,0.4675246184145741,0.5231290004923682,-0.02405465288035452,-1,0.5565300344657804,0.5324753815854258,0.5827109490398817,0.024054652880354577
hvg_pca,baseline,1.0,c42_k25,25,291,malignant cell,0.24,25,0.5032773264401772,0.7138446098506931,0.0263555548680708,0.505883185622846,0.5617976058591827,-0.002605859182668757,1,0.5032773264401772,0.505883185622846,0.5617976058591827,-0.002605859182668757
hvg_pca,baseline,1.0,c42_k50,50,291,malignant cell,0.18,50,0.5146479566715904,0.7010210927512488,0.02759148417841667,0.5040482674790744,0.5596342626784835,0.01059968919251597,1,0.5146479566715904,0.5040482674790744,0.5596342626784835,0.01059968919251597
hvg_pca,baseline,1.0,c42_k100,100,291,malignant cell,0.14,100,0.5150326193993107,0.6895862678465071,0.0373176654480618,0.5000443900787789,0.5496384170359429,0.014988229320531787,1,0.5150326193993107,0.5000443900787789,0.5496384170359429,0.014988229320531787
hvg_pca,baseline,1.0,c31_k25,25,284,exhausted T cell,1.0,25,0.5208487198424422,2.149711607784847,0.024678861014565706,0.4624618414574102,0.5167143648449039,0.05838687838503198,1,0.5208487198424422,0.4624618414574102,0.5167143648449039,0.05838687838503198
hvg_pca,baseline,1.0,c31_k50,50,284,exhausted T cell,0.96,50,0.5474366075824717,2.1607070335505445,0.09452043589470883,0.4564264063269326,0.506373861398326,0.0910102012555391,1,0.5474366075824717,0.4564264063269326,0.506373861398326,0.0910102012555391
hvg_pca,baseline,1.0,c31_k100,100,284,exhausted T cell,0.79,100,0.5135401280157558,1.0629539003538315,0.9143887736934033,0.45236490645002464,0.4930860721319547,0.06117522156573113,1,0.5135401280157558,0.45236490645002464,0.4930860721319547,0.06117522156573113
hvg_pca,baseline,1.0,c53_k25,25,276,malignant cell,1.0,25,0.4937530773018218,0.9340281568204966,0.8517585873206888,0.4650393894633186,0.5259562715411128,0.0287136878385032,-1,0.5062469226981783,0.5349606105366814,0.5888609367306745,-0.028713687838503144
hvg_pca,baseline,1.0,c53_k50,50,276,malignant cell,1.0,50,0.5407127031019202,1.504237560582072,0.434571643640008,0.4554995230182176,0.5143709995076318,0.0852131800837026,1,0.5407127031019202,0.4554995230182176,0.5143709995076318,0.0852131800837026
hvg_pca,baseline,1.0,c53_k100,100,276,malignant cell,0.92,100,0.5128477351058592,1.0219128850822659,0.9696815060742291,0.44683922636632206,0.4838218549975381,0.06600850873953718,1,0.5128477351058592,0.44683922636632206,0.4838218549975381,0.06600850873953718
hvg_pca,baseline,1.0,c55_k25,25,237,malignant cell,0.2,25,0.5380200640078779,0.9678341471536323,0.880567812269149,0.4954262063023141,0.5603197316592811,0.04259385770556384,1,0.5380200640078779,0.4954262063023141,0.5603197316592811,0.04259385770556384
hvg_pca,baseline,1.0,c55_k50,50,237,malignant cell,0.18,50,0.5430668389955687,0.8717011018970835,0.554928087906714,0.4979354382077794,0.557351674052191,0.04513140078778932,1,0.5430668389955687,0.4979354382077794,0.557351674052191,0.04513140078778932
hvg_pca,baseline,1.0,c55_k100,100,237,malignant cell,0.14,100,0.5542682176267848,0.8633119347761476,0.5633803565751638,0.49917128261939936,0.55034927375677,0.05509693500738544,1,0.5542682176267848,0.49917128261939936,0.55034927375677,0.05509693500738544
hvg_pca,baseline,1.0,c39_k25,25,233,malignant cell,0.36,25,0.4197439684884293,0.622233784226566,0.002576526998831046,0.49634878138847854,0.5591895925652387,-0.07660481290004922,-1,0.5802560315115707,0.5036512186115215,0.5691708210241261,0.07660481290004917
hvg_pca,baseline,1.0,c39_k50,50,233,malignant cell,0.32,50,0.41791297390448057,0.6055221670311998,0.002775864628382856,0.49866906696208757,0.5584241137370753,-0.080756093057607,-1,0.5820870260955194,0.5013309330379124,0.5561061361398326,0.080756093057607
hvg_pca,baseline,1.0,c39_k100,100,233,malignant cell,0.31,100,0.42434453471196454,0.550436351960132,0.0014544457688049704,0.4911719134662728,0.5448747538158542,-0.06682737875430828,-1,0.5756554652880355,0.5088280865337272,0.5582794805514524,0.06682737875430822
hvg_pca,baseline,1.0,c34_k25,25,211,luminal epithelial cell of mammary gland,0.4,25,0.5221104135893648,0.7883111827330663,0.1832975620545491,0.48906126907927133,0.5434122661250614,0.0330491445100935,1,0.5221104135893648,0.48906126907927133,0.5434122661250614,0.0330491445100935
hvg_pca,baseline,1.0,c34_k50,50,211,luminal epithelial cell of mammary gland,0.32,50,0.5091241999015264,0.7051324472150118,0.06700164442715689,0.4952254892909896,0.5509008801083211,0.013898710610536769,1,0.5091241999015264,0.4952254892909896,0.5509008801083211,0.013898710610536769
hvg_pca,baseline,1.0,c34_k100,100,211,luminal epithelial cell of mammary gland,0.19,100,0.5265417282127031,0.7031615063516405,0.1051825471412413,0.5012468457656327,0.5468365337272278,0.025294882447070344,1,0.5265417282127031,0.5012468457656327,0.5468365337272278,0.025294882447070344
hvg_pca,baseline,1.0,c32_k25,25,209,malignant cell,1.0,25,0.5064931068439192,0.8104652696771664,0.5175540308621318,0.48625500061546034,0.5480128323485968,0.020238106228458896,1,0.5064931068439192,0.48625500061546034,0.5480128323485968,0.020238106228458896
hvg_pca,baseline,1.0,c32_k50,50,209,malignant cell,0.9,50,0.45056314623338256,0.47009790547249625,0.06236876873440487,0.46104151280157557,0.5160319731659281,-0.01047836656819301,-1,0.5494368537666174,0.5389584871984244,0.5880077548005908,0.01047836656819301
hvg_pca,baseline,1.0,c32_k100,100,209,malignant cell,0.87,100,0.4376538650910881,0.5061519735441714,0.16117757239542077,0.4534660419743969,0.5029357459379615,-0.01581217688330877,-1,0.5623461349089118,0.5465339580256031,0.5892979135893649,0.015812176883308715
hvg_pca,baseline,1.0,c3_k25,25,208,vein endothelial cell,0.6,25,0.47915128015755787,0.9011094666291826,0.418632545157805,0.4927742645248646,0.5542428298867552,-0.013622984367306745,-1,0.5208487198424421,0.5072257354751354,0.5637809268833087,0.01362298436730669
hvg_pca,baseline,1.0,c3_k50,50,208,vein endothelial cell,0.56,50,0.4734582717872969,0.9361784981088136,0.6495111395437272,0.4881850073855244,0.543386878385032,-0.014726735598227514,-1,0.5265417282127032,0.5118149926144756,0.5670851797144264,0.01472673559822757
hvg_pca,baseline,1.0,c3_k100,100,208,vein endothelial cell,0.47,100,0.4763047759724274,0.962294068172067,0.8194671483675204,0.48408434884293455,0.5354374384539635,-0.007779572870507179,-1,0.5236952240275726,0.5159156511570654,0.5722658173313638,0.007779572870507234
scgpt,fm,0.3,c7_k25,25,8830,malignant cell,0.24,25,0.4583179468242245,0.731105920282129,0.020132593262094347,0.509633339487937,0.5634724273756769,-0.05131539266371249,-1,0.5416820531757756,0.4903666605120631,0.5481543882323978,0.051315392663712434
scgpt,fm,0.3,c7_k50,50,8830,malignant cell,0.18,50,0.4538404726735598,0.7081798798656019,0.019672958416608963,0.5100464672575086,0.5646871922698178,-0.05620599458394876,-1,0.5461595273264401,0.4899535327424914,0.5469303914327918,0.056205994583948704
scgpt,fm,0.3,c7_k100,100,8830,malignant cell,0.11,100,0.4823055145248646,0.6981325385581472,0.03894460500810646,0.5100101550960119,0.5531603889709502,-0.0277046405711473,-1,0.5176944854751354,0.4899898449039881,0.5333941100443131,0.0277046405711473
scgpt,fm,0.3,c3_k25,25,6274,malignant cell,0.12,25,0.4787666174298375,0.7712360188028938,0.06113206497752597,0.5139764124815361,0.5741929775972426,-0.035209795051698634,-1,0.5212333825701625,0.4860235875184638,0.5476958702609552,0.03520979505169869
scgpt,fm,0.3,c3_k50,50,6274,malignant cell,0.14,50,0.47258124076809455,0.7518042333597643,0.05371374519744011,0.5079698270556376,0.5549613798621369,-0.0353885862875431,-1,0.5274187592319055,0.49203017294436235,0.5452617245199408,0.035388586287543156
scgpt,fm,0.3,c3_k100,100,6274,malignant cell,0.15,100,0.46845765632693254,0.7462430773915668,0.05633172156788638,0.5109191900541604,0.5554360536681437,-0.042461533727227885,-1,0.5315423436730675,0.48908080994583947,0.5360582840965041,0.04246153372722805
scgpt,fm,0.3,c9_k25,25,5433,"effector memory CD8-positive, alpha-beta T cell",0.0,25,0.43514586410635153,0.7714904754896563,0.06689260458958812,0.4846409558099458,0.5553906634662727,-0.049495091703594285,-1,0.5648541358936485,0.5153590441900542,0.5833948793697685,0.04949509170359434
scgpt,fm,0.3,c9_k50,50,5433,"effector memory CD8-positive, alpha-beta T cell",0.02,50,0.4293759231905465,0.7277217714202759,0.02970943569752054,0.4772415835795175,0.5358959564254062,-0.047865660388971,-1,0.5706240768094535,0.5227584164204825,0.5787496922698179,0.047865660388971
scgpt,fm,0.3,c9_k100,100,5433,"effector memory CD8-positive, alpha-beta T cell",0.03,100,0.4196824224519941,0.7114177957921829,0.02424053890693549,0.47014771048744464,0.5198032065484983,-0.05046528803545053,-1,0.5803175775480058,0.5298522895125554,0.5757539389463319,0.05046528803545047
scgpt,fm,0.3,c11_k25,25,5106,macrophage,0.52,25,0.490845027080256,0.892768728348187,0.29081359785201755,0.49638347796651894,0.562304591334318,-0.0055384508862629245,-1,0.509154972919744,0.5036165220334811,0.5678145002461842,0.0055384508862629245
scgpt,fm,0.3,c11_k50,50,5106,macrophage,0.6,50,0.4865521910388971,0.9042021845215774,0.38206477308688813,0.4960948270556376,0.5503738921713441,-0.009542636016740547,-1,0.513447808961103,0.5039051729443623,0.5515609613490892,0.009542636016740658
scgpt,fm,0.3,c11_k100,100,5106,macrophage,0.42,100,0.4883985721319547,0.9250882608320582,0.5504607075128507,0.4873221319547021,0.5373422882816347,0.0010764401772526133,-1,0.5116014278680453,0.5126778680452979,0.56446408788774,-0.0010764401772526133
scgpt,fm,0.3,c8_k25,25,4765,T cell,0.0,25,0.4424082964057115,0.7641962712845315,0.02930775831649956,0.47678922021171843,0.5353843549975381,-0.034380923806006936,-1,0.5575917035942886,0.5232107797882817,0.5834679652880354,0.03438092380600688
scgpt,fm,0.3,c8_k50,50,4765,T cell,0.0,50,0.43682299359921223,0.7423629940145443,0.025407340970818402,0.4748061299852289,0.5352528003446578,-0.03798313638601669,-1,0.5631770064007877,0.525193870014771,0.5856313084687346,0.03798313638601669
scgpt,fm,0.3,c8_k100,100,4765,T cell,0.01,100,0.4340534219596258,0.7265785697485708,0.025091365488765952,0.47001369399310683,0.5245460979812899,-0.03596027203348101,-1,0.5659465780403742,0.5299863060068932,0.5743445347119644,0.035960272033480956
scgpt,fm,0.3,c6_k25,25,4296,malignant cell,0.36,25,0.4696885770556376,1.0137717704776892,0.9314443184603995,0.4974819208517971,0.5578601981782373,-0.027793343796159498,-1,0.5303114229443624,0.5025180791482029,0.560944423929099,0.027793343796159498
scgpt,fm,0.3,c6_k50,50,4296,malignant cell,0.34,50,0.4951070901033973,1.0160480706100092,0.9298320996153049,0.4893344565484983,0.5461772218119153,0.005772633554899043,-1,0.5048929098966026,0.5106655434515017,0.5615368045297883,-0.005772633554899098
scgpt,fm,0.3,c6_k100,100,4296,malignant cell,0.21,100,0.5178791235844412,1.1058317794765333,0.6137666433577398,0.4977747261201379,0.5528088072378138,0.020104397464303314,1,0.5178791235844412,0.4977747261201379,0.5528088072378138,0.020104397464303314
scgpt,fm,0.3,c2_k25,25,3831,fibroblast,0.92,25,0.4927529542097489,1.0875839277064454,0.40947469239125733,0.5105771479566716,0.5662727720334809,-0.017824193746922734,-1,0.5072470457902511,0.4894228520433284,0.5433761078286558,0.017824193746922734
scgpt,fm,0.3,c2_k50,50,3831,fibroblast,0.8,50,0.4965534219596258,1.0800101082956444,0.4837865671042155,0.5158204855982276,0.5751969473165928,-0.019267063638601756,-1,0.5034465780403742,0.4841795144017725,0.5328955871491876,0.0192670636386017
scgpt,fm,0.3,c2_k100,100,3831,fibroblast,0.67,100,0.4931068439192516,1.0663519752468826,0.5933375121251556,0.5047425837026096,0.5432830194485475,-0.011635739783358023,-1,0.5068931560807484,0.49525741629739045,0.540637309207287,0.011635739783357912
scgpt,fm,0.3,c5_k25,25,2646,endothelial cell,0.84,25,0.4872907434761201,0.9742537870908641,0.8050612760681239,0.495020925652388,0.5699970765632693,-0.0077301821762678635,-1,0.5127092565238799,0.504979074347612,0.5678137309207286,0.0077301821762678635
scgpt,fm,0.3,c5_k50,50,2646,endothelial cell,0.68,50,0.4828594288527819,0.9622732840451023,0.7520288908914204,0.49390040312653866,0.555654542097489,-0.011040974273756776,-1,0.5171405711472181,0.5060995968734614,0.5622992060561299,0.01104097427375672
scgpt,fm,0.3,c5_k100,100,2646,endothelial cell,0.45,100,0.47590472673559825,0.9386539353726902,0.6450815531307654,0.4864419467011324,0.5405280649926145,-0.01053721996553414,-1,0.5240952732644018,0.5135580532988676,0.5640278803545051,0.01053721996553414
scgpt,fm,0.3,c10_k25,25,1777,"effector memory CD8-positive, alpha-beta T cell",0.0,25,0.5147095027080256,1.0162934431304707,0.9391272985099152,0.4989647187346135,0.5567031326932546,0.015744783973412113,1,0.5147095027080256,0.4989647187346135,0.5567031326932546,0.015744783973412113
scgpt,fm,0.3,c10_k50,50,1777,"effector memory CD8-positive, alpha-beta T cell",0.02,50,0.4910604382077794,1.0215583077151595,0.9309742318269907,0.4955042159034958,0.5450563146233383,-0.004443777695716411,-1,0.5089395617922206,0.5044957840965042,0.5579440546528803,0.0044437776957163555
scgpt,fm,0.3,c10_k100,100,1777,"effector memory CD8-positive, alpha-beta T cell",0.05,100,0.45342503692762187,0.8523958733980489,0.5074153398913146,0.48453148079763664,0.5402334133431806,-0.031106443870014766,-1,0.5465749630723782,0.5154685192023634,0.5720627154111275,0.03110644387001482
scgpt,fm,0.3,c0_k25,25,1479,memory B cell,0.16,25,0.43386878385032,0.714896320822563,0.012631918052460687,0.4913807853274249,0.5499876907927129,-0.05751200147710489,-1,0.56613121614968,0.5086192146725752,0.5771810376661742,0.05751200147710478
scgpt,fm,0.3,c0_k50,50,1479,memory B cell,0.22,50,0.4317608321024126,0.7169753471659284,0.020624424190967484,0.4902822655096012,0.5368837703101921,-0.05852143340718857,-1,0.5682391678975873,0.5097177344903988,0.5648256708517972,0.05852143340718852
scgpt,fm,0.3,c0_k100,100,1479,memory B cell,0.13,100,0.4340995814869522,0.7068072977781489,0.01969470099829679,0.48330863798621365,0.5335079702117184,-0.04920905649926144,-1,0.5659004185130478,0.5166913620137863,0.5650603151157065,0.04920905649926155
scgpt,fm,0.3,c4_k25,25,1346,pericyte,0.68,25,0.4878292712949286,1.0547828641972425,0.6518893638756076,0.5012986213687839,0.5587264586410634,-0.013469350073855302,-1,0.5121707287050714,0.4987013786312161,0.5586195224027573,0.013469350073855302
scgpt,fm,0.3,c4_k50,50,1346,pericyte,0.62,50,0.4881831610044313,1.0414130295760973,0.7599420474158759,0.49723327486459873,0.5520902572624323,-0.009050113860167408,-1,0.5118168389955686,0.5027667251354013,0.5605143709995076,0.009050113860167297
scgpt,fm,0.3,c4_k100,100,1346,pericyte,0.52,100,0.4910296651895618,1.057430167091752,0.7033734761758091,0.4904872907434762,0.5439284835056623,0.000542374446085625,-1,0.5089703348104382,0.5095127092565239,0.5562407680945346,-0.000542374446085736
scgpt,fm,0.3,c14_k25,25,1314,malignant cell,0.88,25,0.46728828163466274,0.8202582522004987,0.5349142043647679,0.4646640355736091,0.5215218796159526,0.002624246061053659,-1,0.5327117183653373,0.535335964426391,0.5929091272772034,-0.0026242460610537144
scgpt,fm,0.3,c14_k50,50,1314,malignant cell,0.84,50,0.4647187346134909,0.8455441350642411,0.67744328761013,0.46220711779911366,0.5224235290497292,0.0025116168143772266,-1,0.5352812653865091,0.5377928822008863,0.5872761262924667,-0.002511616814377171
scgpt,fm,0.3,c14_k100,100,1314,malignant cell,0.86,100,0.4798898325947809,1.0609138577801902,0.8968689985109201,0.4478968950024618,0.4931976243229935,0.03199293759231908,-1,0.5201101674052191,0.5521031049975381,0.5906026895617922,-0.031992937592319026
scgpt,fm,0.3,c1_k25,25,1210,IgG plasma cell,0.08,25,0.45239414081733137,0.7212647855039623,0.07582024452587638,0.48124661496799603,0.5466149679960611,-0.028852474150664664,-1,0.5476058591826687,0.518753385032004,0.5830317577548007,0.02885247415066472
scgpt,fm,0.3,c1_k50,50,1210,IgG plasma cell,0.06,50,0.4491168143771541,0.6630221123882016,0.04739374106821213,0.4678579671344166,0.5261039820285573,-0.018741152757262458,-1,0.5508831856228459,0.5321420328655835,0.5878908173313638,0.018741152757262403
scgpt,fm,0.3,c1_k100,100,1210,IgG plasma cell,0.06,100,0.4634416543574594,0.6829072701328252,0.10935676919879286,0.46470350196947313,0.5116145064007878,-0.0012618476120137556,-1,0.5365583456425407,0.5352964980305268,0.5884670420974888,0.0012618476120138666
scgpt,fm,0.3,c15_k25,25,672,"CD4-positive, alpha-beta T cell",0.0,25,0.43708456425406206,0.7795768063694714,0.189513477722142,0.5032412450763171,0.5554699039881832,-0.06615668082225501,-1,0.5629154357459379,0.49675875492368293,0.5634731967011324,0.06615668082225501
scgpt,fm,0.3,c15_k50,50,672,"CD4-positive, alpha-beta T cell",0.0,50,0.4517171344165436,0.7378718051095875,0.1492358079501174,0.4949830748399803,0.5551821762678484,-0.04326594042343668,-1,0.5482828655834564,0.5050169251600196,0.5594542405219104,0.04326594042343679
scgpt,fm,0.3,c15_k100,100,672,"CD4-positive, alpha-beta T cell",0.0,100,0.44890140324963074,0.6792922626233613,0.07312332986296338,0.49815423436730677,0.5451601735598227,-0.04925283111767603,-1,0.5510985967503692,0.5018457656326932,0.5529234367306746,0.04925283111767598
scgpt,fm,0.3,c17_k25,25,359,malignant cell,0.24,25,0.44102351058591827,0.70602105705881,0.014660156439261551,0.5063965564992614,0.5652311053668143,-0.06537304591334314,-1,0.5589764894140817,0.4936034435007386,0.5516471258000984,0.06537304591334314
scgpt,fm,0.3,c17_k50,50,359,malignant cell,0.22,50,0.449870753323486,0.671958187482291,0.018726526211251492,0.5073346719596258,0.5642879123584441,-0.05746391863613981,-1,0.550129246676514,0.4926653280403741,0.5473512124569178,0.057463918636139866
scgpt,fm,0.3,c17_k100,100,359,malignant cell,0.12,100,0.459841211225997,0.6657961574609625,0.05239292481791093,0.5074612259970458,0.5529872907434761,-0.04762001477104877,-1,0.5401587887740029,0.4925387740029542,0.5364529480551453,0.04762001477104871
scgpt,fm,0.3,c13_k25,25,285,mast cell,0.44,25,0.440715780403742,0.8571639781495201,0.299277885498156,0.4587479228212703,0.512966211225997,-0.01803214241752832,-1,0.559284219596258,0.5412520771787297,0.5983774926144756,0.018032142417528263
scgpt,fm,0.3,c13_k50,50,285,mast cell,0.32,50,0.4390848104382078,0.7384625825057051,0.09319394017010194,0.4732637863121614,0.5310276649433777,-0.03417897587395363,-1,0.5609151895617922,0.5267362136878385,0.5850981659281143,0.03417897587395369
scgpt,fm,0.3,c13_k100,100,285,mast cell,0.2,100,0.4442085179714426,0.7027975061850408,0.10655693676681567,0.473127538774003,0.5267732951747908,-0.02891902080256037,-1,0.5557914820285574,0.5268724612259971,0.5773187469226981,0.02891902080256037
scgpt,fm,0.3,c16_k25,25,201,"CD4-positive, alpha-beta T cell",0.0,25,0.4335764401772526,0.7209188127052689,0.04207381948897014,0.4869972458148695,0.5484121122599704,-0.053420805637616864,-1,0.5664235598227474,0.5130027541851305,0.5715203409650418,0.053420805637616864
scgpt,fm,0.3,c16_k50,50,201,"CD4-positive, alpha-beta T cell",0.02,50,0.43870014771048743,0.7110623680168056,0.03849220825645737,0.49204986767602166,0.5416312776957163,-0.053349719965534226,-1,0.5612998522895125,0.5079501323239783,0.5783750307730182,0.05334971996553417
scgpt,fm,0.3,c16_k100,100,201,"CD4-positive, alpha-beta T cell",0.01,100,0.4387770802560315,0.7248162343788594,0.06166983248475256,0.4944415466518956,0.5469103889709502,-0.05566446639586409,-1,0.5612229197439684,0.5055584533481045,0.5546636509108814,0.055664466395863976
scgpt,fm,0.5,c8_k25,25,8604,malignant cell,0.24,25,0.4583179468242245,0.731105920282129,0.020132593262094385,0.5068750769325455,0.5681160758247169,-0.04855713010832102,-1,0.5416820531757756,0.4931249230674545,0.5521502646479566,0.04855713010832108
scgpt,fm,0.5,c8_k50,50,8604,malignant cell,0.18,50,0.453994337764648,0.7071760806434227,0.02008455364219521,0.5087842349827671,0.5557914820285573,-0.054789897218119166,-1,0.546005662235352,0.49121576501723285,0.5479805206794682,0.05478989721811911
scgpt,fm,0.5,c8_k100,100,8604,malignant cell,0.11,100,0.48672144263909406,0.7065588330608561,0.04511702648603266,0.5101245537912359,0.55857182422452,-0.02340311115214183,-1,0.513278557360906,0.4898754462087641,0.5432337826193993,0.023403111152141887
scgpt,fm,0.5,c13_k25,25,5106,macrophage,0.52,25,0.490845027080256,0.892768728348187,0.29081359785201755,0.4931157680945347,0.5490144940915805,-0.00227074101427871,-1,0.509154972919744,0.5068842319054653,0.5676714057114721,0.00227074101427871
scgpt,fm,0.5,c13_k50,50,5106,macrophage,0.6,50,0.4865521910388971,0.9042021845215775,0.3820647730868886,0.49231982397833574,0.5479720580994584,-0.0057676329394386605,-1,0.513447808961103,0.5076801760216643,0.5693862321516494,0.005767632939438716
scgpt,fm,0.5,c13_k100,100,5106,macrophage,0.42,100,0.4883985721319547,0.9250882608320582,0.5504607075128504,0.4850167712949286,0.541448947562777,0.0033818008370261055,-1,0.5116014278680453,0.5149832287050714,0.5732182422451993,-0.0033818008370261055
scgpt,fm,0.5,c11_k25,25,5030,"effector memory CD8-positive, alpha-beta T cell",0.0,25,0.4370230182176268,0.758003276665475,0.053569439653979437,0.485725396971935,0.546206456179222,-0.04870237875430822,-1,0.5629769817823732,0.5142746030280649,0.5772271971935008,0.04870237875430827
scgpt,fm,0.5,c11_k50,50,5030,"effector memory CD8-positive, alpha-beta T cell",0.02,50,0.4327917282127031,0.7203269466971767,0.02621248266099985,0.47822001169374695,0.5282273202855736,-0.04542828348104383,-1,0.5672082717872968,0.5217799883062532,0.58381646971935,0.04542828348104366
scgpt,fm,0.5,c11_k100,100,5030,"effector memory CD8-positive, alpha-beta T cell",0.03,100,0.42309822747415066,0.6967245614074264,0.019010343057654235,0.47061953778926635,0.5269563946331857,-0.047521310315115695,-1,0.5769017725258494,0.5293804622107336,0.5785227412604628,0.04752131031511575
scgpt,fm,0.5,c10_k25,25,4739,T cell,0.0,25,0.4424082964057115,0.7641962712845315,0.02930775831649956,0.47940054160512063,0.5506954702117184,-0.036992245199409135,-1,0.5575917035942886,0.5205994583948794,0.5836749138355489,0.036992245199409135
scgpt,fm,0.5,c10_k50,50,4739,T cell,0.0,50,0.4375769325455441,0.7560701843936772,0.032879812360234205,0.47479343611521424,0.5256077671097981,-0.037216503569670156,-1,0.5624230674544559,0.5252065638847858,0.5753277326440177,0.0372165035696701
scgpt,fm,0.5,c10_k100,100,4739,T cell,0.01,100,0.43391494337764647,0.7238003293494533,0.02398074031935402,0.47185992122107334,0.5267425221565731,-0.037944977843426875,-1,0.5660850566223535,0.5281400787789267,0.5792289820285573,0.037944977843426875
scgpt,fm,0.5,c9_k25,25,4313,malignant cell,0.36,25,0.4696885770556376,1.0137717704776892,0.9314443184603995,0.4952528003446578,0.5529380539143278,-0.025564223289020194,-1,0.5303114229443624,0.5047471996553422,0.5628969719350074,0.025564223289020194
scgpt,fm,0.5,c9_k50,50,4313,malignant cell,0.34,50,0.4951070901033973,1.0160480706100092,0.9298320996153044,0.48865152634170356,0.5384662727720335,0.006455563761693761,-1,0.5048929098966026,0.5113484736582964,0.5699193746922698,-0.006455563761693761
scgpt,fm,0.5,c9_k100,100,4313,malignant cell,0.21,100,0.5178791235844412,1.1058317794765335,0.6137666433577396,0.4919603181930084,0.5466572808961103,0.02591880539143282,1,0.5178791235844412,0.4919603181930084,0.5466572808961103,0.02591880539143282
scgpt,fm,0.5,c5_k25,25,3643,fibroblast,0.88,25,0.49030649926144754,1.0791493991593986,0.45715172738830623,0.5137617706794683,0.5733521048744461,-0.02345527141802073,-1,0.5096935007385525,0.48623822932053173,0.5542412912358443,0.02345527141802073
scgpt,fm,0.5,c5_k50,50,3643,fibroblast,0.84,50,0.4957225504677499,1.079435403880381,0.4794463305964317,0.5082737875430822,0.558402572624323,-0.012551237075332289,-1,0.5042774495322502,0.4917262124569178,0.54495476366322,0.0125512370753324
scgpt,fm,0.5,c5_k100,100,3643,fibroblast,0.66,100,0.49222981290004925,1.0620882434541326,0.617587836578645,0.5065331887001477,0.5645540989660265,-0.014303375800098495,-1,0.5077701870999507,0.49346681129985226,0.5446824224519942,0.014303375800098439
scgpt,fm,0.5,c2_k25,25,3387,malignant cell,0.12,25,0.5054468242245199,0.8987437263585979,0.433611875054168,0.5149830748399803,0.5709379615952732,-0.009536250615460373,1,0.5054468242245199,0.5149830748399803,0.5709379615952732,-0.009536250615460373
scgpt,fm,0.5,c2_k50,50,3387,malignant cell,0.12,50,0.48378261939931066,0.8355448880460485,0.17676474908850476,0.5111634508862629,0.567465226489414,-0.02738083148695225,-1,0.5162173806006893,0.48883654911373703,0.5465511139832595,0.027380831486952306
scgpt,fm,0.5,c2_k100,100,3387,malignant cell,0.13,100,0.4936761447562777,0.852923274602514,0.28756360399840086,0.512680868414574,0.5568154542097489,-0.019004723658296363,-1,0.5063238552437224,0.4873191315854259,0.54052037173806,0.019004723658296474
scgpt,fm,0.5,c4_k25,25,2985,malignant cell,0.12,25,0.45560992122107336,0.7152363360164334,0.021438306573274446,0.5111710672082718,0.5776133985721319,-0.05556114598719841,-1,0.5443900787789266,0.4888289327917282,0.5581163835548991,0.05556114598719847
scgpt,fm,0.5,c4_k50,50,2985,malignant cell,0.14,50,0.4461779911373708,0.68062832417773,0.012455623220438498,0.5108697224273757,0.5654788281634663,-0.06469173129000494,-1,0.5538220088626292,0.4891302775726243,0.5437015324963073,0.06469173129000494
scgpt,fm,0.5,c4_k100,100,2985,malignant cell,0.15,100,0.4524095273264402,0.6603870332315536,0.011689210179591642,0.5104381308468734,0.5606905465288036,-0.05802860352043321,-1,0.5475904726735599,0.48956186915312655,0.545481751600197,0.05802860352043332
scgpt,fm,0.5,c6_k25,25,2479,endothelial cell,0.8,25,0.49135278188084686,0.9783654401250984,0.8410005970519815,0.4974381462333826,0.5648041297390447,-0.00608536435253576,-1,0.5086472181191531,0.5025618537666174,0.5669474704579025,0.006085364352535705
scgpt,fm,0.5,c6_k50,50,2479,endothelial cell,0.66,50,0.4815977351058592,0.957775912834908,0.724671440451752,0.4995841026587888,0.5582317823732151,-0.017986367552929594,-1,0.5184022648941409,0.5004158973412113,0.5593580748399802,0.017986367552929594
scgpt,fm,0.5,c6_k100,100,2479,endothelial cell,0.45,100,0.47928975873953716,0.9404558395278235,0.6550412064722662,0.4826965626538652,0.5409581179222058,-0.003406803914328016,-1,0.5207102412604628,0.5173034373461349,0.5718588441654358,0.003406803914327905
scgpt,fm,0.5,c12_k25,25,2196,"effector memory CD8-positive, alpha-beta T cell",0.0,25,0.508324101427868,1.0184678501703017,0.9315107362907419,0.4996622661250615,0.5623122845888723,0.008661835302806509,1,0.508324101427868,0.4996622661250615,0.5623122845888723,0.008661835302806509
scgpt,fm,0.5,c12_k50,50,2196,"effector memory CD8-positive, alpha-beta T cell",0.02,50,0.4663804775972427,0.9479100715156312,0.8212793909473992,0.49586964549483015,0.5494160819793205,-0.02948916789758743,-1,0.5336195224027573,0.5041303545051699,0.5554391309699656,0.029489167897587487
scgpt,fm,0.5,c12_k100,100,2196,"effector memory CD8-positive, alpha-beta T cell",0.03,100,0.44477781880846873,0.8505489184414438,0.5072557551308046,0.48447055022156577,0.5322632016248153,-0.03969273141309704,-1,0.5552221811915312,0.5155294497784343,0.5647910512063022,0.03969273141309693
scgpt,fm,0.5,c0_k25,25,1478,memory B cell,0.16,25,0.43386878385032,0.714896320822563,0.012631918052460687,0.4937074563023141,0.5557345519448548,-0.05983867245199409,-1,0.56613121614968,0.5062925436976858,0.5735221258000984,0.059838672451994146
scgpt,fm,0.5,c0_k50,50,1478,memory B cell,0.22,50,0.4317608321024126,0.7169753471659283,0.02062442419096743,0.48815292651403247,0.5436022895125554,-0.05639209441161985,-1,0.5682391678975873,0.5118470734859675,0.5684484244214673,0.05639209441161985
scgpt,fm,0.5,c0_k100,100,1478,memory B cell,0.13,100,0.4340995814869522,0.7068072977781489,0.01969470099829683,0.4881046898079764,0.5417351366322009,-0.054005108321024176,-1,0.5659004185130478,0.5118953101920236,0.5618653064992615,0.05400510832102423
scgpt,fm,0.5,c3_k25,25,1359,pericyte,0.68,25,0.4878292712949286,1.0547828641972428,0.6518893638756076,0.4976650972427376,0.5650687776957163,-0.009835825947809018,-1,0.5121707287050714,0.5023349027572624,0.5629446701132447,0.009835825947808963
scgpt,fm,0.5,c3_k50,50,1359,pericyte,0.62,50,0.4881831610044313,1.0414130295760973,0.7599420474158761,0.4952570316346627,0.5568393032988675,-0.007073870630231405,-1,0.5118168389955686,0.5047429683653373,0.5712064561792219,0.007073870630231349
scgpt,fm,0.5,c3_k100,100,1359,pericyte,0.53,100,0.49246061053668144,1.0655621323393636,0.6674640619535015,0.4897785112013786,0.5444631646971935,0.0026820993353028344,-1,0.5075393894633186,0.5102214887986214,0.5626961779911374,-0.0026820993353028344
scgpt,fm,0.5,c17_k25,25,1314,malignant cell,0.88,25,0.46728828163466274,0.8202582522004987,0.5349142043647679,0.47726274002954205,0.5427906511570655,-0.009974458394879315,-1,0.5327117183653373,0.5227372599704578,0.5822562776957164,0.009974458394879426
scgpt,fm,0.5,c17_k50,50,1314,malignant cell,0.84,50,0.4647187346134909,0.8455441350642411,0.67744328761013,0.459785204332841,0.5155357582471688,0.0049335302806499115,-1,0.5352812653865091,0.540214795667159,0.5986098289020186,-0.0049335302806499115
scgpt,fm,0.5,c17_k100,100,1314,malignant cell,0.86,100,0.4798898325947809,1.0609138577801902,0.8968689985109201,0.45046059515017234,0.489542559084195,0.02942923744460857,-1,0.5201101674052191,0.5495394048498277,0.588797082717873,-0.02942923744460857
scgpt,fm,0.5,c1_k25,25,1207,IgG plasma cell,0.08,25,0.45239414081733137,0.7212647855039623,0.07582024452587637,0.47753146541112756,0.5355982274741506,-0.025137324593796195,-1,0.5476058591826687,0.5224685345888724,0.5839164820285573,0.02513732459379625
scgpt,fm,0.5,c1_k50,50,1207,IgG plasma cell,0.06,50,0.4491168143771541,0.6630221123882016,0.04739374106821215,0.47068523818316094,0.5231605428360413,-0.02156842380600682,-1,0.5508831856228459,0.529314761816839,0.5866945162481536,0.021568423806006876
scgpt,fm,0.5,c1_k100,100,1207,IgG plasma cell,0.06,100,0.4634416543574594,0.6829072701328253,0.10935676919879286,0.46466003508124076,0.5083933407188577,-0.001218380723781387,-1,0.5365583456425407,0.5353399649187592,0.5890209564254062,0.0012183807237814426
scgpt,fm,0.5,c7_k25,25,765,malignant cell,0.16,25,0.44259293451501724,0.7122339115479197,0.030990257254702527,0.5053853551206302,0.568542282127031,-0.06279242060561296,-1,0.5574070654849828,0.4946146448793698,0.5556422328902019,0.06279242060561296
scgpt,fm,0.5,c7_k50,50,765,malignant cell,0.2,50,0.4289604874446086,0.639847156612577,0.01327116676878794,0.5078338103151157,0.5678383493353028,-0.07887332287050708,-1,0.5710395125553914,0.49216618968488435,0.5484082656326932,0.07887332287050708
scgpt,fm,0.5,c7_k100,100,765,malignant cell,0.15,100,0.4183899556868538,0.6316783604805648,0.02627533523320999,0.5045920267109798,0.5525341580502215,-0.08620207102412603,-1,0.5816100443131462,0.49540797328902014,0.5418112998522895,0.08620207102412608
scgpt,fm,0.5,c18_k25,25,674,"CD4-positive, alpha-beta T cell",0.0,25,0.43708456425406206,0.7795768063694714,0.18951347772214183,0.49954848289020193,0.5666943623830626,-0.06246391863613987,-1,0.5629154357459379,0.5004515171097981,0.5619776280157558,0.06246391863613987
scgpt,fm,0.5,c18_k50,50,674,"CD4-positive, alpha-beta T cell",0.0,50,0.4517171344165436,0.7378718051095875,0.14923580795011723,0.5017398295174791,0.5569039266371245,-0.05002269510093549,-1,0.5482828655834564,0.4982601704825209,0.5518756154603643,0.05002269510093549
scgpt,fm,0.5,c18_k100,100,674,"CD4-positive, alpha-beta T cell",0.0,100,0.44890140324963074,0.6792922626233614,0.0731233298629633,0.4933307176267849,0.5440838872476613,-0.04442931437715414,-1,0.5510985967503692,0.5066692823732152,0.5527334133431807,0.04442931437715403
scgpt,fm,0.5,c16_k25,25,285,mast cell,0.44,25,0.440715780403742,0.8571639781495201,0.299277885498156,0.45979735967503693,0.523386724519941,-0.019081579271294946,-1,0.559284219596258,0.5402026403249631,0.5952071024126047,0.019081579271294835
scgpt,fm,0.5,c16_k50,50,285,mast cell,0.32,50,0.4390848104382078,0.7384625825057051,0.09319394017010182,0.47681683899556865,0.5334718119153127,-0.03773202855736085,-1,0.5609151895617922,0.5231831610044313,0.5832825578532742,0.03773202855736091
scgpt,fm,0.5,c16_k100,100,285,mast cell,0.2,100,0.4442085179714426,0.7027975061850409,0.10655693676681623,0.4750917035942885,0.5229151280157558,-0.030883185622845866,-1,0.5557914820285574,0.5249082964057115,0.5745291728212703,0.030883185622845977
scgpt,fm,0.5,c19_k25,25,202,"CD4-positive, alpha-beta T cell",0.0,25,0.4335764401772526,0.7209188127052689,0.04207381948897014,0.4972681253077302,0.5591634354997539,-0.06369168513047757,-1,0.5664235598227474,0.5027318746922698,0.5626738675529296,0.06369168513047763
scgpt,fm,0.5,c19_k50,50,202,"CD4-positive, alpha-beta T cell",0.02,50,0.43870014771048743,0.7110623680168056,0.03849220825645737,0.4916847458148695,0.5500984736582963,-0.05298459810438205,-1,0.5612998522895125,0.5083152541851306,0.5675729320531757,0.05298459810438194
scgpt,fm,0.5,c19_k100,100,202,"CD4-positive, alpha-beta T cell",0.01,100,0.43817700640078777,0.7259597833662751,0.06278090402686298,0.5010497445839488,0.5469750123092072,-0.06287273818316103,-1,0.5618229935992123,0.4989502554160512,0.5457317823732152,0.06287273818316108
scgpt,fm,1.0,c15_k25,25,4703,"effector memory CD8-positive, alpha-beta T cell",0.0,25,0.4386232151649434,0.7574727141346239,0.0517906469736087,0.4886318316100443,0.5553968180699163,-0.050008616445100906,-1,0.5613767848350566,0.5113681683899557,0.581859305760709,0.050008616445100906
scgpt,fm,1.0,c15_k50,50,4703,"effector memory CD8-positive, alpha-beta T cell",0.02,50,0.4335610536681438,0.7221045655375997,0.027004877590314075,0.48629669805514525,0.542485998276711,-0.05273564438700146,-1,0.5664389463318562,0.5137033019448548,0.567653711225997,0.0527356443870014
scgpt,fm,1.0,c15_k100,100,4703,"effector memory CD8-positive, alpha-beta T cell",0.03,100,0.4245599458394879,0.6955264870341386,0.018987161221823978,0.4716300467749877,0.527177191038897,-0.04707010093549979,-1,0.575440054160512,0.5283699532250123,0.5760185869030036,0.04707010093549968
scgpt,fm,1.0,c7_k25,25,4311,T cell,0.0,25,0.4447470457902511,0.7646391840381239,0.03208838365780632,0.4826352474150664,0.5410681314623338,-0.03788820162481532,-1,0.5552529542097489,0.5173647525849335,0.5712772341211225,0.03788820162481532
scgpt,fm,1.0,c7_k50,50,4311,T cell,0.0,50,0.4388540128015756,0.7470926429249269,0.0276374342632186,0.4747985905957656,0.5321747291974397,-0.035944577794190025,-1,0.5611459871984243,0.5252014094042344,0.5800598535204332,0.035944577794189914
scgpt,fm,1.0,c7_k100,100,4311,T cell,0.01,100,0.43263786312161495,0.7132858681202213,0.021518206501835124,0.4709001877154111,0.5253385032003939,-0.03826232459379614,-1,0.567362136878385,0.5290998122845889,0.5808584133431808,0.03826232459379608
scgpt,fm,1.0,c9_k25,25,4043,malignant cell,0.12,25,0.477981905465288,0.7481382845665835,0.08521137823493587,0.5052830348350565,0.5709695039389463,-0.02730112936976853,-1,0.5220180945347119,0.49471696516494335,0.5587241506646972,0.027301129369768584
scgpt,fm,1.0,c9_k50,50,4043,malignant cell,0.18,50,0.45845642540620385,0.6972074979650685,0.041101706507322144,0.5130502215657312,0.5634978151157065,-0.054593796159527364,-1,0.5415435745937962,0.48694977843426884,0.5388116999015263,0.054593796159527364
scgpt,fm,1.0,c9_k100,100,4043,malignant cell,0.15,100,0.47650480059084194,0.6462710924205339,0.029242853595408343,0.5098786004431315,0.5583117922205809,-0.033373799852289554,-1,0.5234951994091581,0.49012139955686856,0.5357982520925653,0.033373799852289554
scgpt,fm,1.0,c17_k25,25,3692,macrophage,0.48,25,0.48501354012801573,0.8901197506911551,0.2897085048171373,0.49629277449532255,0.5610052006400787,-0.011279234367306823,-1,0.5149864598719842,0.5037072255046775,0.5689515632693254,0.011279234367306712
scgpt,fm,1.0,c17_k50,50,3692,macrophage,0.6,50,0.47832040866568193,0.9010568237042633,0.3580324608935431,0.49084256523879866,0.543970027080256,-0.012522156573116727,-1,0.5216795913343181,0.5091574347612015,0.5667259047267357,0.012522156573116616
scgpt,fm,1.0,c17_k100,100,3692,macrophage,0.39,100,0.4829671344165436,0.9220063429677924,0.5407017049892522,0.48779472858197936,0.542077486459872,-0.004827594165435767,-1,0.5170328655834564,0.5122052714180206,0.5597819731659281,0.004827594165435767
scgpt,fm,1.0,c3_k25,25,2948,malignant cell,0.12,25,0.4995230182176268,0.8691737802827225,0.3234784481280627,0.5138246245691778,0.5790081856228458,-0.014301606351550977,-1,0.5004769817823732,0.48617537543082234,0.5566315854258986,0.014301606351550866
scgpt,fm,1.0,c3_k50,50,2948,malignant cell,0.12,50,0.4905834564254062,0.8574762915101495,0.2651575478093935,0.5065649618414574,0.5574570716395864,-0.0159815054160512,-1,0.5094165435745939,0.4934350381585426,0.5465934268833087,0.015981505416051256
scgpt,fm,1.0,c3_k100,100,2948,malignant cell,0.13,100,0.49876907927129494,0.8553892887720388,0.310601091207987,0.5103706610044313,0.5561692208271787,-0.011601581733136357,-1,0.5012309207287051,0.4896293389955687,0.5291112752338748,0.011601581733136412
scgpt,fm,1.0,c23_k25,25,2470,endothelial cell,0.76,25,0.48812161496799605,0.9527939985477175,0.6600875495934353,0.49573670605612996,0.5579125123092072,-0.007615091088133907,-1,0.5118783850320039,0.50426329394387,0.5583248707533234,0.007615091088133852
scgpt,fm,1.0,c23_k50,50,2470,endothelial cell,0.66,50,0.4815977351058592,0.9577759128349081,0.7246714404517526,0.4968626907927129,0.555024464549483,-0.01526495568685371,-1,0.5184022648941409,0.503137309207287,0.5526718673067454,0.01526495568685382
scgpt,fm,1.0,c23_k100,100,2470,endothelial cell,0.45,100,0.47928975873953716,0.9404558395278236,0.6550412064722665,0.4842275972427376,0.5365568069916297,-0.0049378385032004535,-1,0.5207102412604628,0.5157724027572624,0.5754931376169374,0.004937838503200398
scgpt,fm,1.0,c21_k25,25,2214,malignant cell,0.12,25,0.4546097981290005,0.7005487143576521,0.013567484460050407,0.5108441038897095,0.5696593426883308,-0.05623430576070898,-1,0.5453902018709995,0.4891558961102905,0.5426098596750369,0.056234305760709036
scgpt,fm,1.0,c21_k50,50,2214,malignant cell,0.14,50,0.4479320531757755,0.6873214643236466,0.01549736546395056,0.5122823578286558,0.5710102781880846,-0.06435030465288033,-1,0.5520679468242244,0.48771764217134417,0.5408811853766617,0.06435030465288027
scgpt,fm,1.0,c21_k100,100,2214,malignant cell,0.15,100,0.44951686361398324,0.6351607096804284,0.007587659115301652,0.5045542528311177,0.5547582779419005,-0.055037389217134414,-1,0.5504831363860168,0.49544574716888234,0.5433722612013786,0.055037389217134414
scgpt,fm,1.0,c14_k25,25,2119,fibroblast,0.92,25,0.5058776464795667,1.109249272784417,0.3100589913030544,0.5128874322993598,0.570799483013294,-0.007009785819793168,1,0.5058776464795667,0.5128874322993598,0.570799483013294,-0.007009785819793168
scgpt,fm,1.0,c14_k50,50,2119,fibroblast,0.86,50,0.49832287050713936,1.0799916041316073,0.4875562753791157,0.5112590780403742,0.559738121614968,-0.012936207533234823,-1,0.5016771294928606,0.4887409219596258,0.5430560684391924,0.012936207533234767
scgpt,fm,1.0,c14_k100,100,2119,fibroblast,0.71,100,0.49627646479566717,1.074836409124363,0.5490474227781252,0.5064439469473165,0.5468311484490398,-0.010167482151649365,-1,0.5037235352043328,0.4935560530526834,0.5405957656326933,0.010167482151649365
scgpt,fm,1.0,c6_k25,25,1943,fibroblast,0.8,25,0.48653680452978826,1.0636877804414757,0.5410092342572632,0.5102012555391433,0.5668990029542097,-0.023664451009355048,-1,0.5134631954702118,0.48979874446085675,0.5460333579517479,0.023664451009355048
scgpt,fm,1.0,c6_k50,50,1943,fibroblast,0.74,50,0.4932145494830133,1.0702821861720484,0.5344164843920146,0.5119783973412112,0.5686269079271296,-0.018763847858197902,-1,0.5067854505169866,0.4880216026587888,0.5375346196454949,0.018763847858197846
scgpt,fm,1.0,c6_k100,100,1943,fibroblast,0.58,100,0.4898910635155096,1.064604596203188,0.6090425953210474,0.5049449162973905,0.5479635955194485,-0.015053852781880872,-1,0.5101089364844904,0.49505508370260953,0.540909650418513,0.015053852781880872
scgpt,fm,1.0,c26_k25,25,1779,"effector memory CD8-positive, alpha-beta T cell",0.0,25,0.5147095027080256,1.0162934431304707,0.9391272985099152,0.49966442023633684,0.5487336903003446,0.015045082471688787,1,0.5147095027080256,0.49966442023633684,0.5487336903003446,0.015045082471688787
scgpt,fm,1.0,c26_k50,50,1779,"effector memory CD8-positive, alpha-beta T cell",0.02,50,0.4910604382077794,1.0215583077151595,0.9309742318269908,0.5004122815115707,0.5576640201871,-0.009351843303791296,-1,0.5089395617922206,0.49958771848842937,0.5581440792712948,0.009351843303791185
scgpt,fm,1.0,c26_k100,100,1779,"effector memory CD8-positive, alpha-beta T cell",0.05,100,0.45342503692762187,0.8523958733980488,0.5074153398913144,0.4842303668143771,0.5356866999015263,-0.030805329886755217,-1,0.5465749630723782,0.5157696331856229,0.5673582902511077,0.030805329886755328
scgpt,fm,1.0,c18_k25,25,1613,malignant cell,0.4,25,0.5260955194485475,1.108503868097826,0.5359502526374069,0.48566823609059573,0.5506693131462335,0.04042728335795176,1,0.5260955194485475,0.48566823609059573,0.5506693131462335,0.04042728335795176
scgpt,fm,1.0,c18_k50,50,1613,malignant cell,0.28,50,0.5223104382077794,1.0636977934607426,0.7390973615964604,0.48565338810930575,0.545604074347612,0.0366570500984737,1,0.5223104382077794,0.48565338810930575,0.545604074347612,0.0366570500984737
scgpt,fm,1.0,c18_k100,100,1613,malignant cell,0.21,100,0.5423744460856721,1.1010499857093223,0.6259589510377218,0.48863898633677993,0.5411635278188084,0.053735459748892156,1,0.5423744460856721,0.48863898633677993,0.5411635278188084,0.053735459748892156
scgpt,fm,1.0,c12_k25,25,1531,malignant cell,0.12,25,0.4622107336287543,0.7198324316126553,0.008903647764922704,0.504675190792713,0.5583394879369767,-0.042464457163958635,-1,0.5377892663712457,0.495324809207287,0.5494799359921221,0.04246445716395869
scgpt,fm,1.0,c12_k50,50,1531,malignant cell,0.08,50,0.4717349827671098,0.6638542671609834,0.0054381121660143925,0.50874292220581,0.5673544436238306,-0.03700793943870018,-1,0.5282650172328902,0.49125707779419003,0.5472065792712949,0.03700793943870018
scgpt,fm,1.0,c12_k100,100,1531,malignant cell,0.08,100,0.4967688330871492,0.6742491942963108,0.02231040300336999,0.5107561699901526,0.5563546282619399,-0.013987336903003411,-1,0.5032311669128509,0.48924383000984734,0.5321193377646479,0.013987336903003522
scgpt,fm,1.0,c16_k25,25,1383,macrophage,0.56,25,0.5146941161989168,0.9148791465239802,0.46664731281901173,0.5051895617922206,0.5655572993599212,0.009504554406696175,1,0.5146941161989168,0.5051895617922206,0.5655572993599212,0.009504554406696175
scgpt,fm,1.0,c16_k50,50,1383,macrophage,0.5,50,0.5084010339734121,0.891475914601058,0.3676320562404156,0.4996501107828656,0.5533157927129492,0.008750923190546489,1,0.5084010339734121,0.4996501107828656,0.5533157927129492,0.008750923190546489
scgpt,fm,1.0,c16_k100,100,1383,macrophage,0.48,100,0.502477227966519,0.9458151366385522,0.6723098739068907,0.4896427252584934,0.5425413897095027,0.012834502708025552,1,0.502477227966519,0.4896427252584934,0.5425413897095027,0.012834502708025552
scgpt,fm,1.0,c13_k25,25,1338,pericyte,0.68,25,0.4878292712949286,1.0547828641972428,0.6518893638756074,0.4978800467749877,0.5484159588872477,-0.010050775480059115,-1,0.5121707287050714,0.5021199532250123,0.5526734059576563,0.01005077548005906
scgpt,fm,1.0,c13_k50,50,1338,pericyte,0.62,50,0.4881831610044313,1.0414130295760973,0.7599420474158762,0.4906943162235352,0.5481097673559823,-0.002511155219103889,-1,0.5118168389955686,0.5093056837764648,0.5689546405711473,0.0025111552191038333
scgpt,fm,1.0,c13_k100,100,1338,pericyte,0.52,100,0.490768094534712,1.0604470153004824,0.6914176686052169,0.48715364967996067,0.5363890940423437,0.0036144448547513197,-1,0.5092319054652881,0.5128463503200393,0.5608744153126538,-0.003614444854751264
scgpt,fm,1.0,c27_k25,25,1312,malignant cell,0.88,25,0.46728828163466274,0.8202582522004987,0.5349142043647679,0.4770307884047268,0.5290681930083703,-0.009742506770064052,-1,0.5327117183653373,0.5229692115952732,0.5795359428852781,0.009742506770064052
scgpt,fm,1.0,c27_k50,50,1312,malignant cell,0.84,50,0.4647187346134909,0.8455441350642411,0.6774432876101296,0.46004977535696695,0.510515140324963,0.004668959256523941,-1,0.5352812653865091,0.539950224643033,0.5884431930083702,-0.004668959256523886
scgpt,fm,1.0,c27_k100,100,1312,malignant cell,0.86,100,0.4798898325947809,1.0609138577801902,0.8968689985109201,0.4500881646971935,0.491045821024126,0.029801667897587425,-1,0.5201101674052191,0.5499118353028065,0.5919543943870015,-0.029801667897587425
scgpt,fm,1.0,c0_k25,25,1237,memory B cell,0.12,25,0.4373615214180207,0.7162919073519842,0.012395295553067096,0.4894587795420975,0.5445539451009356,-0.052097258124076784,-1,0.5626384785819794,0.5105412204579025,0.5670913343180699,0.05209725812407684
scgpt,fm,1.0,c0_k50,50,1237,memory B cell,0.1,50,0.43762309207287053,0.7261745985319229,0.020513383490075764,0.49217980674544565,0.541869768586903,-0.05455671467257511,-1,0.5623769079271295,0.5078201932545544,0.5587795420974889,0.05455671467257506
scgpt,fm,1.0,c0_k100,100,1237,memory B cell,0.13,100,0.4363767848350566,0.7091479713010602,0.01777928287894772,0.4877120260955195,0.5350973966026588,-0.051335241260462905,-1,0.5636232151649434,0.5122879739044806,0.5684353458887246,0.05133524126046285
scgpt,fm,1.0,c19_k25,25,1214,malignant cell,0.36,25,0.5318346873461349,1.2732048914516676,0.13999182456739775,0.49915705009847366,0.5571378015755786,0.03267763724766126,1,0.5318346873461349,0.49915705009847366,0.5571378015755786,0.03267763724766126
scgpt,fm,1.0,c19_k50,50,1214,malignant cell,0.24,50,0.55005231413097,1.3251331380456715,0.12164326948868136,0.49649341457410145,0.5554791358936485,0.053558899556868544,1,0.55005231413097,0.49649341457410145,0.5554791358936485,0.053558899556868544
scgpt,fm,1.0,c19_k100,100,1214,malignant cell,0.15,100,0.5604228212703102,1.34726581301297,0.1173745422711684,0.4927271818069916,0.5451055514524865,0.06769563946331858,1,0.5604228212703102,0.4927271818069916,0.5451055514524865,0.06769563946331858
scgpt,fm,1.0,c2_k25,25,1211,IgG plasma cell,0.08,25,0.45239414081733137,0.7212647855039623,0.075820244525876,0.4780776864844904,0.5434761201378632,-0.025683545667159025,-1,0.5476058591826687,0.5219223135155096,0.5852027941900542,0.025683545667159136
scgpt,fm,1.0,c2_k50,50,1211,IgG plasma cell,0.06,50,0.4491168143771541,0.6630221123882016,0.04739374106821213,0.4704406696208764,0.5273510585918266,-0.021323855243722267,-1,0.5508831856228459,0.5295593303791236,0.5897379677498767,0.021323855243722267
scgpt,fm,1.0,c2_k100,100,1211,IgG plasma cell,0.06,100,0.4634416543574594,0.6829072701328253,0.10935676919879325,0.464216057360906,0.5183368722304282,-0.000774403003446611,-1,0.5365583456425407,0.535783942639094,0.5900726243229937,0.0007744030034466665
scgpt,fm,1.0,c10_k25,25,1194,malignant cell,0.16,25,0.4625953963564746,0.6723802475583865,0.0047607303939662575,0.5085656696208765,0.562882354751354,-0.04597027326440184,-1,0.5374046036435254,0.4914343303791236,0.5507893279172822,0.045970273264401784
scgpt,fm,1.0,c10_k50,50,1194,malignant cell,0.1,50,0.48859859675036926,0.6735041394948933,0.010934192500981939,0.5047081948547514,0.5539535635155096,-0.016109598104382117,-1,0.5114014032496308,0.4952918051452487,0.5480851489414081,0.016109598104382117
scgpt,fm,1.0,c10_k100,100,1194,malignant cell,0.1,100,0.49412235352043327,0.659308980449117,0.016009361341428784,0.5074246061053668,0.5583794928606597,-0.013302252584933505,-1,0.5058776464795667,0.4925753938946332,0.5391355859182667,0.013302252584933505
scgpt,fm,1.0,c8_k25,25,1083,malignant cell,0.16,25,0.4301452486459872,0.6483256098105201,0.010187346126703568,0.5016504338995569,0.5689607951747907,-0.07150518525356969,-1,0.5698547513540129,0.49834956610044306,0.5557337826193993,0.0715051852535698
scgpt,fm,1.0,c8_k50,50,1083,malignant cell,0.22,50,0.417051329394387,0.6030644316387342,0.008678331966146301,0.5076264771048744,0.5580148325947808,-0.09057514771048741,-1,0.5829486706056131,0.4923735228951256,0.5454117429837518,0.09057514771048747
scgpt,fm,1.0,c8_k100,100,1083,malignant cell,0.21,100,0.4169897833579517,0.5551820297617791,0.0041201234913430885,0.507245199409158,0.5474050652387986,-0.0902554160512063,-1,0.5830102166420483,0.492754800590842,0.5376384785819793,0.09025541605120635
scgpt,fm,1.0,c5_k25,25,998,malignant cell,0.04,25,0.4253292712949286,0.9258271147041566,0.6922921625321787,0.5077192577548006,0.5702317208271788,-0.08238998645987206,-1,0.5746707287050714,0.49228074224519935,0.5520210179714427,0.08238998645987206
scgpt,fm,1.0,c5_k50,50,998,malignant cell,0.08,50,0.40708087149187594,0.8991145033435277,0.6443456941835886,0.4879239752584933,0.5372176575578532,-0.08084310376661735,-1,0.5929191285081241,0.5120760247415066,0.5706125369276218,0.08084310376661752
scgpt,fm,1.0,c5_k100,100,998,malignant cell,0.08,100,0.4137432299359921,1.0221600591031195,0.9293262119505171,0.487947824347612,0.5385416666666667,-0.07420459441161992,-1,0.5862567700640079,0.5120521756523879,0.5654403618906942,0.07420459441161997
scgpt,fm,1.0,c20_k25,25,906,malignant cell,0.48,25,0.42800652387986216,0.7869666736250418,0.09053691697549092,0.49786896848842926,0.5555399126046283,-0.06986244460856711,-1,0.5719934761201378,0.5021310315115707,0.560132785573609,0.06986244460856716
scgpt,fm,1.0,c20_k50,50,906,malignant cell,0.36,50,0.4352997291974397,0.8027696054867531,0.15939909020516252,0.5021746522648942,0.5643817700640078,-0.06687492306745452,-1,0.5647002708025604,0.4978253477351059,0.5495099396848842,0.06687492306745446
scgpt,fm,1.0,c20_k100,100,906,malignant cell,0.32,100,0.43999261447562776,0.7987580207913741,0.17900433264396615,0.49185022772033477,0.5437207656326932,-0.051857613244707,-1,0.5600073855243722,0.5081497722796652,0.5609244214672575,0.05185761324470706
scgpt,fm,1.0,c11_k25,25,735,malignant cell,0.16,25,0.5746091826686361,1.2453622402128979,0.2962351397329491,0.508037758493353,0.5637593857705564,0.06657142417528317,1,0.5746091826686361,0.508037758493353,0.5637593857705564,0.06657142417528317
scgpt,fm,1.0,c11_k50,50,735,malignant cell,0.12,50,0.576101674052191,1.125560658527809,0.5825925345479743,0.5019655496061054,0.5590134170359429,0.07413612444608564,1,0.576101674052191,0.5019655496061054,0.5590134170359429,0.07413612444608564
scgpt,fm,1.0,c11_k100,100,735,malignant cell,0.11,100,0.5732397833579518,1.054050129872427,0.8176786996935915,0.5000017694485475,0.5464780280649926,0.07323801390940432,1,0.5732397833579518,0.5000017694485475,0.5464780280649926,0.07323801390940432
scgpt,fm,1.0,c28_k25,25,696,"CD4-positive, alpha-beta T cell",0.0,25,0.4455471442639094,0.7743173418736234,0.1873007930669693,0.5075303114229444,0.5614575640078778,-0.06198316715903496,-1,0.5544528557360906,0.4924696885770557,0.5572178114229442,0.0619831671590349
scgpt,fm,1.0,c28_k50,50,696,"CD4-positive, alpha-beta T cell",0.0,50,0.4517171344165436,0.7378718051095874,0.14923580795011718,0.49798028988183163,0.5486290620384048,-0.04626315546528803,-1,0.5482828655834564,0.5020197101181684,0.5568162235352044,0.04626315546528803
scgpt,fm,1.0,c28_k100,100,696,"CD4-positive, alpha-beta T cell",0.0,100,0.44890140324963074,0.6792922626233614,0.07312332986296338,0.49711718365337276,0.5493591518956179,-0.048215780403742026,-1,0.5510985967503692,0.5028828163466272,0.5512724643032987,0.04821578040374197
scgpt,fm,1.0,c4_k25,25,652,T cell,0.0,25,0.4532096258000985,0.8215504937247963,0.10247816201676263,0.4755989198670605,0.5350096935007386,-0.022389294066961996,-1,0.5467903741999015,0.5244010801329395,0.579778280403742,0.022389294066961996
scgpt,fm,1.0,c4_k50,50,652,T cell,0.04,50,0.4493476120137863,0.7858285033177587,0.06805501805636291,0.4637913127769572,0.5181891617429838,-0.014443700763170864,-1,0.5506523879862137,0.5362086872230428,0.5932691715903495,0.014443700763170919
scgpt,fm,1.0,c4_k100,100,652,T cell,0.05,100,0.451517109798129,0.8004219369377042,0.1460034860357708,0.46376246307237823,0.5134124199901525,-0.012245353274249249,-1,0.548482890201871,0.5362375369276219,0.5832340903495814,0.012245353274249138
scgpt,fm,1.0,c33_k25,25,560,malignant cell,0.12,25,0.4566869768586903,0.7990715922818712,0.05104642685259261,0.5089431006893156,0.5669697808961103,-0.05225612383062528,-1,0.5433130231413097,0.4910568993106844,0.565956579271295,0.05225612383062528
scgpt,fm,1.0,c33_k50,50,560,malignant cell,0.12,50,0.45987198424421466,0.7769195824358699,0.050592950666155385,0.5018067608321024,0.5537720027080255,-0.041934776587887745,-1,0.5401280157557853,0.49819323916789754,0.5544782434761201,0.041934776587887745
scgpt,fm,1.0,c33_k100,100,560,malignant cell,0.16,100,0.4693193008370261,0.7817535367276991,0.11012788491316221,0.4946498799852289,0.5439084810438207,-0.025330579148202803,-1,0.5306806991629739,0.5053501200147711,0.5563761693746921,0.025330579148202803
scgpt,fm,1.0,c31_k25,25,444,malignant cell,0.12,25,0.4513940177252585,0.6080756632962299,0.01072611840175619,0.5010402049483014,0.5655949963072379,-0.04964618722304287,-1,0.5486059822747416,0.4989597950516987,0.5689592565238799,0.04964618722304287
scgpt,fm,1.0,c31_k50,50,444,malignant cell,0.14,50,0.4359151895617922,0.6017711537031126,0.005382617470542056,0.49434653495814873,0.5509178052683407,-0.05843134539635653,-1,0.5640848104382078,0.5056534650418513,0.5627754185130478,0.05843134539635653
scgpt,fm,1.0,c31_k100,100,444,malignant cell,0.13,100,0.46247230428360414,0.6069131721530668,0.00979958680141777,0.5026198609059577,0.5503154234367307,-0.04014755662235353,-1,0.5375276957163959,0.49738013909404233,0.5497068870014771,0.040147556622353586
scgpt,fm,1.0,c32_k25,25,387,malignant cell,0.28,25,0.43137616937469225,0.6673453393991896,0.01700639368044418,0.5050458517971442,0.5598650603151156,-0.07366968242245198,-1,0.5686238306253077,0.49495414820285577,0.5655419128508125,0.07366968242245198
scgpt,fm,1.0,c32_k50,50,387,malignant cell,0.22,50,0.46182607090103395,0.6469330287925693,0.024500189765579158,0.5067711410635155,0.5619668574593796,-0.04494507016248156,-1,0.538173929098966,0.4932288589364845,0.5372807422451994,0.044945070162481504
scgpt,fm,1.0,c32_k100,100,387,malignant cell,0.18,100,0.4621338010832102,0.5989911666756308,0.028607222898725523,0.5056470796405711,0.5615506523879862,-0.04351327855736087,-1,0.5378661989167898,0.49435292035942885,0.5383793389955687,0.043513278557360924
scgpt,fm,1.0,c22_k25,25,322,malignant cell,0.2,25,0.46618045297882815,0.7141441124899834,0.035122917888445015,0.507774879985229,0.555401434022649,-0.041594427006400814,-1,0.5338195470211718,0.4922251200147711,0.5443885401280157,0.04159442700640076
scgpt,fm,1.0,c22_k50,50,322,malignant cell,0.18,50,0.42617552929591335,0.629948991386626,0.011470142946450976,0.5035132785573608,0.5516017355982274,-0.07733774926144749,-1,0.5738244707040867,0.4964867214426391,0.5558376415558838,0.0773377492614476
scgpt,fm,1.0,c22_k100,100,322,malignant cell,0.13,100,0.43903865091088135,0.6070276473185028,0.03302004779655805,0.5060630539143279,0.5572824347612013,-0.06702440300344659,-1,0.5609613490891187,0.49393694608567207,0.5442100566223534,0.06702440300344659
scgpt,fm,1.0,c25_k25,25,285,mast cell,0.44,25,0.440715780403742,0.8571639781495201,0.299277885498156,0.4618373030526834,0.5287766186607582,-0.021121522648941404,-1,0.559284219596258,0.5381626969473166,0.5897195039389462,0.021121522648941404
scgpt,fm,1.0,c25_k50,50,285,mast cell,0.32,50,0.4390848104382078,0.7384625825057051,0.09319394017010182,0.47516294313146235,0.5346019510093549,-0.03607813269325455,-1,0.5609151895617922,0.5248370568685377,0.5759047267355982,0.03607813269325455
scgpt,fm,1.0,c25_k100,100,285,mast cell,0.2,100,0.4442085179714426,0.7027975061850409,0.10655693676681623,0.4712489998769079,0.522510462826194,-0.027040481905465263,-1,0.5557914820285574,0.5287510001230921,0.5792112875430823,0.027040481905465374
scgpt,fm,1.0,c1_k25,25,241,memory B cell,0.48,25,0.43454579025110784,0.7724600877279724,0.11535307655040304,0.4827397987444608,0.5432483998030526,-0.04819400849335298,-1,0.5654542097488922,0.5172602012555392,0.5825824716888233,0.04819400849335298
scgpt,fm,1.0,c1_k50,50,241,memory B cell,0.26,50,0.4457625553914328,0.7204686775441475,0.09898552714216365,0.48670228643525354,0.5438477043328409,-0.04093973104382076,-1,0.5542374446085672,0.5132977135647465,0.5759101120137864,0.04093973104382065
scgpt,fm,1.0,c1_k100,100,241,memory B cell,0.15,100,0.4304837518463811,0.6849500196926805,0.08710608858749458,0.48986029049729196,0.5392425221565731,-0.05937653865091086,-1,0.5695162481536189,0.510139709502708,0.5582587087641555,0.05937653865091086
scgpt,fm,1.0,c29_k25,25,202,"CD4-positive, alpha-beta T cell",0.0,25,0.4335764401772526,0.7209188127052689,0.04207381948897014,0.4911442177498769,0.5494860905957656,-0.05756777757262427,-1,0.5664235598227474,0.5088557822501231,0.5677037173806008,0.057567777572624323
scgpt,fm,1.0,c29_k50,50,202,"CD4-positive, alpha-beta T cell",0.02,50,0.43870014771048743,0.7110623680168056,0.03849220825645737,0.49660927498769075,0.555249876907927,-0.05790912727720332,-1,0.5612998522895125,0.5033907250123092,0.5584771971935008,0.05790912727720332
scgpt,fm,1.0,c29_k100,100,202,"CD4-positive, alpha-beta T cell",0.01,100,0.43817700640078777,0.7259597833662751,0.06278090402686298,0.49888124692269825,0.5484875061546036,-0.06070424052191048,-1,0.5618229935992123,0.5011187530773018,0.5614883370260955,0.06070424052191048
geneformer,fm,0.3,c5_k25,25,8207,malignant cell,0.16,25,0.43770002461841456,0.6559998300268184,0.0074715409590246406,0.5106388478581979,0.5732967134416543,-0.07293882323978335,-1,0.5622999753815854,0.48936115214180204,0.5588618599212212,0.07293882323978335
geneformer,fm,0.3,c5_k50,50,8207,malignant cell,0.14,50,0.45017848350566225,0.6343852680530432,0.006610239878636079,0.5074396848842935,0.5579955994583948,-0.05726120137863122,-1,0.5498215164943377,0.4925603151157065,0.5454917528311176,0.05726120137863122
geneformer,fm,0.3,c5_k100,100,8207,malignant cell,0.14,100,0.459764278680453,0.6428097913483679,0.011394165680050151,0.5104416697439685,0.550965503446578,-0.05067739106351554,-1,0.540235721319547,0.48955833025603157,0.5318031450024618,0.05067739106351543
geneformer,fm,0.3,c0_k25,25,5613,T cell,0.0,25,0.4447470457902511,0.7646391840381239,0.0320883836578063,0.48213441654357453,0.5494322378138847,-0.037387370753323435,-1,0.5552529542097489,0.5178655834564254,0.5857951747907434,0.037387370753323435
geneformer,fm,0.3,c0_k50,50,5613,T cell,0.0,50,0.4333148695224028,0.7248681613606676,0.019957848627887215,0.4757693254554407,0.5449670728705072,-0.04245445593303793,-1,0.5666851304775973,0.5242306745445593,0.5827232582471689,0.04245445593303798
geneformer,fm,0.3,c0_k100,100,5613,T cell,0.01,100,0.43193008370260955,0.7249888816242024,0.027354168669324764,0.4703034988921713,0.5194077732644018,-0.03837341518956178,-1,0.5680699162973905,0.5296965011078286,0.5860913650910882,0.03837341518956183
geneformer,fm,0.3,c11_k25,25,5247,macrophage,0.52,25,0.4869214672575086,0.881815249553989,0.24449162676110991,0.49394640878877405,0.5623907557853274,-0.007024941531265427,-1,0.5130785327424914,0.506053591211226,0.5724889217134417,0.007024941531265427
geneformer,fm,0.3,c11_k50,50,5247,macrophage,0.6,50,0.4866752831117676,0.9001979609052724,0.35738221603569476,0.49135655157557856,0.5548352104874446,-0.00468126846381095,-1,0.5133247168882324,0.5086434484244216,0.570701778680453,0.004681268463810895
geneformer,fm,0.3,c11_k100,100,5247,macrophage,0.42,100,0.48649064500246186,0.9223929322176744,0.5368119952561958,0.4898802160265879,0.5432784034958148,-0.0033895710241260146,-1,0.5135093549975381,0.5101197839734121,0.562131493106844,0.00338957102412607
geneformer,fm,0.3,c8_k25,25,5141,"effector memory CD8-positive, alpha-beta T cell",0.0,25,0.4344842442146726,0.7586098152502544,0.05637323499250228,0.48566077363367804,0.5519956302314131,-0.05117652941900547,-1,0.5655157557853274,0.514339226366322,0.5710733628754308,0.05117652941900541
geneformer,fm,0.3,c8_k50,50,5141,"effector memory CD8-positive, alpha-beta T cell",0.02,50,0.43436115214180204,0.7255342750710371,0.02641353196500007,0.48257654788281634,0.5382947131954702,-0.0482153957410143,-1,0.565638847858198,0.5174234521171835,0.5720350196947316,0.04821539574101441
geneformer,fm,0.3,c8_k100,100,5141,"effector memory CD8-positive, alpha-beta T cell",0.03,100,0.4220211718365337,0.7044631252165273,0.02232191610540041,0.47535396664204826,0.5327217195962579,-0.05333279480551456,-1,0.5779788281634664,0.5246460333579518,0.5770440977351058,0.05333279480551456
geneformer,fm,0.3,c3_k25,25,4967,fibroblast,0.88,25,0.4899833825701625,1.036764247764341,0.7436752856994782,0.50882423990645,0.561482182422452,-0.018840857336287486,-1,0.5100166174298375,0.49117576009354996,0.543132231659281,0.018840857336287542
geneformer,fm,0.3,c3_k50,50,4967,fibroblast,0.72,50,0.4954917528311177,1.0595618061255008,0.6041379296067348,0.5101254769817823,0.5588149310684392,-0.014633724150664662,-1,0.5045082471688823,0.4898745230182176,0.5425183099458395,0.014633724150664718
geneformer,fm,0.3,c3_k100,100,4967,fibroblast,0.63,100,0.49052191038897097,1.0702234422398433,0.5845735796356267,0.5071224150664697,0.5488806314623337,-0.01660050467749874,-1,0.509478089611029,0.49287758493353023,0.5408273325947809,0.016600504677498795
geneformer,fm,0.3,c9_k25,25,4110,malignant cell,0.08,25,0.546174913835549,0.9901584139646591,0.9612938940276422,0.5075233105612998,0.5697516617429838,0.0386516032742491,1,0.546174913835549,0.5075233105612998,0.5697516617429838,0.0386516032742491
geneformer,fm,0.3,c9_k50,50,4110,malignant cell,0.06,50,0.5495137863121615,0.9294523982025128,0.7485928401339428,0.5142418297636633,0.5696916543574594,0.03527195654849824,1,0.5495137863121615,0.5142418297636633,0.5696916543574594,0.03527195654849824
geneformer,fm,0.3,c9_k100,100,4110,malignant cell,0.07,100,0.5486983013293943,0.8554482291630153,0.5128914501360446,0.5081858536435253,0.5539481782373215,0.040512447685869035,1,0.5486983013293943,0.5081858536435253,0.5539481782373215,0.040512447685869035
geneformer,fm,0.3,c4_k25,25,3102,malignant cell,0.08,25,0.5096935007385525,0.9063773052539369,0.4520085109323624,0.5152739567946825,0.5739206363860166,-0.005580456056130001,1,0.5096935007385525,0.5152739567946825,0.5739206363860166,-0.005580456056130001
geneformer,fm,0.3,c4_k50,50,3102,malignant cell,0.12,50,0.4809361152141802,0.8298202072424671,0.15605900406074602,0.5117786804529788,0.5614067885278188,-0.03084256523879858,-1,0.5190638847858198,0.48822131954702114,0.5440685007385524,0.030842565238798636
geneformer,fm,0.3,c4_k100,100,3102,malignant cell,0.13,100,0.492168266863614,0.8481106490957177,0.26824854156939687,0.5108093303791236,0.5650703163466273,-0.018641063515509593,-1,0.507831733136386,0.48919066962087643,0.532384755046775,0.018641063515509537
geneformer,fm,0.3,c7_k25,25,2612,"effector memory CD8-positive, alpha-beta T cell",0.0,25,0.5035235105859183,1.0516882607484208,0.8259875733239186,0.49930129862136874,0.5591457410142787,0.004222211964549527,1,0.5035235105859183,0.49930129862136874,0.5591457410142787,0.004222211964549527
geneformer,fm,0.3,c7_k50,50,2612,"effector memory CD8-positive, alpha-beta T cell",0.02,50,0.47959748892171344,1.0264635507149669,0.9195315139960739,0.5017707564007878,0.5580817639094042,-0.022173267479074388,-1,0.5204025110782866,0.49822924359921217,0.5578486582964057,0.022173267479074443
geneformer,fm,0.3,c7_k100,100,2612,"effector memory CD8-positive, alpha-beta T cell",0.04,100,0.44494707040866566,0.8596555738020328,0.5543020157635579,0.4898529819054653,0.539004800590842,-0.04490591149679962,-1,0.5550529295913343,0.5101470180945347,0.5576332471688823,0.04490591149679968
geneformer,fm,0.3,c10_k25,25,2475,endothelial cell,0.76,25,0.4920913343180699,0.963774311560623,0.7437086405106109,0.49759816592811423,0.559525018463811,-0.005506831610044338,-1,0.50790866568193,0.5024018340718858,0.5681276157065485,0.005506831610044283
geneformer,fm,0.3,c10_k50,50,2475,endothelial cell,0.66,50,0.481366937469227,0.9602999785643593,0.7438287019095082,0.4948745999507632,0.5517217503692762,-0.013507662481536231,-1,0.518633062530773,0.5051254000492369,0.5626015509601181,0.01350766248153612
geneformer,fm,0.3,c10_k100,100,2475,endothelial cell,0.45,100,0.47928975873953716,0.9404558395278235,0.6550412064722662,0.48690323424421467,0.5450955502215657,-0.007613475504677503,-1,0.5207102412604628,0.5130967657557853,0.5665212641555883,0.007613475504677503
geneformer,fm,0.3,c6_k25,25,2205,malignant cell,0.12,25,0.49981536189069425,0.7307313926648334,0.027682325572648506,0.5089154049729198,0.5624246061053668,-0.009100043082225506,-1,0.5001846381093058,0.49108459502708024,0.5491298929098966,0.009100043082225562
geneformer,fm,0.3,c6_k50,50,2205,malignant cell,0.1,50,0.5196947316592812,0.735731581532058,0.07917986489689645,0.5113432422451994,0.557526310930576,0.008351489414081703,1,0.5196947316592812,0.5113432422451994,0.557526310930576,0.008351489414081703
geneformer,fm,0.3,c6_k100,100,2205,malignant cell,0.05,100,0.5238490891186608,0.6985425601901786,0.0734061938085613,0.5151151680206795,0.5571985782865583,0.008733921097981323,1,0.5238490891186608,0.5151151680206795,0.5571985782865583,0.008733921097981323
geneformer,fm,0.3,c14_k25,25,1657,malignant cell,0.4,25,0.5260955194485475,1.108503868097826,0.5359502526374071,0.48188507816346626,0.5482782496307238,0.044210441285081226,1,0.5260955194485475,0.48188507816346626,0.5482782496307238,0.044210441285081226
geneformer,fm,0.3,c14_k50,50,1657,malignant cell,0.28,50,0.5228951255539144,1.0865748965165218,0.664322444723036,0.4860600535450517,0.5410773633677991,0.03683507200886266,1,0.5228951255539144,0.4860600535450517,0.5410773633677991,0.03683507200886266
geneformer,fm,0.3,c14_k100,100,1657,malignant cell,0.21,100,0.5464826440177253,1.127422597831573,0.5537952452288758,0.49052437223042844,0.5393771541112752,0.05595827178729684,1,0.5464826440177253,0.49052437223042844,0.5393771541112752,0.05595827178729684
geneformer,fm,0.3,c1_k25,25,1422,memory B cell,0.16,25,0.43263786312161495,0.7208521447527494,0.018284495166675296,0.4872688946331856,0.5503123461349089,-0.05463103151157067,-1,0.567362136878385,0.5127311053668143,0.5728289635647464,0.05463103151157067
geneformer,fm,0.3,c1_k50,50,1422,memory B cell,0.22,50,0.4317608321024126,0.7169753471659284,0.020624424190967484,0.48797244276218615,0.5460725935499754,-0.05621161065977354,-1,0.5682391678975873,0.5120275572378139,0.5731951624815361,0.056211610659773426
geneformer,fm,0.3,c1_k100,100,1422,memory B cell,0.13,100,0.4337303052683407,0.7063855166723844,0.0195446842694182,0.486472565854259,0.5306522341211225,-0.0527422605859183,-1,0.5662696947316592,0.5135274341457411,0.5586741445100936,0.05274226058591813
geneformer,fm,0.3,c13_k25,25,1311,malignant cell,0.88,25,0.46728828163466274,0.8202582522004987,0.5349142043647679,0.46754285142786806,0.5243045297882817,-0.00025456979320531703,-1,0.5327117183653373,0.5324571485721319,0.5896017971442639,0.00025456979320537254
geneformer,fm,0.3,c13_k50,50,1311,malignant cell,0.84,50,0.4647187346134909,0.845544135064241,0.6774432876101295,0.45969565484982766,0.5156073055145248,0.00502307976366323,-1,0.5352812653865091,0.5403043451501723,0.5938177006400788,-0.00502307976366323
geneformer,fm,0.3,c13_k100,100,1311,malignant cell,0.86,100,0.4798898325947809,1.0609138577801902,0.8968689985109198,0.4481780834564254,0.4870976427868045,0.031711749138355505,-1,0.5201101674052191,0.5518219165435746,0.5939300221565731,-0.031711749138355505
geneformer,fm,0.3,c2_k25,25,1133,IgG plasma cell,0.08,25,0.45239414081733137,0.7212647855039623,0.07582024452587637,0.4797738952486459,0.5408642602166419,-0.027379754431314518,-1,0.5476058591826687,0.520226104751354,0.5800890878877399,0.027379754431314685
geneformer,fm,0.3,c2_k50,50,1133,IgG plasma cell,0.06,50,0.4491168143771541,0.6630221123882016,0.04739374106821213,0.47436161373707536,0.5288004677498769,-0.025244799359921244,-1,0.5508831856228459,0.5256383862629247,0.5733536435253569,0.02524479935992119
geneformer,fm,0.3,c2_k100,100,1133,IgG plasma cell,0.06,100,0.46431868537666177,0.6864382426080754,0.1204539855056559,0.46506154603643524,0.5175544682422452,-0.0007428606597734699,-1,0.5356813146233382,0.5349384539635648,0.5827655711472182,0.0007428606597734699
geneformer,fm,0.3,c15_k25,25,539,malignant cell,0.12,25,0.4566869768586903,0.7990715922818712,0.05104642685259261,0.5084498861398327,0.5588949409158049,-0.051762909281142355,-1,0.5433130231413097,0.49155011386016745,0.5482482459379615,0.051762909281142244
geneformer,fm,0.3,c15_k50,50,539,malignant cell,0.12,50,0.4595642540620384,0.7820763299559863,0.05124415031593995,0.5026321701132447,0.5605759170359429,-0.0430679160512063,-1,0.5404357459379616,0.49736782988675526,0.5518640755785327,0.043067916051206356
geneformer,fm,0.3,c15_k100,100,539,malignant cell,0.16,100,0.46858074839980307,0.7787982689487949,0.10095278708026185,0.49513801698670606,0.5408265632693254,-0.026557268586902993,-1,0.531419251600197,0.504861983013294,0.5512347673559822,0.026557268586902993
geneformer,fm,0.3,c12_k25,25,261,mast cell,0.4,25,0.44447008862629245,0.845434809176945,0.2641527544375183,0.4605262186115215,0.5192154419005416,-0.01605612998522904,-1,0.5555299113737076,0.5394737813884786,0.5907742491383554,0.016056129985228984
geneformer,fm,0.3,c12_k50,50,261,mast cell,0.32,50,0.4390848104382078,0.738462582505705,0.09319394017010157,0.4716219688577056,0.5341557422451993,-0.03253715841949778,-1,0.5609151895617922,0.5283780311422944,0.5865991198916789,0.03253715841949778
geneformer,fm,0.3,c12_k100,100,261,mast cell,0.2,100,0.4443931560807484,0.7043538384006031,0.10878365481111467,0.4744634724273757,0.5293728458887248,-0.03007031634662727,-1,0.5556068439192516,0.5255365275726243,0.5791697439684884,0.03007031634662738
geneformer,fm,0.5,c12_k25,25,6791,malignant cell,0.16,25,0.4331610044313146,0.6654467064124922,0.007326361396293533,0.5034042651403249,0.5614898756770064,-0.07024326070901027,-1,0.5668389955686854,0.4965957348596751,0.5558945716395864,0.07024326070901032
geneformer,fm,0.5,c12_k50,50,6791,malignant cell,0.14,50,0.45547144263909406,0.6586315738172837,0.012562899539297442,0.5099713810930576,0.5605420667159035,-0.05449993845396356,-1,0.544528557360906,0.4900286189069423,0.5451717134416543,0.05449993845396367
geneformer,fm,0.5,c12_k100,100,6791,malignant cell,0.13,100,0.4576409404234367,0.646151722978349,0.010277388589768798,0.5112125338503201,0.5575232336287543,-0.053571593426883335,-1,0.5423590595765633,0.48878746614967994,0.53441885155096,0.053571593426883335
geneformer,fm,0.5,c10_k25,25,5132,"effector memory CD8-positive, alpha-beta T cell",0.0,25,0.4344842442146726,0.7586098152502543,0.05637323499250197,0.4841746676514033,0.5479551329394386,-0.049690423436730746,-1,0.5655157557853274,0.5158253323485967,0.5744453163466272,0.04969042343673069
geneformer,fm,0.5,c10_k50,50,5132,"effector memory CD8-positive, alpha-beta T cell",0.02,50,0.43436115214180204,0.7255342750710372,0.02641353196500013,0.4869149279911374,0.5415666543574593,-0.05255377584933535,-1,0.565638847858198,0.5130850720088627,0.5659319608567208,0.052553775849335294
geneformer,fm,0.5,c10_k100,100,5132,"effector memory CD8-positive, alpha-beta T cell",0.03,100,0.4220211718365337,0.7044631252165272,0.022321916105400415,0.46625800098473663,0.5246338010832101,-0.04423682914820293,-1,0.5779788281634664,0.5337419990152634,0.5901180145248646,0.04423682914820293
geneformer,fm,0.5,c17_k25,25,4962,T cell,0.0,25,0.4424082964057115,0.7641962712845315,0.02930775831649956,0.4842320593303791,0.5470311730674545,-0.04182376292466761,-1,0.5575917035942886,0.5157679406696208,0.5750338503200394,0.04182376292466772
geneformer,fm,0.5,c17_k50,50,4962,T cell,0.0,50,0.43659219596258003,0.7507909891624418,0.02939278839728252,0.47566908234859673,0.5302837272279665,-0.039076886386016696,-1,0.56340780403742,0.5243309176514033,0.5777957287050715,0.039076886386016696
geneformer,fm,0.5,c17_k100,100,4962,T cell,0.01,100,0.4337303052683407,0.7187316831358951,0.02244761239771652,0.47184591949778437,0.5194177744953226,-0.03811561422944365,-1,0.5662696947316592,0.5281540805022157,0.5810192023633678,0.03811561422944354
geneformer,fm,0.5,c7_k25,25,4188,macrophage,0.52,25,0.49362998522895124,0.8873259186647615,0.2754838421478414,0.49162896971935005,0.5509470396356474,0.0020010155096011895,-1,0.5063700147710488,0.5083710302806499,0.5716557422451994,-0.0020010155096010784
geneformer,fm,0.5,c7_k50,50,4188,macrophage,0.48,50,0.4914143279172821,0.8775007032098054,0.27573585493850017,0.49466672821270313,0.5481020741014279,-0.0032524002954210096,-1,0.5085856720827179,0.5053332717872969,0.56769371614968,0.003252400295420954
geneformer,fm,0.5,c7_k100,100,4188,macrophage,0.43,100,0.4954917528311177,0.9271071415549407,0.5657081299475579,0.4845864106351552,0.536229074347612,0.010905342195962509,-1,0.5045082471688823,0.5154135893648448,0.571700363121615,-0.010905342195962509
geneformer,fm,0.5,c13_k25,25,3907,malignant cell,0.08,25,0.5568223781388478,0.9835632584412132,0.9379120635052043,0.5113596288774003,0.5690738860167405,0.045462749261447555,1,0.5568223781388478,0.5113596288774003,0.5690738860167405,0.045462749261447555
geneformer,fm,0.5,c13_k50,50,3907,malignant cell,0.08,50,0.5460210487444609,0.8929936206440413,0.6009012118177081,0.5133980336041359,0.5657773264401772,0.03262301514032495,1,0.5460210487444609,0.5133980336041359,0.5657773264401772,0.03262301514032495
geneformer,fm,0.5,c13_k100,100,3907,malignant cell,0.12,100,0.5215718857705564,0.7295946465176895,0.14619475016439196,0.5063967872968981,0.5508424113737075,0.015175098473658277,1,0.5215718857705564,0.5063967872968981,0.5508424113737075,0.015175098473658277
geneformer,fm,0.5,c2_k25,25,3706,fibroblast,0.88,25,0.4894294682422452,1.0758081954635066,0.47507574040345957,0.5102077178729689,0.5694862444608566,-0.020778249630723722,-1,0.5105705317577548,0.4897922821270311,0.5494083887247662,0.020778249630723722
geneformer,fm,0.5,c2_k50,50,3706,fibroblast,0.82,50,0.4952917282127031,1.0751718538878223,0.5043304452329548,0.5121083364106351,0.5595681006893156,-0.016816608197932015,-1,0.5047082717872968,0.48789166358936487,0.5433884170359428,0.01681660819793196
geneformer,fm,0.5,c2_k100,100,3706,fibroblast,0.66,100,0.49318377646479566,1.0654074249623917,0.6006116267670194,0.5104184361152142,0.5621384170359429,-0.017234659650418538,-1,0.5068162235352043,0.48958156388478585,0.5406788527818809,0.017234659650418427
geneformer,fm,0.5,c4_k25,25,3119,malignant cell,0.08,25,0.5096935007385525,0.9063773052539369,0.4520085109323626,0.5133814931068439,0.5723658296405711,-0.003687992368291426,1,0.5096935007385525,0.5133814931068439,0.5723658296405711,-0.003687992368291426
geneformer,fm,0.5,c4_k50,50,3119,malignant cell,0.12,50,0.47982828655834564,0.8264333902169733,0.1470737268134078,0.505809253446578,0.5603874322993598,-0.02598096688823237,-1,0.5201717134416544,0.49419074655342193,0.5524518402264894,0.025980966888232426
geneformer,fm,0.5,c4_k100,100,3119,malignant cell,0.14,100,0.49135278188084686,0.8439497644180372,0.25888102387836975,0.510579609798129,0.5613898633677991,-0.01922682791728214,-1,0.5086472181191531,0.48942039020187095,0.5379631339241753,0.019226827917282197
geneformer,fm,0.5,c9_k25,25,2486,endothelial cell,0.76,25,0.4920913343180699,0.963774311560623,0.7437086405106109,0.5013709379615953,0.5585625923190547,-0.00927960364352537,-1,0.50790866568193,0.49862906203840474,0.5639224827671098,0.009279603643525314
geneformer,fm,0.5,c9_k50,50,2486,endothelial cell,0.66,50,0.481366937469227,0.9602999785643593,0.7438287019095086,0.49461787604628266,0.5540928114229444,-0.013250938577055671,-1,0.518633062530773,0.5053821239537174,0.5600081548498277,0.013250938577055615
geneformer,fm,0.5,c9_k100,100,2486,endothelial cell,0.45,100,0.47928975873953716,0.9404558395278236,0.6550412064722664,0.48841103520433277,0.5394540866568193,-0.009121276464795602,-1,0.5207102412604628,0.5115889647956672,0.563367799113737,0.009121276464795658
geneformer,fm,0.5,c11_k25,25,2284,"effector memory CD8-positive, alpha-beta T cell",0.0,25,0.508324101427868,1.0184678501703017,0.9315107362907422,0.49772425837026096,0.5502138724766125,0.010599843057607028,1,0.508324101427868,0.49772425837026096,0.5502138724766125,0.010599843057607028
geneformer,fm,0.5,c11_k50,50,2284,"effector memory CD8-positive, alpha-beta T cell",0.02,50,0.47327363367799113,0.9798112469012732,0.9308393650887855,0.4941989783357952,0.5633570285573608,-0.020925344657804046,-1,0.5267263663220089,0.5058010216642048,0.568559976612506,0.020925344657804046
geneformer,fm,0.5,c11_k100,100,2284,"effector memory CD8-positive, alpha-beta T cell",0.03,100,0.4452240275726243,0.8449559067674522,0.4937679459375425,0.48629954455933033,0.5401141678975874,-0.04107551698670603,-1,0.5547759724273758,0.5137004554406696,0.5653680452978828,0.041075516986706195
geneformer,fm,0.5,c14_k25,25,2199,malignant cell,0.12,25,0.5046621122599705,0.7367216712690638,0.030990770954799008,0.5102166420482521,0.5662196885770556,-0.005554529788281637,1,0.5046621122599705,0.5102166420482521,0.5662196885770556,-0.005554529788281637
geneformer,fm,0.5,c14_k50,50,2199,malignant cell,0.1,50,0.5196947316592812,0.7357315815320579,0.07917986489689632,0.5114347919743969,0.5638178545051699,0.008259939684884254,1,0.5196947316592812,0.5114347919743969,0.5638178545051699,0.008259939684884254
geneformer,fm,0.5,c14_k100,100,2199,malignant cell,0.05,100,0.5249261447562777,0.6933402810911276,0.07114113618392394,0.5137900049236829,0.5551983321024127,0.011136139832594871,1,0.5249261447562777,0.5137900049236829,0.5551983321024127,0.011136139832594871
geneformer,fm,0.5,c5_k25,25,1670,malignant cell,0.4,25,0.518309945839488,1.0936544714833516,0.6073918823519308,0.4822707410142787,0.5389040189561791,0.03603920482520928,1,0.518309945839488,0.4822707410142787,0.5389040189561791,0.03603920482520928
geneformer,fm,0.5,c5_k50,50,1670,malignant cell,0.28,50,0.5228951255539144,1.0865748965165218,0.664322444723036,0.48364414081733137,0.5424467626784836,0.039250984736583006,1,0.5228951255539144,0.48364414081733137,0.5424467626784836,0.039250984736583006
geneformer,fm,0.5,c5_k100,100,1670,malignant cell,0.21,100,0.5484675036927622,1.1285575123331881,0.5420302988671281,0.4963289327917282,0.5495384047267357,0.05213857090103402,1,0.5484675036927622,0.4963289327917282,0.5495384047267357,0.05213857090103402
geneformer,fm,0.5,c0_k25,25,1429,memory B cell,0.16,25,0.43263786312161495,0.7208521447527494,0.018284495166675283,0.4860765940423437,0.5554322070408666,-0.05343873092072876,-1,0.567362136878385,0.5139234059576563,0.5798398264401773,0.053438730920728705
geneformer,fm,0.5,c0_k50,50,1429,memory B cell,0.22,50,0.4317608321024126,0.7169753471659283,0.02062442419096744,0.48894640878877405,0.5432114721811915,-0.05718557668636143,-1,0.5682391678975873,0.511053591211226,0.5674259908911865,0.05718557668636137
geneformer,fm,0.5,c0_k100,100,1429,memory B cell,0.13,100,0.4337303052683407,0.7063855166723844,0.01954468426941814,0.4877707256277696,0.5354682114721813,-0.054040420359428853,-1,0.5662696947316592,0.5122292743722304,0.5614021725750861,0.0540404203594288
geneformer,fm,0.5,c19_k25,25,1311,malignant cell,0.88,25,0.46728828163466274,0.8202582522004987,0.5349142043647679,0.4712306899310684,0.5267840657311669,-0.003942408296405686,-1,0.5327117183653373,0.5287693100689316,0.5877946516494337,0.003942408296405686
geneformer,fm,0.5,c19_k50,50,1311,malignant cell,0.84,50,0.4647187346134909,0.845544135064241,0.6774432876101295,0.46191692823732144,0.5158027141802067,0.0028018063761694467,-1,0.5352812653865091,0.5380830717626786,0.5858913404726735,-0.0028018063761694467
geneformer,fm,0.5,c19_k100,100,1311,malignant cell,0.86,100,0.4798898325947809,1.0609138577801904,0.8968689985109197,0.4479953686607583,0.48635909034958147,0.03189446393402262,-1,0.5201101674052191,0.5520046313392417,0.5914274064500246,-0.03189446393402262
geneformer,fm,0.5,c3_k25,25,1261,pericyte,0.72,25,0.4914143279172821,1.058767801732796,0.6316845277050205,0.49691823609059577,0.5596319547021172,-0.005503908173313643,-1,0.5085856720827179,0.5030817639094042,0.5605112936976857,0.0055039081733136985
geneformer,fm,0.5,c3_k50,50,1261,pericyte,0.62,50,0.4892140571147218,1.0367489471561928,0.7840619295674844,0.4886019048498277,0.543269940915805,0.0006121522648941391,-1,0.5107859428852781,0.5113980951501723,0.5579455933037912,-0.0006121522648941946
geneformer,fm,0.5,c3_k100,100,1261,pericyte,0.53,100,0.4899679960610537,1.0607865407026928,0.6871013046133689,0.48148895248645984,0.5313469350073855,0.008479043574593836,-1,0.5100320039389463,0.5185110475135402,0.571941161989168,-0.008479043574593836
geneformer,fm,0.5,c1_k25,25,1134,IgG plasma cell,0.08,25,0.45239414081733137,0.7212647855039623,0.07582024452587637,0.477823116691285,0.5447270433284096,-0.025428975873953652,-1,0.5476058591826687,0.5221768833087149,0.5853281942392909,0.025428975873953763
geneformer,fm,0.5,c1_k50,50,1134,IgG plasma cell,0.06,50,0.4491168143771541,0.6630221123882016,0.047393741068212,0.47276157065484986,0.5359990460364352,-0.023644756277695744,-1,0.5508831856228459,0.5272384293451501,0.5815569608567208,0.0236447562776958
geneformer,fm,0.5,c1_k100,100,1134,IgG plasma cell,0.06,100,0.4653034219596258,0.6800803253923169,0.10854840409269566,0.4693135308961103,0.5178837395371738,-0.004010108936484458,-1,0.5346965780403742,0.5306864691038897,0.5743830009847365,0.004010108936484458
geneformer,fm,0.5,c16_k25,25,1125,malignant cell,0.28,25,0.4536712210733629,0.6306572190478589,0.0051617850937745804,0.5113934791974397,0.5658019448547513,-0.05772225812407683,-1,0.5463287789266371,0.4886065208025603,0.5458841088133924,0.05772225812407683
geneformer,fm,0.5,c16_k50,50,1125,malignant cell,0.18,50,0.44165435745937964,0.6014740342306067,0.0031294771029030406,0.5110302037173806,0.5654734428852781,-0.06937584625800097,-1,0.5583456425406204,0.48896979628261933,0.5436653741999015,0.06937584625800103
geneformer,fm,0.5,c16_k100,100,1125,malignant cell,0.24,100,0.4553021910388971,0.5957128211931214,0.007974011428248147,0.4993591518956179,0.5393848473658297,-0.04405696085672084,-1,0.544697808961103,0.500640848104382,0.5441046590349581,0.04405696085672095
geneformer,fm,0.5,c8_k25,25,1082,macrophage,0.6,25,0.48810622845888724,0.8693087805606723,0.27536551254909625,0.49012870814869514,0.5544320839487936,-0.002022479689807899,-1,0.5118937715411127,0.5098712918513048,0.5741491260462825,0.0020224796898079545
geneformer,fm,0.5,c8_k50,50,1082,macrophage,0.48,50,0.4842442146725751,0.8631708896883289,0.3146554798661305,0.49157765571147216,0.5503954332840965,-0.007333441038897048,-1,0.5157557853274248,0.5084223442885278,0.568439192516002,0.007333441038896993
geneformer,fm,0.5,c8_k100,100,1082,macrophage,0.41,100,0.47602781880846873,0.8796071384494156,0.43045511991510843,0.4796960395125554,0.5276010893648448,-0.0036682207040866777,-1,0.5239721811915312,0.5203039604874445,0.5682214734121123,0.0036682207040866777
geneformer,fm,0.5,c20_k25,25,635,"CD4-positive, alpha-beta T cell",0.0,25,0.43311484490398816,0.7715816554939856,0.18304806113668487,0.49464280219103884,0.5484459625800099,-0.06152795728705068,-1,0.5668851550960119,0.5053571978089612,0.5660296651895619,0.06152795728705074
geneformer,fm,0.5,c20_k50,50,635,"CD4-positive, alpha-beta T cell",0.0,50,0.4487783111767602,0.7342868662156049,0.13031944502420442,0.5015335733628754,0.5523387493845395,-0.052755262186115204,-1,0.5512216888232397,0.4984664266371246,0.5463187776957164,0.05275526218611515
geneformer,fm,0.5,c20_k100,100,635,"CD4-positive, alpha-beta T cell",0.0,100,0.4462549236829148,0.6703249134951883,0.05837921632424556,0.498921944239291,0.5469673190546529,-0.052667020556376176,-1,0.5537450763170852,0.5010780557607091,0.5498407496307237,0.052667020556376176
geneformer,fm,0.5,c6_k25,25,545,malignant cell,0.24,25,0.5014155588380108,0.9545927004952356,0.7427925442647626,0.4898539050960119,0.5598858321024125,0.011561653741998912,1,0.5014155588380108,0.4898539050960119,0.5598858321024125,0.011561653741998912
geneformer,fm,0.5,c6_k50,50,545,malignant cell,0.18,50,0.5059238060068931,1.0083035685199442,0.9575056236852735,0.5016736675283111,0.5494168513047759,0.004250138478582022,1,0.5059238060068931,0.5016736675283111,0.5494168513047759,0.004250138478582022
geneformer,fm,0.5,c6_k100,100,545,malignant cell,0.13,100,0.5293112998522895,1.0959676988134073,0.5905660478277679,0.4981582348596751,0.5546136447562777,0.031153064992614443,1,0.5293112998522895,0.4981582348596751,0.5546136447562777,0.031153064992614443
geneformer,fm,0.5,c22_k25,25,513,malignant cell,0.12,25,0.4531019202363368,0.7983328472965555,0.05333498232900019,0.5120114014032496,0.5717380600689316,-0.05890948116691286,-1,0.5468980797636632,0.4879885985967503,0.5529257447070408,0.058909481166912914
geneformer,fm,0.5,c22_k50,50,513,malignant cell,0.12,50,0.4595642540620384,0.7820763299559863,0.05124415031593995,0.4991165835795175,0.5557022402757262,-0.03955232951747911,-1,0.5404357459379616,0.5008834164204825,0.5541266617429836,0.03955232951747911
geneformer,fm,0.5,c22_k100,100,513,malignant cell,0.15,100,0.4688423190546529,0.7801049613204196,0.10343080857347985,0.48811038281634667,0.5390124938453964,-0.019268063761693766,-1,0.5311576809453471,0.5118896171836533,0.5655034465780403,0.019268063761693766
geneformer,fm,0.5,c18_k25,25,261,mast cell,0.4,25,0.44447008862629245,0.845434809176945,0.2641527544375183,0.4634207287050714,0.5154265140324963,-0.018950640078778946,-1,0.5555299113737076,0.5365792712949287,0.5888001600196947,0.01895064007877889
geneformer,fm,0.5,c18_k50,50,261,mast cell,0.32,50,0.4390848104382078,0.7384625825057051,0.09319394017010182,0.47054014340226485,0.533830317577548,-0.03145533296405706,-1,0.5609151895617922,0.5294598565977351,0.5777211041358936,0.031455332964057114
geneformer,fm,0.5,c18_k100,100,261,mast cell,0.2,100,0.4443931560807484,0.7043538384006031,0.10878365481111402,0.4711038281634663,0.5212218426883307,-0.02671067208271788,-1,0.5556068439192516,0.5288961718365337,0.5835033542589857,0.026710672082717934
geneformer,fm,0.5,c21_k25,25,223,malignant cell,0.24,25,0.4644110044313146,0.7040565556344918,0.027730330283006387,0.5071070285573609,0.5690769633185623,-0.042696024126046284,-1,0.5355889955686854,0.49289297144263905,0.5554791358936484,0.042696024126046395
geneformer,fm,0.5,c21_k50,50,223,malignant cell,0.18,50,0.4415312653865091,0.6468174854419507,0.019671888419715282,0.5090772710487446,0.5594388540128015,-0.06754600566223545,-1,0.5584687346134909,0.49092272895125544,0.5462756954702116,0.06754600566223545
geneformer,fm,0.5,c21_k100,100,223,malignant cell,0.14,100,0.4507477843426883,0.6445684620919129,0.058030176380444096,0.5096093365337272,0.5570108628754308,-0.05886155219103889,-1,0.5492522156573116,0.4903906634662728,0.5335225873953717,0.058861552191038835
geneformer,fm,1.0,c16_k25,25,4709,"effector memory CD8-positive, alpha-beta T cell",0.0,25,0.4317454455933038,0.7375796663052878,0.03810654404358142,0.4867583702609552,0.5493037604628261,-0.0550129246676514,-1,0.5682545544066961,0.5132416297390447,0.5775964734121122,0.0550129246676514
geneformer,fm,1.0,c16_k50,50,4709,"effector memory CD8-positive, alpha-beta T cell",0.02,50,0.4335610536681438,0.7221045655375998,0.027004877590314117,0.4794140048005909,0.5410396664204825,-0.045852951132447084,-1,0.5664389463318562,0.5205859951994092,0.5858882631708519,0.04585295113244703
geneformer,fm,1.0,c16_k100,100,4709,"effector memory CD8-positive, alpha-beta T cell",0.03,100,0.4245599458394879,0.6955264870341386,0.01898716122182405,0.4752224889217135,0.5311299852289512,-0.050662543082225564,-1,0.575440054160512,0.5247775110782866,0.580619922451994,0.0506625430822254
geneformer,fm,1.0,c17_k25,25,4693,T cell,0.0,25,0.4447470457902511,0.7646391840381239,0.0320883836578064,0.48703755846873464,0.5524903064992615,-0.04229051267848355,-1,0.5552529542097489,0.5129624415312654,0.5724866137370752,0.042290512678483494
geneformer,fm,1.0,c17_k50,50,4693,T cell,0.0,50,0.4388540128015756,0.7470926429249269,0.02763743426321855,0.4723806006893156,0.5265217257508615,-0.03352658788773999,-1,0.5611459871984243,0.5276193993106844,0.5836787604628262,0.03352658788773999
geneformer,fm,1.0,c17_k100,100,4693,T cell,0.01,100,0.4314069423929099,0.7159357719346512,0.020388304875148457,0.46675129246676517,0.5196408788774002,-0.03534435007385528,-1,0.5685930576070901,0.5332487075332348,0.5900880108321025,0.03534435007385528
geneformer,fm,1.0,c9_k25,25,3734,malignant cell,0.16,25,0.45941038897095027,0.7035611465960016,0.032481118894745864,0.5095457902511078,0.5694923990645001,-0.05013540128015753,-1,0.5405896110290498,0.4904542097488922,0.5627915743476121,0.05013540128015759
geneformer,fm,1.0,c9_k50,50,3734,malignant cell,0.16,50,0.4713964795667159,0.6635275879858994,0.0183965655651566,0.5086495260955195,0.5581717749876909,-0.037253046528803624,-1,0.5286035204332842,0.49135047390448056,0.5442246738060068,0.037253046528803624
geneformer,fm,1.0,c9_k100,100,3734,malignant cell,0.12,100,0.48078225012309206,0.6588216863056143,0.020735496898433212,0.5089416389709502,0.5532303975873953,-0.02815938884785818,-1,0.5192177498769079,0.49105836102904976,0.5350320039389462,0.02815938884785818
geneformer,fm,1.0,c21_k25,25,3327,macrophage,0.6,25,0.49230674544559333,0.8790403765593104,0.24771870007792202,0.5037372291974397,0.5585564377154111,-0.011430483751846354,-1,0.5076932545544066,0.4962627708025603,0.5530757631708517,0.011430483751846299
geneformer,fm,1.0,c21_k50,50,3327,macrophage,0.52,50,0.4945993353028065,0.8821197805556616,0.30011154566108633,0.49957933284096506,0.556042282127031,-0.004979997538158587,-1,0.5054006646971936,0.500420667159035,0.5569031573116691,0.004979997538158587
geneformer,fm,1.0,c21_k100,100,3327,macrophage,0.46,100,0.4940146479566716,0.9328309503216454,0.6004398800539849,0.48754446701132453,0.5388586287543082,0.0064701809453470704,-1,0.5059853520433284,0.5124555329886755,0.567913743229936,-0.006470180945347126
geneformer,fm,1.0,c11_k25,25,3122,malignant cell,0.08,25,0.5415743476120138,0.9347003426726991,0.742490211401267,0.5081208456425407,0.5667205194485475,0.033453501969473165,1,0.5415743476120138,0.5081208456425407,0.5667205194485475,0.033453501969473165
geneformer,fm,1.0,c11_k50,50,3122,malignant cell,0.08,50,0.5442669867060561,0.9004472672323487,0.644725492618755,0.512496461102905,0.5627323362875432,0.03177052560315108,1,0.5442669867060561,0.512496461102905,0.5627323362875432,0.03177052560315108
geneformer,fm,1.0,c11_k100,100,3122,malignant cell,0.1,100,0.5334041112752339,0.7774620499913474,0.27600368954639143,0.508776157065485,0.5524703040374199,0.024627954209748948,1,0.5334041112752339,0.508776157065485,0.5524703040374199,0.024627954209748948
geneformer,fm,1.0,c6_k25,25,3091,malignant cell,0.08,25,0.5082625553914328,0.9010828275549232,0.4314372267071013,0.5121521879615953,0.5707271664204825,-0.0038896325701625045,1,0.5082625553914328,0.5121521879615953,0.5707271664204825,-0.0038896325701625045
geneformer,fm,1.0,c6_k50,50,3091,malignant cell,0.12,50,0.48039758739537175,0.8283717697187549,0.1487340760523392,0.5092092103643525,0.5544882447070408,-0.028811622968980766,-1,0.5196024126046282,0.4907907896356475,0.5424090657311669,0.028811622968980766
geneformer,fm,1.0,c6_k100,100,3091,malignant cell,0.14,100,0.4906911619891679,0.8394256545402341,0.24178501287642135,0.5117086718365337,0.5557599396848842,-0.02101750984736578,-1,0.5093088380108322,0.48829132816346626,0.5428445039389462,0.02101750984736589
geneformer,fm,1.0,c7_k25,25,2543,malignant cell,0.16,25,0.4358998030526834,0.657179393883862,0.005047004852113572,0.5016328932791728,0.561876846381093,-0.06573309022648943,-1,0.5641001969473166,0.4983671067208272,0.5548359798129,0.06573309022648943
geneformer,fm,1.0,c7_k50,50,2543,malignant cell,0.14,50,0.4402849581486952,0.6874445742299445,0.012374092653478795,0.5051773295174791,0.5524833825701625,-0.06489237136878384,-1,0.5597150418513048,0.494822670482521,0.5525149249138356,0.06489237136878384
geneformer,fm,1.0,c7_k100,100,2543,malignant cell,0.14,100,0.4547636632200886,0.6801828668015714,0.01651749232382223,0.5113253938946332,0.5542405219103889,-0.056561730674544564,-1,0.5452363367799113,0.48867460610536684,0.5373407496307238,0.05656173067454451
geneformer,fm,1.0,c4_k25,25,2201,fibroblast,0.92,25,0.5013386262924667,1.0954701125871102,0.37470712964434294,0.5098658296405713,0.5774118353028065,-0.008527203348104528,1,0.5013386262924667,0.5098658296405713,0.5774118353028065,-0.008527203348104528
geneformer,fm,1.0,c4_k50,50,2201,fibroblast,0.82,50,0.49553791235844413,1.0776602895584073,0.49845619470067326,0.5162510770556377,0.5771794990152634,-0.02071316469719353,-1,0.5044620876415559,0.48374892294436234,0.5419182360905958,0.02071316469719353
geneformer,fm,1.0,c4_k100,100,2201,fibroblast,0.7,100,0.4904757508616445,1.0519467659573751,0.6732923721068962,0.5074699193746922,0.5468096073362875,-0.01699416851304769,-1,0.5095242491383555,0.49253008062530773,0.5398887555391432,0.016994168513047747
geneformer,fm,1.0,c12_k25,25,2138,malignant cell,0.12,25,0.5005077548005908,0.7228463302083467,0.020604297920243576,0.5078626600196948,0.5639878754308222,-0.00735490521910398,1,0.5005077548005908,0.5078626600196948,0.5639878754308222,-0.00735490521910398
geneformer,fm,1.0,c12_k50,50,2138,malignant cell,0.1,50,0.5184945839487937,0.731384367277411,0.06690883094391961,0.5165454209748893,0.5706940854258986,0.0019491629739043503,1,0.5184945839487937,0.5165454209748893,0.5706940854258986,0.0019491629739043503
geneformer,fm,1.0,c12_k100,100,2138,malignant cell,0.05,100,0.5238029295913343,0.6869976066421876,0.06660470922406635,0.5136899156819301,0.5536881462333825,0.010113013909404223,1,0.5238029295913343,0.5136899156819301,0.5536881462333825,0.010113013909404223
geneformer,fm,1.0,c15_k25,25,1803,"effector memory CD8-positive, alpha-beta T cell",0.0,25,0.5147095027080256,1.0162934431304707,0.9391272985099155,0.5034683499507632,0.5634539635647464,0.011241152757262451,1,0.5147095027080256,0.5034683499507632,0.5634539635647464,0.011241152757262451
geneformer,fm,1.0,c15_k50,50,1803,"effector memory CD8-positive, alpha-beta T cell",0.02,50,0.48984490398818314,1.0063511984274907,0.9786473430179005,0.4972943593057607,0.5529203594288528,-0.007449455317577569,-1,0.5101550960118169,0.5027056406942393,0.5655811484490398,0.007449455317577569
geneformer,fm,1.0,c15_k100,100,1803,"effector memory CD8-positive, alpha-beta T cell",0.05,100,0.4531326932545544,0.8432576104850142,0.46872535834407814,0.48790574224519945,0.5371676514032496,-0.03477304899064504,-1,0.5468673067454456,0.5120942577548006,0.564774895371738,0.03477304899064504
geneformer,fm,1.0,c8_k25,25,1709,malignant cell,0.4,25,0.516248153618907,1.0697341824450635,0.6953291771169824,0.478909788897095,0.5351766371245691,0.037338364721811956,1,0.516248153618907,0.478909788897095,0.5351766371245691,0.037338364721811956
geneformer,fm,1.0,c8_k50,50,1709,malignant cell,0.28,50,0.5228951255539144,1.0865748965165218,0.664322444723036,0.4812659250369276,0.5394917836041359,0.041629200516986764,1,0.5228951255539144,0.4812659250369276,0.5394917836041359,0.041629200516986764
geneformer,fm,1.0,c8_k100,100,1709,malignant cell,0.21,100,0.547821270310192,1.1334405353794554,0.5366251356495171,0.4926943316100443,0.5440146479566715,0.05512693870014773,1,0.547821270310192,0.4926943316100443,0.5440146479566715,0.05512693870014773
geneformer,fm,1.0,c18_k25,25,1639,endothelial cell,0.76,25,0.48852166420482523,0.9472592632721851,0.6467109124239134,0.5004359767355983,0.560398202855736,-0.011914312530773019,-1,0.5114783357951748,0.49956402326440175,0.5635032003938946,0.011914312530773019
geneformer,fm,1.0,c18_k50,50,1639,endothelial cell,0.64,50,0.4791051206302314,0.9364006708487931,0.6003032079087001,0.49029957533234864,0.5591634354997538,-0.011194454702117218,-1,0.5208948793697685,0.5097004246676513,0.5678775849335302,0.011194454702117218
geneformer,fm,1.0,c18_k100,100,1639,endothelial cell,0.49,100,0.4840288035450517,0.9510943384109695,0.7197626380985305,0.4897548159773511,0.5446585733628754,-0.005726012432299421,-1,0.5159711964549483,0.510245184022649,0.5628277326440178,0.00572601243229931
geneformer,fm,1.0,c2_k25,25,1137,IgG plasma cell,0.08,25,0.45239414081733137,0.7212647855039623,0.07582024452587637,0.4791823609059576,0.5382185499753815,-0.026788220088626247,-1,0.5476058591826687,0.5208176390940423,0.5799483013293945,0.026788220088626358
geneformer,fm,1.0,c2_k50,50,1137,IgG plasma cell,0.06,50,0.4491168143771541,0.6630221123882016,0.04739374106821213,0.46770902572624323,0.5271910388970951,-0.018592211349089116,-1,0.5508831856228459,0.5322909742737568,0.5853889709502706,0.01859221134908906
geneformer,fm,1.0,c2_k100,100,1137,IgG plasma cell,0.06,100,0.4634416543574594,0.6829072701328252,0.10935676919879334,0.47160473596750363,0.5236452178729689,-0.008163081610044254,-1,0.5365583456425407,0.5283952640324964,0.5827886509108814,0.00816308161004431
geneformer,fm,1.0,c29_k25,25,1111,malignant cell,0.28,25,0.4505169867060561,0.6481927360120736,0.007125018463555304,0.5083710302806499,0.5702271048744461,-0.05785404357459378,-1,0.5494830132939439,0.4916289697193501,0.5527795728705072,0.05785404357459378
geneformer,fm,1.0,c29_k50,50,1111,malignant cell,0.16,50,0.4475166174298375,0.6094863999975674,0.003792753392607085,0.5135752092565239,0.5665151095519448,-0.06605859182668639,-1,0.5524833825701625,0.4864247907434761,0.5371638047759724,0.06605859182668639
geneformer,fm,1.0,c29_k100,100,1111,malignant cell,0.24,100,0.4553021910388971,0.5957128211931215,0.007974011428248162,0.5047095796405712,0.5534842749876907,-0.049407388601674096,-1,0.544697808961103,0.49529042035942894,0.5474535327424914,0.04940738860167404
geneformer,fm,1.0,c22_k25,25,1107,macrophage,0.6,25,0.48810622845888724,0.8693087805606723,0.27536551254909625,0.49342988367799107,0.5605128323485967,-0.005323655219103829,-1,0.5118937715411127,0.5065701163220089,0.5773664451009354,0.005323655219103829
geneformer,fm,1.0,c22_k50,50,1107,macrophage,0.5,50,0.4855520679468242,0.8742103144423996,0.34433310889826607,0.4863096227227966,0.5430183714918758,-0.0007575547759723911,-1,0.5144479320531758,0.5136903772772033,0.5713964795667158,0.0007575547759725021
geneformer,fm,1.0,c22_k100,100,1107,macrophage,0.41,100,0.47421221073362874,0.8663091244783291,0.3787396664405527,0.47854543636139835,0.537421528803545,-0.00433322562776961,-1,0.5257877892663713,0.5214545636386017,0.5784473473658296,0.00433322562776961
geneformer,fm,1.0,c25_k25,25,955,memory B cell,0.36,25,0.4261139832594781,0.7015894857682987,0.010072204112017199,0.49123538281634666,0.5470850258493353,-0.06512139955686858,-1,0.573886016740522,0.5087646171836533,0.5626592503692761,0.06512139955686869
geneformer,fm,1.0,c25_k50,50,955,memory B cell,0.2,50,0.43328409650418515,0.7159048691072216,0.01742850902159785,0.4945140171097981,0.5560530526834071,-0.06122992060561294,-1,0.5667159034958149,0.5054859828902019,0.5655842257508616,0.06122992060561305
geneformer,fm,1.0,c25_k100,100,955,memory B cell,0.15,100,0.43200701624815363,0.7036529954254491,0.020788694602790824,0.4943542282127031,0.5394617799113738,-0.062347211964549454,-1,0.5679929837518464,0.505645771787297,0.5532511693746922,0.0623472119645494
geneformer,fm,1.0,c10_k25,25,936,pericyte,0.72,25,0.4890294190054161,1.0415333296730156,0.7273318342272843,0.4996381862383062,0.5661896848842934,-0.010608767232890115,-1,0.5109705809945839,0.5003618137616938,0.562531542343673,0.01060876723289017
geneformer,fm,1.0,c10_k50,50,936,pericyte,0.6,50,0.48764463318562284,1.0250877752467058,0.8527852651078962,0.49549898449039886,0.5465426514032496,-0.00785435130477602,-1,0.5123553668143772,0.5045010155096011,0.5547975135401281,0.007854351304776075
geneformer,fm,1.0,c10_k100,100,936,pericyte,0.48,100,0.4884139586410635,1.0233597322681771,0.8768520949025171,0.49003185007385525,0.5360167405219102,-0.0016178914327917293,-1,0.5115860413589365,0.5099681499261447,0.5637209194977844,0.0016178914327917848
geneformer,fm,1.0,c3_k25,25,914,fibroblast,0.84,25,0.4968919251600197,1.0806197316642647,0.42851568606849766,0.5096434176514033,0.5660712087641556,-0.012751492491383631,-1,0.5031080748399803,0.49035658234859675,0.540391125061546,0.012751492491383576
geneformer,fm,1.0,c3_k50,50,914,fibroblast,0.72,50,0.4991999015263417,1.0921345323133105,0.41068558394495447,0.511859305760709,0.5652395679468243,-0.012659404234367344,-1,0.5008000984736583,0.48814069423929096,0.542147495076317,0.012659404234367289
geneformer,fm,1.0,c3_k100,100,914,fibroblast,0.57,100,0.4955071393402265,1.0826284763355278,0.5156095680193289,0.5083420267109798,0.5548806006893156,-0.012834887370753334,-1,0.5044928606597735,0.49165797328902017,0.5437107644017726,0.012834887370753334
geneformer,fm,1.0,c5_k25,25,885,fibroblast,0.72,25,0.48972181191531267,1.0153064470922648,0.8936448745895508,0.5089322532003939,0.5654988306253076,-0.01921044128508126,-1,0.5102781880846874,0.4910677467996061,0.5621922698178237,0.019210441285081314
geneformer,fm,1.0,c5_k50,50,885,fibroblast,0.6,50,0.4896602658788774,1.0100753411504866,0.9371689448064464,0.5070480212949287,0.5564069423929099,-0.017387755416051254,-1,0.5103397341211227,0.4929519787050714,0.5488383185622846,0.017387755416051254
geneformer,fm,1.0,c5_k100,100,885,fibroblast,0.45,100,0.4895525603151157,1.041638499805335,0.7733279548154713,0.5030503754308222,0.5491737444608568,-0.013497815115706524,-1,0.5104474396848844,0.4969496245691778,0.5511178298867552,0.01349781511570658
geneformer,fm,1.0,c14_k25,25,854,malignant cell,0.04,25,0.4217288281634663,0.9006216012317287,0.6177828344407501,0.5095179406696209,0.578189623338257,-0.08778911250615457,-1,0.5782711718365336,0.49048205933037914,0.5499676883308715,0.08778911250615451
geneformer,fm,1.0,c14_k50,50,854,malignant cell,0.06,50,0.41960548990645,0.942265158699929,0.814429129874026,0.5023826778680454,0.5556822378138848,-0.08277718796159533,-1,0.5803945100935499,0.49761732213195464,0.5632585548990644,0.08277718796159528
geneformer,fm,1.0,c14_k100,100,854,malignant cell,0.07,100,0.40954271294928607,0.9904148558965867,0.9706292563698182,0.49082448609059576,0.5393440731166913,-0.08128177314130969,-1,0.5904572870507139,0.5091755139094043,0.5620845642540621,0.08128177314130958
geneformer,fm,1.0,c26_k25,25,841,malignant cell,0.96,25,0.48418266863613985,0.9780310266432258,0.943471171623695,0.47467603705071393,0.5423175160019694,0.009506631585425918,-1,0.5158173313638601,0.5253239629492861,0.5904272833579517,-0.009506631585425973
geneformer,fm,1.0,c26_k50,50,841,malignant cell,0.94,50,0.45527141802067944,1.046708489539159,0.9080375016222291,0.45227212580009846,0.4975543143771541,0.0029992922205809847,-1,0.5447285819793206,0.5477278741999015,0.5943523818316101,-0.002999292220580929
geneformer,fm,1.0,c26_k100,100,841,malignant cell,0.92,100,0.46973473658296405,1.0796615024742595,0.8599944561523496,0.44673182853274246,0.4866975935499754,0.023002908050221593,-1,0.530265263417036,0.5532681714672575,0.5904134354997538,-0.023002908050221538
geneformer,fm,1.0,c19_k25,25,836,endothelial cell,0.8,25,0.48638293943870015,0.9806047078748232,0.8489291750546233,0.4985855951501723,0.5564461779911374,-0.012202655711472166,-1,0.5136170605612999,0.5014144048498277,0.5630908419497784,0.012202655711472166
geneformer,fm,1.0,c19_k50,50,836,endothelial cell,0.58,50,0.48275172328902016,0.9691755862481927,0.8016920577750107,0.49503538897095034,0.556113829394387,-0.012283665681930178,-1,0.5172482767109798,0.5049646110290498,0.5666151218611521,0.012283665681930067
geneformer,fm,1.0,c19_k100,100,836,endothelial cell,0.41,100,0.4795667159034958,0.9669082447870615,0.807506797360557,0.48499138355489907,0.5381777757262433,-0.005424667651403259,-1,0.5204332840965042,0.515008616445101,0.5690931191531265,0.005424667651403259
geneformer,fm,1.0,c20_k25,25,720,myeloid cell,0.44,25,0.4793974643032989,0.8654372751730762,0.2104576518857872,0.4926067054406696,0.5470042466765139,-0.013209241137370709,-1,0.5206025356967011,0.5073932945593304,0.5622661250615459,0.013209241137370764
geneformer,fm,1.0,c20_k50,50,720,myeloid cell,0.34,50,0.48607520925652387,0.902750792085487,0.4314894353427001,0.49156988552437225,0.5498776772525849,-0.005494676267848386,-1,0.5139247907434761,0.5084301144756277,0.5661796836533727,0.005494676267848386
geneformer,fm,1.0,c20_k100,100,720,myeloid cell,0.29,100,0.4931222304283604,0.9018267942225207,0.458806657931225,0.48770294805514525,0.536586810684392,0.005419282373215151,-1,0.5068777695716395,0.5122970519448548,0.565150326193993,-0.005419282373215206
geneformer,fm,1.0,c27_k25,25,683,"CD4-positive, alpha-beta T cell",0.0,25,0.43311484490398816,0.7715816554939856,0.18304806113668473,0.49765809638109304,0.5556537727720335,-0.06454325147710488,-1,0.5668851550960119,0.5023419036189068,0.5705679160512062,0.06454325147710505
geneformer,fm,1.0,c27_k50,50,683,"CD4-positive, alpha-beta T cell",0.0,50,0.4503477351058592,0.7373058396538454,0.13700081427393432,0.49884947378138844,0.5527534158050221,-0.04850173867552926,-1,0.5496522648941409,0.5011505262186116,0.562325363121615,0.048501738675529316
geneformer,fm,1.0,c27_k100,100,683,"CD4-positive, alpha-beta T cell",0.0,100,0.44722427375677004,0.6802070696519115,0.07642131830633762,0.49654865214180205,0.5433699532250122,-0.04932437838503201,-1,0.55277572624323,0.5034513478581979,0.5534888909404234,0.04932437838503212
geneformer,fm,1.0,c23_k25,25,583,malignant cell,0.32,25,0.4378231166912851,0.7931484359700863,0.09645774398862157,0.49712533850320034,0.5582371676514032,-0.059302221811915246,-1,0.5621768833087148,0.5028746614967996,0.5668320716395864,0.059302221811915246
geneformer,fm,1.0,c23_k50,50,583,malignant cell,0.32,50,0.4435930576070901,0.7784559744512972,0.07046492820569404,0.5058988029295913,0.5569785512063024,-0.062305745322501216,-1,0.5564069423929099,0.4941011970704086,0.5591511262924668,0.06230574532250127
geneformer,fm,1.0,c23_k100,100,583,malignant cell,0.29,100,0.44567023633677993,0.7442400291728447,0.0670369015114913,0.5052810345888724,0.5570247107336287,-0.05961079825209248,-1,0.5543297636632201,0.4947189654111275,0.5467788343180698,0.05961079825209259
geneformer,fm,1.0,c0_k25,25,581,B cell,0.16,25,0.43626907927129494,0.7355056342865934,0.014871642784009582,0.48636239844903983,0.5482405526834071,-0.0500933191777449,-1,0.5637309207287051,0.5136376015509602,0.5752246430329887,0.050093319177744955
geneformer,fm,1.0,c0_k50,50,581,B cell,0.08,50,0.43846935007385524,0.7045411431650689,0.01110788017852709,0.48745314807976364,0.546978089611029,-0.04898379800590841,-1,0.5615306499261448,0.5125468519202363,0.5727920359428853,0.04898379800590846
geneformer,fm,1.0,c0_k100,100,581,B cell,0.08,100,0.4394540866568193,0.692247482602674,0.016677019295143508,0.4881215380354506,0.5411950701624815,-0.04866745137863132,-1,0.5605459133431807,0.5118784619645494,0.5644802437223042,0.048667451378631266
geneformer,fm,1.0,c13_k25,25,564,malignant cell,0.16,25,0.5034927375677006,0.9487670405882661,0.6966949692138802,0.5016217380600689,0.5627446454948302,0.0018709995076316988,1,0.5034927375677006,0.5016217380600689,0.5627446454948302,0.0018709995076316988
geneformer,fm,1.0,c13_k50,50,564,malignant cell,0.14,50,0.5158173313638602,1.0264218957757498,0.8661772766576209,0.49827009478089607,0.5551067823732152,0.017547236582964143,1,0.5158173313638602,0.49827009478089607,0.5551067823732152,0.017547236582964143
geneformer,fm,1.0,c13_k100,100,564,malignant cell,0.12,100,0.5289881831610044,1.0819822200772564,0.6437519093014019,0.5009753508124076,0.5547221196454948,0.02801283234859675,1,0.5289881831610044,0.5009753508124076,0.5547221196454948,0.02801283234859675
geneformer,fm,1.0,c33_k25,25,507,malignant cell,0.12,25,0.4531019202363368,0.7983328472965555,0.05333498232900022,0.5036506031511571,0.5626384785819792,-0.050548682914820287,-1,0.5468980797636632,0.4963493968488429,0.5644733197932053,0.05054868291482034
geneformer,fm,1.0,c33_k50,50,507,malignant cell,0.12,50,0.4595642540620384,0.7820763299559864,0.05124415031593999,0.5035488213934023,0.5592557545544067,-0.04398456733136391,-1,0.5404357459379616,0.4964511786065977,0.5541251230920727,0.04398456733136391
geneformer,fm,1.0,c33_k100,100,507,malignant cell,0.16,100,0.4667805268340719,0.7741625104672717,0.09117106047783931,0.4936357551698671,0.5465549606105368,-0.026855228335795178,-1,0.5332194731659281,0.506364244830133,0.5634516555883801,0.026855228335795123
geneformer,fm,1.0,c31_k25,25,470,malignant cell,0.6,25,0.5021848842934515,1.2110578551014495,0.5675449953538111,0.4724349919990153,0.5277995753323486,0.029749892294436253,1,0.5021848842934515,0.4724349919990153,0.5277995753323486,0.029749892294436253
geneformer,fm,1.0,c31_k50,50,470,malignant cell,0.6,50,0.44454702117183653,0.8132738387532142,0.6388840557247896,0.46953809699655336,0.5163012370753324,-0.024991075824716824,-1,0.5554529788281635,0.5304619030034466,0.5766832840965042,0.024991075824716824
geneformer,fm,1.0,c31_k100,100,470,malignant cell,0.48,100,0.46184145741014276,0.8124590744873279,0.6820793672939651,0.46104151280157557,0.5016509724273757,0.0007999446085671935,-1,0.5381585425898572,0.5389584871984244,0.5858759539635647,-0.000799944608567249
geneformer,fm,1.0,c34_k25,25,450,malignant cell,0.24,25,0.5110013540128016,0.7213080577237927,0.059258697610500476,0.5077037943131463,0.5604797513540127,0.0032975596996552836,1,0.5110013540128016,0.5077037943131463,0.5604797513540127,0.0032975596996552836
geneformer,fm,1.0,c34_k50,50,450,malignant cell,0.2,50,0.4933376415558838,0.6721933435107191,0.07818970654405075,0.5077761109059576,0.5642879123584441,-0.014438469350073868,-1,0.5066623584441162,0.4922238890940423,0.5425083087149188,0.014438469350073924
geneformer,fm,1.0,c34_k100,100,450,malignant cell,0.19,100,0.4875984736582964,0.5874162871634244,0.027784178151367054,0.5032720950270803,0.5484728889709503,-0.015673621368783863,-1,0.5124015263417037,0.4967279049729197,0.542485998276711,0.015673621368783974
geneformer,fm,1.0,c1_k25,25,446,T cell,0.16,25,0.5278495814869523,1.0536453242370796,0.7291096136042281,0.49618768463810925,0.558079455933038,0.03166189684884302,1,0.5278495814869523,0.49618768463810925,0.558079455933038,0.03166189684884302
geneformer,fm,1.0,c1_k50,50,446,T cell,0.18,50,0.524156819300837,1.0707084762490247,0.6695137713319601,0.49163481659281144,0.5485752092565239,0.03252200270802558,1,0.524156819300837,0.49163481659281144,0.5485752092565239,0.03252200270802558
geneformer,fm,1.0,c1_k100,100,446,T cell,0.14,100,0.5343119153126539,1.1326725774457065,0.47249755803453,0.481997168882324,0.5342472919743968,0.05231474643032985,1,0.5343119153126539,0.481997168882324,0.5342472919743968,0.05231474643032985
geneformer,fm,1.0,c24_k25,25,261,mast cell,0.4,25,0.44447008862629245,0.845434809176945,0.2641527544375181,0.46002784958148696,0.5176860228951254,-0.01555776095519451,-1,0.5555299113737076,0.5399721504185131,0.5960749015263418,0.015557760955194455
geneformer,fm,1.0,c24_k50,50,261,mast cell,0.32,50,0.4390848104382078,0.7384625825057051,0.09319394017010194,0.46935761324470704,0.523022064254062,-0.030272802806499244,-1,0.5609151895617922,0.530642386755293,0.5832056253077301,0.030272802806499244
geneformer,fm,1.0,c24_k100,100,261,mast cell,0.2,100,0.4443931560807484,0.7043538384006031,0.10878365481111402,0.4760749015263417,0.5266686669128507,-0.03168174544559327,-1,0.5556068439192516,0.5239250984736583,0.5712279972919744,0.03168174544559332
geneformer,fm,1.0,c32_k25,25,228,malignant cell,0.24,25,0.4644110044313146,0.7040565556344918,0.027730330283006387,0.5048286712210733,0.5711141371245692,-0.04041766678975872,-1,0.5355889955686854,0.4951713287789266,0.5648649064500246,0.04041766678975883
geneformer,fm,1.0,c32_k50,50,228,malignant cell,0.16,50,0.43580748399803054,0.6515330170279413,0.021370203030466262,0.5085698239783358,0.5605512986213688,-0.07276233998030529,-1,0.5641925160019694,0.49143017602166417,0.5365391125061546,0.07276233998030524
geneformer,fm,1.0,c32_k100,100,228,malignant cell,0.14,100,0.4440392663712457,0.63326864525286,0.04452741682596692,0.5073207471688823,0.5523110536681437,-0.06328148079763662,-1,0.5559607336287543,0.49267925283111763,0.5430137555391433,0.06328148079763668
