model,kind,resolution,signature,topk,n_cells,top_cell_type,hvg_frac,n_genes_in_bulk,cindex,hr,p,floor_mean,floor_p95,above_floor,direction,cindex_or,floor_or_mean,floor_or_p95,above_floor_or
hvg_pca,baseline,0.3,c1_k25,25,10595,T cell,0.0,25,0.4654154892595464,0.7836768594262011,0.07234536842380261,0.4797980069519118,0.5361493160619171,-0.014382517692365426,-1,0.5345845107404537,0.5202019930480881,0.5832591462652229,0.014382517692365537
hvg_pca,baseline,0.3,c1_k50,50,10595,T cell,0.0,50,0.4620270574407962,0.7702190925691724,0.06765056289585555,0.4704964490234814,0.5200717697366777,-0.008469391582685226,-1,0.5379729425592038,0.5295035509765185,0.5826070919502863,0.008469391582685337
hvg_pca,baseline,0.3,c1_k100,100,10595,T cell,0.0,100,0.45755082647728124,0.7565683655089395,0.06572851425302528,0.46392495436244974,0.5106854384955862,-0.006374127885168501,-1,0.5424491735227188,0.5360750456375503,0.5795099902473181,0.006374127885168557
hvg_pca,baseline,0.3,c3_k25,25,7143,malignant cell,0.24,25,0.4249793693265648,0.6471842810048078,0.006041870144618519,0.494631523669009,0.557682737752882,-0.06965215434244415,-1,0.5750206306734351,0.505368476330991,0.5642120333091599,0.0696521543424441
hvg_pca,baseline,0.3,c3_k50,50,7143,malignant cell,0.18,50,0.453549726174698,0.6830623246076921,0.04000223557463359,0.4900959638900697,0.5384505739078247,-0.03654623771537169,-1,0.546450273825302,0.5099040361099302,0.5637037685363475,0.0365462377153718
hvg_pca,baseline,0.3,c3_k100,100,7143,malignant cell,0.18,100,0.4345319962989822,0.6400599522048478,0.014214287039146824,0.4892165970641926,0.5363456200455125,-0.05468460076521042,-1,0.5654680037010178,0.5107834029358074,0.550982770261822,0.05468460076521042
hvg_pca,baseline,0.3,c9_k25,25,5063,macrophage,0.52,25,0.5028507839655906,0.8996773622092185,0.33208568214583856,0.4863166120683188,0.5492973067593587,0.0165341718972718,1,0.5028507839655906,0.4863166120683188,0.5492973067593587,0.0165341718972718
hvg_pca,baseline,0.3,c9_k50,50,5063,macrophage,0.6,50,0.4976743604491235,0.8812500098294201,0.27668432598607123,0.4832262622221111,0.5460032759008727,0.014448098227012374,-1,0.5023256395508765,0.5167737377778889,0.5733858060966766,-0.01444809822701243
hvg_pca,baseline,0.3,c9_k100,100,5063,macrophage,0.42,100,0.5007001925529521,0.8868290029988289,0.3719419507152836,0.47387969191527674,0.5285015879366827,0.026820500637675326,1,0.5007001925529521,0.47387969191527674,0.5285015879366827,0.026820500637675326
hvg_pca,baseline,0.3,c11_k25,25,4117,fibroblast,0.96,25,0.517842406661832,1.124433136343567,0.268003067158612,0.5015639925979645,0.55848608367301,0.01627841406386754,1,0.517842406661832,0.5015639925979645,0.55848608367301,0.01627841406386754
hvg_pca,baseline,0.3,c11_k50,50,4117,fibroblast,0.8,50,0.5219560379104253,1.136640447035581,0.2614896842314074,0.4943495711320614,0.5470260571657205,0.027606466778363925,1,0.5219560379104253,0.4943495711320614,0.5470260571657205,0.027606466778363925
hvg_pca,baseline,0.3,c11_k100,100,4117,fibroblast,0.68,100,0.5207557078196504,1.129238338409535,0.329547976299068,0.4853828552852035,0.5306646827877666,0.03537285253444694,1,0.5207557078196504,0.4853828552852035,0.5306646827877666,0.03537285253444694
hvg_pca,baseline,0.3,c8_k25,25,2945,malignant cell,0.36,25,0.5418740153542224,1.3815529147310848,0.049913566246598026,0.48841006276726096,0.5387681612443421,0.05346395258696146,1,0.5418740153542224,0.48841006276726096,0.5387681612443421,0.05346395258696146
hvg_pca,baseline,0.3,c8_k50,50,2945,malignant cell,0.3,50,0.5383855560279077,1.3112449797924548,0.10370954564782453,0.48763697516817134,0.5423160119032734,0.05074858085973638,1,0.5383855560279077,0.48763697516817134,0.5423160119032734,0.05074858085973638
hvg_pca,baseline,0.3,c8_k100,100,2945,malignant cell,0.3,100,0.5364975368226262,1.281577445867861,0.1767516533966197,0.4759002475680812,0.5278895446247718,0.06059728925454505,1,0.5364975368226262,0.4759002475680812,0.5278895446247718,0.06059728925454505
hvg_pca,baseline,0.3,c2_k25,25,2473,endothelial cell,0.76,25,0.49502363149866213,0.9714873706311804,0.8117270201901119,0.48852178098977217,0.5516291980294581,0.006501850508889961,-1,0.5049763685013379,0.5114782190102278,0.574645527520068,-0.006501850508889961
hvg_pca,baseline,0.3,c2_k50,50,2473,endothelial cell,0.66,50,0.4843331916276976,0.9488891407308602,0.6888233383857639,0.48117782390157293,0.5326533546725349,0.0031553677261246804,-1,0.5156668083723024,0.5188221760984271,0.5752994573507715,-0.0031553677261246804
hvg_pca,baseline,0.3,c2_k100,100,2473,endothelial cell,0.45,100,0.48026957413288657,0.9270668598560696,0.6083910538218908,0.4716111930780964,0.5243835804846333,0.008658381054790165,-1,0.5197304258671134,0.5283888069219035,0.5770211808247268,-0.00865838105479011
hvg_pca,baseline,0.3,c19_k25,25,2174,"effector memory CD8-positive, alpha-beta T cell",0.0,25,0.4860336592562955,0.8798317402907554,0.5557544310779963,0.4920669434094376,0.5567756132936558,-0.006033284153142082,-1,0.5139663407437045,0.5079330565905624,0.5746292730500887,0.006033284153142082
hvg_pca,baseline,0.3,c19_k50,50,2174,"effector memory CD8-positive, alpha-beta T cell",0.04,50,0.4511365625547025,0.736513671976004,0.2496648387919685,0.48303658506089175,0.5405861611943285,-0.03190002250618923,-1,0.5488634374452974,0.5169634149391082,0.5679705669058991,0.031900022506189174
hvg_pca,baseline,0.3,c19_k100,100,2174,"effector memory CD8-positive, alpha-beta T cell",0.06,100,0.44502238115481757,0.6937105050564177,0.1859170307806723,0.4768343169371578,0.5286860136537548,-0.031811935782340206,-1,0.5549776188451825,0.5231656830628423,0.5751869264047613,0.031811935782340206
hvg_pca,baseline,0.3,c25_k25,25,1583,malignant cell,0.4,25,0.5370226812373403,1.2335891825018703,0.20141392182356954,0.47679636900147543,0.5432756508039711,0.06022631223586489,1,0.5370226812373403,0.47679636900147543,0.5432756508039711,0.06022631223586489
hvg_pca,baseline,0.3,c25_k50,50,1583,malignant cell,0.3,50,0.5533146615319213,1.3006201547842067,0.13587529727832903,0.47903548475830854,0.5311104303683513,0.07427917677361279,1,0.5533146615319213,0.47903548475830854,0.5311104303683513,0.07427917677361279
hvg_pca,baseline,0.3,c25_k100,100,1583,malignant cell,0.2,100,0.5690064767811148,1.3973865171997017,0.07237878295292201,0.4750717072194854,0.5300632673985345,0.09393476956162944,1,0.5690064767811148,0.4750717072194854,0.5300632673985345,0.09393476956162944
hvg_pca,baseline,0.3,c5_k25,25,1572,malignant cell,0.36,25,0.5098652129335567,0.8438689168469649,0.3157873121446788,0.4894546625321963,0.5560647928180249,0.02041055040136036,1,0.5098652129335567,0.4894546625321963,0.5560647928180249,0.02041055040136036
hvg_pca,baseline,0.3,c5_k50,50,1572,malignant cell,0.26,50,0.5136162444672285,0.8486663801001968,0.40745653251626934,0.48408943709520114,0.5417008427317512,0.029526807372027397,1,0.5136162444672285,0.48408943709520114,0.5417008427317512,0.029526807372027397
hvg_pca,baseline,0.3,c5_k100,100,1572,malignant cell,0.2,100,0.5238315536772612,0.8953942850914083,0.6260317292388141,0.4818108729900723,0.5298919702918303,0.042020680687188894,1,0.5238315536772612,0.4818108729900723,0.5298919702918303,0.042020680687188894
hvg_pca,baseline,0.3,c0_k25,25,1564,memory B cell,0.2,25,0.4523368926454775,0.7562490454391334,0.053080246225404165,0.4808290404861337,0.5352984570756958,-0.02849214784065618,-1,0.5476631073545225,0.5191709595138663,0.5689264547750631,0.028492147840656235
hvg_pca,baseline,0.3,c0_k50,50,1564,memory B cell,0.24,50,0.45922628722898795,0.7812395197715758,0.08890901043259272,0.4818464452724499,0.5364468978969217,-0.022620158043461958,-1,0.540773712771012,0.5181535547275501,0.5712383405436495,0.022620158043461958
hvg_pca,baseline,0.3,c0_k100,100,1564,memory B cell,0.15,100,0.45740078521593436,0.7593810901238081,0.07171483018356711,0.47343188126734853,0.5218741403886068,-0.016031096051414173,-1,0.5425992147840657,0.5265681187326514,0.5818487584085623,0.016031096051414284
hvg_pca,baseline,0.3,c12_k25,25,1340,pericyte,0.72,25,0.5179049238540598,1.1625107976853968,0.23852499156435414,0.485069144014604,0.5393858311035534,0.03283577983945585,1,0.5179049238540598,0.485069144014604,0.5393858311035534,0.03283577983945585
hvg_pca,baseline,0.3,c12_k50,50,1340,pericyte,0.62,50,0.5075020630673435,1.10971516870094,0.4613929271929389,0.4819115256695591,0.5282621470904498,0.025590537397784385,1,0.5075020630673435,0.4819115256695591,0.5282621470904498,0.025590537397784385
hvg_pca,baseline,0.3,c12_k100,100,1340,pericyte,0.52,100,0.5091650203806046,1.1227397153634635,0.4574838718890304,0.4753250893995849,0.5254069869214034,0.03383993098101973,1,0.5091650203806046,0.4753250893995849,0.5254069869214034,0.03383993098101973
hvg_pca,baseline,0.3,c10_k25,25,1243,IgG plasma cell,0.08,25,0.46892895546275226,0.7164712767773606,0.07881638581940904,0.474688601865513,0.5333804296181449,-0.005759646402760721,-1,0.5310710445372477,0.525311398134487,0.5846245217434795,0.005759646402760721
hvg_pca,baseline,0.3,c10_k50,50,1243,IgG plasma cell,0.06,50,0.47551826752356896,0.710978161456505,0.10618161180940733,0.4668647002925805,0.5244804821325865,0.00865356723098848,-1,0.524481732476431,0.5331352997074196,0.5823232638975717,-0.008653567230988535
hvg_pca,baseline,0.3,c10_k100,100,1243,IgG plasma cell,0.06,100,0.4833704268673885,0.7084636110580117,0.16012589504497557,0.4620485633549226,0.5123446447773138,0.0213218635124659,-1,0.5166295731326115,0.5379514366450774,0.5837517817399785,-0.0213218635124659
hvg_pca,baseline,0.3,c16_k25,25,724,mammary gland epithelial cell,0.24,25,0.5602915801845507,1.1403138324847257,0.43988634498686896,0.4932965315461752,0.5566093175623296,0.06699504863837552,1,0.5602915801845507,0.4932965315461752,0.5566093175623296,0.06699504863837552
hvg_pca,baseline,0.3,c16_k50,50,724,mammary gland epithelial cell,0.28,50,0.5505514016354498,1.1141849041544993,0.5853312258129162,0.4861158693640752,0.5454218660131536,0.06443553227137461,1,0.5505514016354498,0.4861158693640752,0.5454218660131536,0.06443553227137461
hvg_pca,baseline,0.3,c16_k100,100,724,mammary gland epithelial cell,0.17,100,0.5464127635099653,1.082876082208924,0.719879083502907,0.4787343394433469,0.5277301257845908,0.06767842406661834,1,0.5464127635099653,0.4787343394433469,0.5277301257845908,0.06767842406661834
hvg_pca,baseline,0.3,c30_k25,25,563,malignant cell,0.2,25,0.4497736877641351,0.6843434474346219,0.016375835748272814,0.4949183525469503,0.5550001250343843,-0.0451446647828152,-1,0.5502263122358648,0.5050816474530496,0.5665564280177048,0.0451446647828152
hvg_pca,baseline,0.3,c30_k50,50,563,malignant cell,0.28,50,0.42407912175848356,0.6281021274229476,0.007705217785728706,0.48916301983045335,0.5430755957888419,-0.06508389807196979,-1,0.5759208782415164,0.5108369801695466,0.5560772962564705,0.06508389807196979
hvg_pca,baseline,0.3,c30_k100,100,563,malignant cell,0.16,100,0.42476681087299006,0.5827373205741855,0.007432708308780073,0.48215596789117016,0.5325495761334367,-0.05738915701818009,-1,0.5752331891270099,0.5178440321088299,0.5652216859636399,0.05738915701818004
hvg_pca,baseline,0.3,c31_k25,25,543,malignant cell,0.12,25,0.4858836179949486,0.8995772458159836,0.3634840548787277,0.4949897471804746,0.5548000700192554,-0.009106129185526002,-1,0.5141163820050514,0.5050102528195254,0.5578696641576433,0.009106129185526002
hvg_pca,baseline,0.3,c31_k50,50,543,malignant cell,0.12,50,0.4919102753257146,0.9260828808624961,0.5481271134035208,0.48474949361074293,0.5380285828602865,0.007160781714971642,-1,0.5080897246742855,0.5152505063892571,0.5720485633549226,-0.007160781714971587
hvg_pca,baseline,0.3,c31_k100,100,543,malignant cell,0.16,100,0.500087524069119,0.9563362541504663,0.7681421713770747,0.4766909650153792,0.5262665983145365,0.02339655905373983,1,0.500087524069119,0.4766909650153792,0.5262665983145365,0.02339655905373983
hvg_pca,baseline,0.3,c20_k25,25,542,malignant cell,0.96,25,0.45513766285728574,0.5973167918060539,0.1786982392046532,0.4803404686288729,0.5374940608667382,-0.025202805771587178,-1,0.5448623371427143,0.5196595313711271,0.5703737277751382,0.025202805771587178
hvg_pca,baseline,0.3,c20_k50,50,542,malignant cell,0.98,50,0.46935407236990173,0.7754587972545625,0.5473994695852601,0.4659160644177149,0.516036284978369,0.00343800795218685,-1,0.5306459276300983,0.5340839355822851,0.5822776263472456,-0.003438007952186739
hvg_pca,baseline,0.3,c20_k100,100,542,malignant cell,0.84,100,0.4409212533446698,0.5392654008440044,0.2153922658973197,0.4589782815274201,0.4974843081847508,-0.01805702818275029,-1,0.5590787466553302,0.54102171847258,0.5799126009652654,0.018057028182750234
hvg_pca,baseline,0.3,c7_k25,25,536,malignant cell,0.24,25,0.4834329440596164,0.7208230168795863,0.05442795009364918,0.4906309235039636,0.5470279326814874,-0.007197979444347191,-1,0.5165670559403837,0.5093690764960364,0.5778151491660207,0.007197979444347302
hvg_pca,baseline,0.3,c7_k50,50,536,malignant cell,0.22,50,0.47958188501838006,0.6967029527364114,0.05159095691553419,0.48101790492385404,0.5374765560529146,-0.0014360199054739842,-1,0.5204181149816199,0.5189820950761459,0.5731413638750656,0.0014360199054740397
hvg_pca,baseline,0.3,c7_k100,100,536,malignant cell,0.15,100,0.4862587211483158,0.6920615509617505,0.05734165321283837,0.4819882342644227,0.5325845857610843,0.004270486883893088,-1,0.5137412788516842,0.5180117657355773,0.5682131336117431,-0.004270486883893088
hvg_pca,baseline,0.3,c27_k25,25,529,malignant cell,0.28,25,0.4293055590287329,0.588417523173138,0.004442339019405562,0.48363218635124655,0.5496692840531145,-0.05432662732251364,-1,0.5706944409712671,0.5163678136487535,0.5805027632598965,0.05432662732251359
hvg_pca,baseline,0.3,c27_k50,50,529,malignant cell,0.22,50,0.44099627397534324,0.5851043250730662,0.009214974301182994,0.4869369076496037,0.5337530320838231,-0.045940633674260434,-1,0.5590037260246568,0.5130630923503964,0.5631161069294056,0.04594063367426038
hvg_pca,baseline,0.3,c27_k100,100,529,malignant cell,0.19,100,0.4600765210432869,0.650400212105669,0.03987684004469618,0.481375128160244,0.5263003575983395,-0.021298607116957136,-1,0.5399234789567131,0.5186248718397559,0.5617175973392683,0.02129860711695719
hvg_pca,baseline,0.3,c29_k25,25,505,malignant cell,0.16,25,0.444834829578134,0.6574731064102204,0.03884921045828677,0.48721179574382956,0.5457263247393033,-0.042376966165695584,-1,0.5551651704218661,0.5127882042561704,0.5780952261872014,0.04237696616569564
hvg_pca,baseline,0.3,c29_k50,50,505,malignant cell,0.18,50,0.44539748430818477,0.6780524129900412,0.037792162794021755,0.48347614343944584,0.5341193828302784,-0.03807865913126107,-1,0.5546025156918153,0.5165238565605541,0.5743260646677837,0.03807865913126118
hvg_pca,baseline,0.3,c29_k100,100,505,malignant cell,0.13,100,0.4540748705894121,0.6675875295353708,0.045127495522632254,0.48153029583135365,0.5346026407261997,-0.027455425241941556,-1,0.5459251294105879,0.5184697041686464,0.5642382905298957,0.027455425241941556
hvg_pca,baseline,0.3,c28_k25,25,485,malignant cell,0.28,25,0.514128885443497,1.0798294678841978,0.5809925699460063,0.48126303483457955,0.5435863612493436,0.032865850608917446,1,0.514128885443497,0.48126303483457955,0.5435863612493436,0.032865850608917446
hvg_pca,baseline,0.3,c28_k50,50,485,malignant cell,0.18,50,0.5267823651504163,1.1740518983726174,0.307850816574687,0.4820464377703868,0.5403836054915102,0.044735927380029517,1,0.5267823651504163,0.4820464377703868,0.5403836054915102,0.044735927380029517
hvg_pca,baseline,0.3,c28_k100,100,485,malignant cell,0.15,100,0.5402610717947436,1.289047465467111,0.14941939908063817,0.48274738052964566,0.5302226862387156,0.05751369126509792,1,0.5402610717947436,0.48274738052964566,0.5302226862387156,0.05751369126509792
hvg_pca,baseline,0.3,c15_k25,25,439,malignant cell,0.32,25,0.5371852259371327,1.2237006204881231,0.24954664519793468,0.48401560429118007,0.5433406686838881,0.053169621645952625,1,0.5371852259371327,0.48401560429118007,0.5433406686838881,0.053169621645952625
hvg_pca,baseline,0.3,c15_k50,50,439,malignant cell,0.34,50,0.518692640476131,1.1289259616337635,0.5261670266976339,0.4809563254895096,0.5419465352972066,0.03773631498662133,1,0.518692640476131,0.4809563254895096,0.5419465352972066,0.03773631498662133
hvg_pca,baseline,0.3,c15_k100,100,439,malignant cell,0.27,100,0.5190677436294981,1.1911372566155198,0.42181307745938545,0.476429705669059,0.5276263472454925,0.042638037960439135,1,0.5190677436294981,0.476429705669059,0.5276263472454925,0.042638037960439135
hvg_pca,baseline,0.3,c13_k25,25,388,malignant cell,0.2,25,0.556978168996474,1.1955107280727728,0.3311080087418174,0.48525582035059645,0.5448704643777038,0.07172234864587756,1,0.556978168996474,0.48525582035059645,0.5448704643777038,0.07172234864587756
hvg_pca,baseline,0.3,c13_k50,50,388,malignant cell,0.14,50,0.5470754457475806,1.1318333476008224,0.5106839444334863,0.4799021605941634,0.5385831103553477,0.0671732851534172,1,0.5470754457475806,0.4799021605941634,0.5385831103553477,0.0671732851534172
hvg_pca,baseline,0.3,c13_k100,100,388,malignant cell,0.08,100,0.5508139738428067,1.1484415179414502,0.46545751712150907,0.47897734376953666,0.5218947710620421,0.07183663007327007,1,0.5508139738428067,0.47897734376953666,0.5218947710620421,0.07183663007327007
hvg_pca,baseline,0.3,c23_k25,25,374,malignant cell,0.64,25,0.48858436069919225,1.038770303341034,0.7834635260300213,0.4851989922228613,0.5518898947210482,0.0033853684763309744,-1,0.5114156393008078,0.5148010077771387,0.5716759608892444,-0.0033853684763308634
hvg_pca,baseline,0.3,c23_k50,50,374,malignant cell,0.46,50,0.4678286528795419,0.9417102036511014,0.703450876358704,0.482527445047388,0.5422872539948486,-0.014698792167846086,-1,0.5321713471204581,0.517472554952612,0.5719310310335343,0.014698792167846086
hvg_pca,baseline,0.3,c23_k100,100,374,malignant cell,0.39,100,0.472067318512591,0.951582333446911,0.7759638372648135,0.47771974793068095,0.5327333766785866,-0.005652429418089966,-1,0.527932681487409,0.522280252069319,0.577674485483508,0.005652429418089966
hvg_pca,baseline,0.3,c14_k25,25,353,malignant cell,0.2,25,0.42405411488159245,0.6517196280885279,0.0033700650944859098,0.481767173472705,0.5375772087324014,-0.05771305859111253,-1,0.5759458851184076,0.5182328265272951,0.5694784815824352,0.05771305859111253
hvg_pca,baseline,0.3,c14_k50,50,353,malignant cell,0.22,50,0.4170396859136262,0.6125846888643472,0.003982462497515197,0.47962971067043436,0.5306478031458651,-0.06259002475680814,-1,0.5829603140863737,0.5203702893295656,0.568805171422141,0.06259002475680808
hvg_pca,baseline,0.3,c14_k100,100,353,malignant cell,0.18,100,0.42107829653154616,0.6074132538248396,0.0047539276701220115,0.47177536322488683,0.525253819800445,-0.050697066693340676,-1,0.5789217034684538,0.5282246367751131,0.5860161544424717,0.05069706669334073
hvg_pca,baseline,0.3,c26_k25,25,337,malignant cell,0.24,25,0.4707294505989147,0.6610369082716756,0.07363152147693519,0.4911002400660182,0.5586348745905124,-0.020370789467103523,-1,0.5292705494010853,0.5088997599339818,0.5708844932356397,0.020370789467103467
hvg_pca,baseline,0.3,c26_k50,50,337,malignant cell,0.12,50,0.45490009752681987,0.5678432672442266,0.04653154268129288,0.48242885543524466,0.5402448173247643,-0.027528757908424795,-1,0.5450999024731802,0.5175711445647553,0.5745686313736277,0.027528757908424906
hvg_pca,baseline,0.3,c26_k100,100,337,malignant cell,0.09,100,0.47260496636575056,0.5797135557290216,0.08422583066294752,0.4788797544324689,0.5303427192477931,-0.006274788066718329,-1,0.5273950336342494,0.5211202455675311,0.5712733501712971,0.006274788066718329
hvg_pca,baseline,0.3,c18_k25,25,292,mast cell,0.44,25,0.4397334266923404,0.7563278303196002,0.0665807687927114,0.4678592237865413,0.5170446872890044,-0.028125797094200933,-1,0.5602665733076596,0.5321407762134587,0.5837549075995899,0.028125797094200933
hvg_pca,baseline,0.3,c18_k50,50,292,mast cell,0.32,50,0.4505489009477606,0.7464821590922601,0.11659476287568259,0.4719969866713346,0.5289098252019305,-0.021448085723573984,-1,0.5494510990522394,0.5280030133286654,0.5820988271774737,0.02144808572357404
hvg_pca,baseline,0.3,c18_k100,100,292,mast cell,0.2,100,0.4552126834879592,0.7234991895319334,0.156473471738348,0.4655735327214984,0.5157143214383956,-0.010360849233539193,-1,0.5447873165120408,0.5344264672785016,0.577189977243742,0.010360849233539193
hvg_pca,baseline,0.3,c21_k25,25,284,exhausted T cell,1.0,25,0.5007001925529521,1.350446840451931,0.3839353423180836,0.47218566355747826,0.525610167796144,0.028514528995473798,1,0.5007001925529521,0.47218566355747826,0.525610167796144,0.028514528995473798
hvg_pca,baseline,0.3,c21_k50,50,284,exhausted T cell,0.96,50,0.5112155842856786,1.5164146419037268,0.36670460207097544,0.46062042061566927,0.512062692240366,0.050595163670009324,1,0.5112155842856786,0.46062042061566927,0.512062692240366,0.050595163670009324
hvg_pca,baseline,0.3,c21_k100,100,284,exhausted T cell,0.79,100,0.5006001650453875,0.9352661500369323,0.9070100725392267,0.4593716397009178,0.5071713471204581,0.04122852534446969,1,0.5006001650453875,0.4593716397009178,0.5071713471204581,0.04122852534446969
hvg_pca,baseline,0.3,c32_k25,25,276,malignant cell,1.0,25,0.4832954062367151,0.8827026152193604,0.7376437690920249,0.4675361974542999,0.5272987571582185,0.015759208782415157,-1,0.5167045937632849,0.5324638025457,0.5883818049963739,-0.0157592087824151
hvg_pca,baseline,0.3,c32_k50,50,276,malignant cell,1.0,50,0.5152416914651529,1.307902390658631,0.6051909663386577,0.46398434569506614,0.520588786916402,0.051257345770086726,1,0.5152416914651529,0.46398434569506614,0.520588786916402,0.051257345770086726
hvg_pca,baseline,0.3,c32_k100,100,276,malignant cell,0.92,100,0.5162544699792443,1.46458701270208,0.5092401322352724,0.4635686063667508,0.5100740203555978,0.0526858636124935,1,0.5162544699792443,0.4635686063667508,0.5100740203555978,0.0526858636124935
hvg_pca,baseline,0.3,c4_k25,25,254,luminal epithelial cell of mammary gland,0.44,25,0.5047513066093176,0.8451579398602579,0.3123417846618313,0.48610374102878295,0.5479219285303457,0.018647565580534597,1,0.5047513066093176,0.48610374102878295,0.5479219285303457,0.018647565580534597
hvg_pca,baseline,0.3,c4_k50,50,254,luminal epithelial cell of mammary gland,0.28,50,0.5126659831453649,0.8814744911523962,0.5329363259226558,0.4833044087123959,0.5378772912550952,0.02936157443296905,1,0.5126659831453649,0.4833044087123959,0.5378772912550952,0.02936157443296905
hvg_pca,baseline,0.3,c4_k100,100,254,luminal epithelial cell of mammary gland,0.19,100,0.5029758183500462,0.7905910108870473,0.31071100368068094,0.48085604791317615,0.5245186176198454,0.02211977043687008,1,0.5029758183500462,0.48085604791317615,0.5245186176198454,0.02211977043687008
hvg_pca,baseline,0.3,c24_k25,25,234,malignant cell,0.36,25,0.43994598514591515,0.717639676743574,0.046102520665034154,0.48710976768611375,0.5449817449798694,-0.047163782540198596,-1,0.5600540148540849,0.5128902323138863,0.5716178199004726,0.047163782540198596
hvg_pca,baseline,0.3,c24_k50,50,234,malignant cell,0.32,50,0.43315661806996925,0.6939732983134591,0.03855881006136811,0.48187570331841256,0.5338099227287504,-0.04871908524844332,-1,0.5668433819300307,0.5181242966815874,0.5679349321063292,0.04871908524844326
hvg_pca,baseline,0.3,c24_k100,100,234,malignant cell,0.31,100,0.4404836329990747,0.6605068882945971,0.03600344121030073,0.4824854960114031,0.5304596263972593,-0.04200186301232839,-1,0.5595163670009253,0.5175145039885969,0.5663057340768711,0.042001863012328444
hvg_pca,baseline,0.3,c22_k25,25,209,malignant cell,1.0,25,0.51386631323614,0.9515245301473385,0.8780853408591068,0.4796379629398085,0.5348339543374429,0.03422835029633148,1,0.51386631323614,0.4796379629398085,0.5348339543374429,0.03422835029633148
hvg_pca,baseline,0.3,c22_k50,50,209,malignant cell,0.9,50,0.4667783640501138,0.6306376242489541,0.2748451889139766,0.46401110305333965,0.5158674885593538,0.002767260996774157,-1,0.5332216359498863,0.5359888969466603,0.5851115306709345,-0.002767260996774046
hvg_pca,baseline,0.3,c22_k100,100,209,malignant cell,0.87,100,0.45541273850308833,0.5948715678264376,0.30298768092053174,0.4572491810247818,0.4988553102103078,-0.00183644252169346,-1,0.5445872614969116,0.5427508189752183,0.5806728100227562,0.0018364425216933489
hvg_pca,baseline,0.5,c7_k25,25,5060,macrophage,0.52,25,0.5028507839655906,0.8996773622092185,0.33208568214583856,0.484905348970967,0.5461120558153492,0.017945434994623588,1,0.5028507839655906,0.484905348970967,0.5461120558153492,0.017945434994623588
hvg_pca,baseline,0.5,c7_k50,50,5060,macrophage,0.6,50,0.4976743604491235,0.8812500098294201,0.27668432598607107,0.4753697266748356,0.5262816024406711,0.022304633774287874,-1,0.5023256395508765,0.5246302733251644,0.5807684613268648,-0.02230463377428793
hvg_pca,baseline,0.5,c7_k100,100,5060,macrophage,0.42,100,0.5007001925529521,0.8868290029988289,0.3719419507152836,0.4718111855760334,0.5302451924279177,0.028889006976918652,1,0.5007001925529521,0.4718111855760334,0.5302451924279177,0.028889006976918652
hvg_pca,baseline,0.5,c15_k25,25,4995,malignant cell,0.28,25,0.4218785165920628,0.6420576919820548,0.005910020318204219,0.4950032508939959,0.5535759833954337,-0.07312473430193306,-1,0.5781214834079371,0.5049967491060041,0.5680912250868988,0.073124734301933
hvg_pca,baseline,0.5,c15_k50,50,4995,malignant cell,0.18,50,0.4469729175523269,0.6653444896946159,0.026090822118475646,0.487415789342069,0.5436288729400585,-0.040442871789742096,-1,0.5530270824476731,0.512584210657931,0.5603897321763486,0.04044287178974204
hvg_pca,baseline,0.5,c15_k100,100,4995,malignant cell,0.18,100,0.4369576633574233,0.634542427673592,0.018110237345963353,0.48948160744204655,0.5287304008602365,-0.05252394408462324,-1,0.5630423366425767,0.5105183925579534,0.5604835079646903,0.05252394408462335
hvg_pca,baseline,0.5,c8_k25,25,3943,"effector memory CD8-positive, alpha-beta T cell",0.0,25,0.46142689239540874,0.7709462903060244,0.08902784198623186,0.48185394733551723,0.5433031583685513,-0.02042705494010849,-1,0.5385731076045912,0.5181460526644828,0.5758802420665683,0.020427054940108436
hvg_pca,baseline,0.5,c8_k50,50,3943,"effector memory CD8-positive, alpha-beta T cell",0.0,50,0.4581009777688864,0.7558721899886255,0.07755507608543816,0.47778739153267147,0.5320781965040386,-0.01968641376378505,-1,0.5418990222311135,0.5222126084673285,0.5742810522893795,0.019686413763784993
hvg_pca,baseline,0.5,c8_k100,100,3943,"effector memory CD8-positive, alpha-beta T cell",0.01,100,0.4564005101402886,0.7522150009705276,0.06799052100574268,0.47334485733576737,0.5247930680937258,-0.01694434719547877,-1,0.5435994898597114,0.5266551426642326,0.5815149166020656,0.01694434719547877
hvg_pca,baseline,0.5,c6_k25,25,3607,T cell,0.0,25,0.47898171997299255,0.8401857411141203,0.1636336665481743,0.48014360199054734,0.5414038860686688,-0.001161882017554794,-1,0.5210182800270075,0.5198563980094526,0.5725537022681237,0.0011618820175548494
hvg_pca,baseline,0.5,c6_k50,50,3607,T cell,0.0,50,0.464490234814574,0.78610943790889,0.08171123659641559,0.47287616594563503,0.5326558553602241,-0.008385931131061009,-1,0.5355097651854259,0.527123834054365,0.5765072895046137,0.008385931131060897
hvg_pca,baseline,0.5,c6_k100,100,3607,T cell,0.01,100,0.45746330240816224,0.7480479307473266,0.0505241938163775,0.46712764760309083,0.5169609142514192,-0.009664345194928592,-1,0.5425366975918378,0.5328723523969091,0.5819237790392358,0.009664345194928647
hvg_pca,baseline,0.5,c3_k25,25,3014,fibroblast,0.96,25,0.5187926679836955,1.1258180171340832,0.2759463744004953,0.4988537472805021,0.5540042261621946,0.01993892070319342,1,0.5187926679836955,0.4988537472805021,0.5540042261621946,0.01993892070319342
hvg_pca,baseline,0.5,c3_k50,50,3014,fibroblast,0.8,50,0.5260071519667908,1.1383808236315183,0.2539854848169947,0.4946712846032659,0.5411769486608817,0.031335867363524894,1,0.5260071519667908,0.4946712846032659,0.5411769486608817,0.031335867363524894
hvg_pca,baseline,0.5,c3_k100,100,3014,fibroblast,0.67,100,0.5209932731501162,1.1281814423552508,0.3382834269144641,0.4839529620645678,0.5367044687289004,0.03704031108554845,1,0.5209932731501162,0.4839529620645678,0.5367044687289004,0.03704031108554845
hvg_pca,baseline,0.5,c9_k25,25,2723,malignant cell,0.36,25,0.518692640476131,1.2242995244965407,0.294402396529301,0.48970104278676646,0.5496649078496586,0.02899159768936449,1,0.518692640476131,0.48970104278676646,0.5496649078496586,0.02899159768936449
hvg_pca,baseline,0.5,c9_k50,50,2723,malignant cell,0.28,50,0.5124284178148991,1.1586982634025438,0.4688080938886868,0.48887375278201506,0.5383205381479906,0.02355466503288406,1,0.5124284178148991,0.48887375278201506,0.5383205381479906,0.02355466503288406
hvg_pca,baseline,0.5,c9_k100,100,2723,malignant cell,0.25,100,0.5326714846582811,1.2483572756585142,0.27716103507675244,0.48187995448748405,0.5291361374377953,0.05079153017079702,1,0.5326714846582811,0.48187995448748405,0.5291361374377953,0.05079153017079702
hvg_pca,baseline,0.5,c2_k25,25,2480,endothelial cell,0.76,25,0.49502363149866213,0.9714873706311804,0.8117270201901117,0.4895800720198054,0.5534740803721023,0.005443559478856719,-1,0.5049763685013379,0.5104199279801945,0.5738121733476707,-0.005443559478856663
hvg_pca,baseline,0.5,c2_k50,50,2480,endothelial cell,0.66,50,0.4843331916276976,0.9488891407308603,0.688823338385764,0.48104991372627476,0.5293318162494687,0.003283277901422854,-1,0.5156668083723024,0.5189500862737253,0.5754676285978644,-0.0032832779014229097
hvg_pca,baseline,0.5,c2_k100,100,2480,endothelial cell,0.45,100,0.48026957413288657,0.9270668598560696,0.6083910538218912,0.4733715521768487,0.5244279676911151,0.006898021956037892,-1,0.5197304258671134,0.5266284478231514,0.5734545750081272,-0.0068980219560380585
hvg_pca,baseline,0.5,c11_k25,25,1820,natural killer cell,0.2,25,0.4676661081797494,0.8352234309951878,0.09055108345595785,0.4675143789542124,0.5238209257545825,0.00015172922553702284,-1,0.5323338918202506,0.5324856210457876,0.5906674335442247,-0.00015172922553696733
hvg_pca,baseline,0.5,c11_k50,50,1820,natural killer cell,0.16,50,0.4643526969916727,0.7795953577518508,0.061027738553303214,0.4648669008977469,0.5104453724774313,-0.0005142039060742065,-1,0.5356473030083273,0.5351330991022532,0.5841400135037136,0.000514203906074151
hvg_pca,baseline,0.5,c11_k100,100,1820,natural killer cell,0.09,100,0.45498762159593886,0.7657556852221358,0.05062890908449623,0.45508608617369783,0.4961639450848983,-9.84645777589721e-05,-1,0.5450123784040611,0.5449139138263022,0.5807915926879892,9.84645777589721e-05
hvg_pca,baseline,0.5,c20_k25,25,1758,"effector memory CD8-positive, alpha-beta T cell",0.0,25,0.48914701542924305,0.8482718274345084,0.4472290974266889,0.49071807246992927,0.5471973542724249,-0.001571057040686219,-1,0.510852984570757,0.5092819275300708,0.5706819375328215,0.0015710570406861635
hvg_pca,baseline,0.5,c20_k50,50,1758,"effector memory CD8-positive, alpha-beta T cell",0.04,50,0.4587511565680562,0.7398233216431084,0.2550176202997979,0.48419834204406215,0.5388800670184299,-0.02544718547600594,-1,0.5412488434319438,0.5158016579559379,0.5704143639500863,0.025447185476005885
hvg_pca,baseline,0.5,c20_k100,100,1758,"effector memory CD8-positive, alpha-beta T cell",0.06,100,0.4486483783040336,0.6887914352021919,0.14475867627286315,0.47204031108554856,0.518351921778489,-0.023391932781514968,-1,0.5513516216959664,0.5279596889144514,0.5813223636500037,0.023391932781514968
hvg_pca,baseline,0.5,c14_k25,25,1755,"CD4-positive, alpha-beta T cell",0.0,25,0.47140463627497564,0.8112113656365949,0.1242155491979057,0.48597808147240484,0.548265773087599,-0.014573445197429202,-1,0.5285953637250244,0.5140219185275952,0.5778439070744456,0.014573445197429202
hvg_pca,baseline,0.5,c14_k50,50,1755,"CD4-positive, alpha-beta T cell",0.0,50,0.46947910675435744,0.7985586096230614,0.10672428076100088,0.47808197254244916,0.5357842156593063,-0.008602865788091718,-1,0.5305208932456426,0.5219180274575508,0.5806321738478081,0.008602865788091774
hvg_pca,baseline,0.5,c14_k100,100,1755,"CD4-positive, alpha-beta T cell",0.01,100,0.4631523669008977,0.7697930671665779,0.09426540187197222,0.4737244617269749,0.5295525019380329,-0.010572094826077183,-1,0.5368476330991023,0.5262755382730251,0.5734370701943035,0.010572094826077238
hvg_pca,baseline,0.5,c16_k25,25,1567,malignant cell,0.36,25,0.5098652129335567,0.843868916846965,0.3157873121446788,0.4897740003500962,0.5446097676861137,0.02009121258346047,1,0.5098652129335567,0.4897740003500962,0.5446097676861137,0.02009121258346047
hvg_pca,baseline,0.5,c16_k50,50,1567,malignant cell,0.26,50,0.5084898347045438,0.8164931653414224,0.3059736889631168,0.4848867188476831,0.5452493185626047,0.0236031158568607,1,0.5084898347045438,0.4848867188476831,0.5452493185626047,0.0236031158568607
hvg_pca,baseline,0.5,c16_k100,100,1567,malignant cell,0.2,100,0.5254069869214034,0.9015610706839696,0.6440977052606618,0.47981857510815473,0.5293749531121059,0.045588411813248686,1,0.5254069869214034,0.47981857510815473,0.5293749531121059,0.045588411813248686
hvg_pca,baseline,0.5,c35_k25,25,1517,malignant cell,0.4,25,0.5246442771762234,1.173299358906148,0.35509406576145186,0.4758182875290704,0.5384143139363325,0.04882598964715301,1,0.5246442771762234,0.4758182875290704,0.5384143139363325,0.04882598964715301
hvg_pca,baseline,0.5,c35_k50,50,1517,malignant cell,0.3,50,0.5500137537822901,1.326778343530188,0.12797698510276212,0.47697260496636573,0.5326045912625971,0.07304114881592438,1,0.5500137537822901,0.47697260496636573,0.5326045912625971,0.07304114881592438
hvg_pca,baseline,0.5,c35_k100,100,1517,malignant cell,0.2,100,0.5600540148540849,1.38049911996812,0.09388416048049737,0.47743510715446746,0.5292336642576708,0.08261890769961744,1,0.5600540148540849,0.47743510715446746,0.5292336642576708,0.08261890769961744
hvg_pca,baseline,0.5,c5_k25,25,1341,pericyte,0.72,25,0.5179049238540598,1.1625107976853968,0.23852499156435414,0.4856024156643077,0.5405273950336341,0.032302508189752166,1,0.5179049238540598,0.4856024156643077,0.5405273950336341,0.032302508189752166
hvg_pca,baseline,0.5,c5_k50,50,1341,pericyte,0.62,50,0.5075020630673435,1.10971516870094,0.4613929271929389,0.48360449123508964,0.5409162519692916,0.023897571832253828,1,0.5075020630673435,0.48360449123508964,0.5409162519692916,0.023897571832253828
hvg_pca,baseline,0.5,c5_k100,100,1341,pericyte,0.52,100,0.5091650203806046,1.1227397153634633,0.45748387188903084,0.4754181774988122,0.5276013403686014,0.033746842881792416,1,0.5091650203806046,0.4754181774988122,0.5276013403686014,0.033746842881792416
hvg_pca,baseline,0.5,c1_k25,25,1245,IgG plasma cell,0.08,25,0.46892895546275226,0.7164712767773606,0.07881638581940847,0.47651729225537026,0.5469435344719799,-0.007588336792618,-1,0.5310710445372477,0.5234827077446298,0.5811773237640351,0.007588336792617945
hvg_pca,baseline,0.5,c1_k50,50,1245,IgG plasma cell,0.06,50,0.47551826752356896,0.7109781614565052,0.10618161180940736,0.4654981369876716,0.5256814373952837,0.010020130535897342,-1,0.524481732476431,0.5345018630123284,0.5890488634374453,-0.010020130535897342
hvg_pca,baseline,0.5,c1_k100,100,1245,IgG plasma cell,0.06,100,0.4833704268673885,0.7084636110580117,0.16012589504497565,0.45956581809997743,0.5076414764060116,0.023804608767411084,-1,0.5166295731326115,0.5404341819000225,0.5894477231238591,-0.023804608767410973
hvg_pca,baseline,0.5,c30_k25,25,1231,malignant cell,0.2,25,0.44068368801420393,0.6498766660641714,0.010193026123875387,0.49390682437670363,0.5502231863762534,-0.0532231363624997,-1,0.559316311985796,0.5060931756232965,0.561640701192828,0.053223136362499535
hvg_pca,baseline,0.5,c30_k50,50,1231,malignant cell,0.18,50,0.4489984745805096,0.6483112053724261,0.015319112080516856,0.4933020330590912,0.5454331191077546,-0.044303558478581584,-1,0.5510015254194904,0.5066979669409087,0.5558278526594814,0.044303558478581695
hvg_pca,baseline,0.5,c30_k100,100,1231,malignant cell,0.15,100,0.4555877866413264,0.654675214203844,0.02615633117834696,0.4827826402260622,0.5316174447973192,-0.027194853584735834,-1,0.5444122133586736,0.5172173597739378,0.5742541698967215,0.027194853584735834
hvg_pca,baseline,0.5,c13_k25,25,1155,memory B cell,0.4,25,0.44949861211833253,0.7332356688142075,0.02457589101974833,0.4809089999749931,0.5361499412338392,-0.03141038785666056,-1,0.5505013878816675,0.519091000025007,0.5675735827352522,0.031410387856660504
hvg_pca,baseline,0.5,c13_k50,50,1155,memory B cell,0.2,50,0.45815099152266875,0.7683343198409924,0.07136755501781303,0.4815023506464277,0.541783365425492,-0.023351359123758963,-1,0.5418490084773313,0.5184976493535722,0.5761984545750081,0.023351359123759075
hvg_pca,baseline,0.5,c13_k100,100,1155,memory B cell,0.15,100,0.4537997949436095,0.7373523718759623,0.051076941426604794,0.4757791517667358,0.5251675460751707,-0.021979356823126295,-1,0.5462002050563906,0.5242208482332642,0.5726506039160769,0.02197935682312635
hvg_pca,baseline,0.5,c4_k25,25,1137,fibroblast,0.84,25,0.5086648828427818,1.0823368502380293,0.4468196465819084,0.4977526319737928,0.5560497886918903,0.010912250868988949,1,0.5086648828427818,0.4977526319737928,0.5560497886918903,0.010912250868988949
hvg_pca,baseline,0.5,c4_k50,50,1137,fibroblast,0.8,50,0.517404786316237,1.119468638551633,0.311126724960849,0.4969526619820451,0.5527895171172071,0.020452124334191912,1,0.517404786316237,0.4969526619820451,0.5527895171172071,0.020452124334191912
hvg_pca,baseline,0.5,c4_k100,100,1137,fibroblast,0.61,100,0.5219310310335342,1.1345994714563739,0.3148722405895683,0.48245073645252445,0.5242748005701567,0.03948029458100977,1,0.5219310310335342,0.48245073645252445,0.5242748005701567,0.03948029458100977
hvg_pca,baseline,0.5,c27_k25,25,638,malignant cell,0.28,25,0.4043486958913701,0.6686557566852224,0.007354227394220802,0.4921342119082748,0.5499818700142539,-0.08778551601690465,-1,0.5956513041086299,0.5078657880917252,0.567633599239791,0.08778551601690465
hvg_pca,baseline,0.5,c27_k50,50,638,malignant cell,0.2,50,0.4030483382930306,0.6430406124023734,0.010948193163565276,0.4877076821125809,0.5394652279376828,-0.08465934381955031,-1,0.5969516617069694,0.512292317887419,0.5624584260671683,0.08465934381955043
hvg_pca,baseline,0.5,c27_k100,100,638,malignant cell,0.18,100,0.40971267098452074,0.5910945489483492,0.008523710001008175,0.4847501812998574,0.5348783415439246,-0.07503751031533668,-1,0.5902873290154793,0.5152498187001426,0.5677567581084798,0.07503751031533668
hvg_pca,baseline,0.5,c42_k25,25,543,malignant cell,0.12,25,0.4858836179949486,0.8995772458159836,0.3634840548787277,0.49342594213408686,0.5534515741829003,-0.007542324139138246,-1,0.5141163820050514,0.5065740578659131,0.5618995223686514,0.007542324139138246
hvg_pca,baseline,0.5,c42_k50,50,543,malignant cell,0.12,50,0.4919102753257146,0.9260828808624961,0.5481271134035208,0.48850790217309764,0.541848383305409,0.003402373152616933,-1,0.5080897246742855,0.5114920978269023,0.5680068268773912,-0.003402373152616822
hvg_pca,baseline,0.5,c42_k100,100,543,malignant cell,0.16,100,0.500087524069119,0.9563362541504663,0.7681421713770747,0.4786016154442471,0.5370058015954388,0.02148590862487193,1,0.500087524069119,0.4786016154442471,0.5370058015954388,0.02148590862487193
hvg_pca,baseline,0.5,c26_k25,25,542,malignant cell,0.96,25,0.45513766285728574,0.5973167918060539,0.1786982392046532,0.47724618019955484,0.5332660231563678,-0.022108517342269096,-1,0.5448623371427143,0.5227538198004451,0.5795993898322038,0.02210851734226915
hvg_pca,baseline,0.5,c26_k50,50,542,malignant cell,0.98,50,0.46935407236990173,0.7754587972545625,0.5473994695852601,0.4664299557378279,0.5213890069769186,0.0029241166320738143,-1,0.5306459276300983,0.5335700442621721,0.5822638725649554,-0.0029241166320738143
hvg_pca,baseline,0.5,c26_k100,100,542,malignant cell,0.84,100,0.4409212533446698,0.5392654008440043,0.21539226589731963,0.45722311135562277,0.4969160269073995,-0.016301858010952963,-1,0.5590787466553302,0.5427768886443772,0.5795668808922453,0.016301858010952963
hvg_pca,baseline,0.5,c39_k25,25,529,malignant cell,0.28,25,0.4293055590287329,0.588417523173138,0.004442339019405562,0.4870754457475806,0.5519055240191052,-0.057769886718847696,-1,0.5706944409712671,0.5129245542524195,0.5670396859136261,0.05776988671884764
hvg_pca,baseline,0.5,c39_k50,50,529,malignant cell,0.22,50,0.4432969066493286,0.5911144397698855,0.010342398266061661,0.4857121958538598,0.5405974142889295,-0.04241528920453119,-1,0.5567030933506714,0.5142878041461402,0.5630423366425767,0.04241528920453119
hvg_pca,baseline,0.5,c39_k100,100,529,malignant cell,0.19,100,0.4600765210432869,0.6504002121056689,0.03987684004469615,0.48071257095701314,0.5262572207357024,-0.02063604991372625,-1,0.5399234789567131,0.5192874290429869,0.5683606741854009,0.02063604991372625
hvg_pca,baseline,0.5,c41_k25,25,506,malignant cell,0.16,25,0.444834829578134,0.6574731064102205,0.038849210458286876,0.4883554227412538,0.5587636600065017,-0.04352059316311985,-1,0.5551651704218661,0.5116445772587462,0.5784984620770712,0.04352059316311985
hvg_pca,baseline,0.5,c41_k50,50,506,malignant cell,0.18,50,0.44539748430818477,0.6780524129900413,0.03779216279402187,0.48369995498762164,0.5372846282727749,-0.03830247067943687,-1,0.5546025156918153,0.5163000450123785,0.5743610742954313,0.03830247067943682
hvg_pca,baseline,0.5,c41_k100,100,506,malignant cell,0.13,100,0.4540748705894121,0.6675875295353709,0.04512749552263236,0.48141382630223306,0.5336417514816575,-0.027338955712820967,-1,0.5459251294105879,0.5185861736977668,0.5629491860261572,0.027338955712821078
hvg_pca,baseline,0.5,c40_k25,25,486,malignant cell,0.28,25,0.514128885443497,1.0798294678841978,0.5809925699460063,0.4878986721348371,0.550224436720098,0.026230213308659878,1,0.514128885443497,0.4878986721348371,0.550224436720098,0.026230213308659878
hvg_pca,baseline,0.5,c40_k50,50,486,malignant cell,0.18,50,0.5267823651504163,1.1740518983726171,0.307850816574687,0.48325083147865655,0.5393283152867039,0.04353153367175977,1,0.5267823651504163,0.48325083147865655,0.5393283152867039,0.04353153367175977
hvg_pca,baseline,0.5,c40_k100,100,486,malignant cell,0.15,100,0.5401985546025156,1.2812844448322334,0.16056570753302252,0.4810204681287354,0.5396371502163094,0.059178086473780256,1,0.5401985546025156,0.4810204681287354,0.5396371502163094,0.059178086473780256
hvg_pca,baseline,0.5,c25_k25,25,443,malignant cell,0.08,25,0.42923053839805947,0.8653828910557471,0.5439375783648371,0.49527913926329736,0.5515335467253495,-0.0660486008652379,-1,0.5707694616019405,0.5047208607367025,0.5580353347170471,0.066048600865238
hvg_pca,baseline,0.5,c25_k50,50,443,malignant cell,0.1,50,0.43867063442446674,0.9438444441745786,0.8496473663604387,0.4858311660706694,0.534995873865313,-0.04716053164620265,-1,0.5613293655755333,0.5141688339293305,0.5612199604891345,0.04716053164620271
hvg_pca,baseline,0.5,c25_k100,100,443,malignant cell,0.11,100,0.4415089149516117,0.9661379448354919,0.9234908652887605,0.48325045637550323,0.529723173872815,-0.041741541423891526,-1,0.5584910850483883,0.5167495436244969,0.5597639350821475,0.041741541423891415
hvg_pca,baseline,0.5,c23_k25,25,436,malignant cell,0.32,25,0.535509765185426,1.2004775749445455,0.2818554422404796,0.4873926579809448,0.5510752957063192,0.04811710720448126,1,0.535509765185426,0.4873926579809448,0.5510752957063192,0.04811710720448126
hvg_pca,baseline,0.5,c23_k50,50,436,malignant cell,0.34,50,0.518692640476131,1.1289259616337635,0.5261670266976342,0.4774250418865188,0.545245567531071,0.04126759858961215,1,0.518692640476131,0.4774250418865188,0.545245567531071,0.04126759858961215
hvg_pca,baseline,0.5,c23_k100,100,436,malignant cell,0.27,100,0.5185926129685664,1.1705993886289667,0.47157685480002276,0.4737651604191153,0.525735827352522,0.044827452549451086,1,0.5185926129685664,0.4737651604191153,0.525735827352522,0.044827452549451086
hvg_pca,baseline,0.5,c10_k25,25,425,malignant cell,0.24,25,0.4745054890094776,0.7781876557023004,0.18104286939470415,0.4893969591637701,0.5492016554552501,-0.014891470154292485,-1,0.5254945109905225,0.51060304083623,0.5733482957813398,0.014891470154292485
hvg_pca,baseline,0.5,c10_k50,50,425,malignant cell,0.2,50,0.4385330966015654,0.6319825894700344,0.021855545535874155,0.4852191852759508,0.5380248318287529,-0.046686088674385395,-1,0.5614669033984345,0.5147808147240491,0.5705925379479357,0.046686088674385395
hvg_pca,baseline,0.5,c10_k100,100,425,malignant cell,0.19,100,0.4261171822251119,0.5495276460470774,0.009823399813191561,0.4823512715996899,0.530770962014554,-0.05623408937457797,-1,0.573882817774888,0.5176487284003101,0.570660681687464,0.05623408937457797
hvg_pca,baseline,0.5,c37_k25,25,388,malignant cell,0.2,25,0.5626922403661007,1.2292885949988812,0.2722755812156079,0.4846312110830479,0.5447116707094452,0.07806102928305275,1,0.5626922403661007,0.4846312110830479,0.5447116707094452,0.07806102928305275
hvg_pca,baseline,0.5,c37_k50,50,388,malignant cell,0.14,50,0.5470754457475806,1.1318333476008224,0.5106839444334863,0.4870896371502163,0.5439045737577834,0.0599858085973643,1,0.5470754457475806,0.4870896371502163,0.5439045737577834,0.0599858085973643
hvg_pca,baseline,0.5,c37_k100,100,388,malignant cell,0.08,100,0.5508139738428067,1.1484415179414502,0.46545751712150907,0.4779403085848608,0.5257176973667759,0.07287366525794592,1,0.5508139738428067,0.4779403085848608,0.5257176973667759,0.07287366525794592
hvg_pca,baseline,0.5,c0_k25,25,374,B cell,0.16,25,0.46320238065468006,0.7950472801071008,0.08029837715987977,0.48151960539148264,0.539335192177849,-0.018317224736802584,-1,0.5367976193453199,0.5184803946085174,0.5749893720773213,0.01831722473680253
hvg_pca,baseline,0.5,c0_k50,50,374,B cell,0.08,50,0.4575758333541724,0.7553859662533717,0.05335083334118444,0.4762172097326765,0.5257314511490659,-0.018641376378504104,-1,0.5424241666458276,0.5237827902673236,0.5756958163494961,0.01864137637850405
hvg_pca,baseline,0.5,c0_k100,100,374,B cell,0.08,100,0.4619395333716772,0.7542028986201251,0.07321017421624185,0.4776697341768986,0.5229925729575633,-0.015730200805221417,-1,0.5380604666283229,0.5223302658231014,0.5810441621445896,0.015730200805221473
hvg_pca,baseline,0.5,c12_k25,25,358,T cell,0.36,25,0.5471754732551452,1.267945453266042,0.08464731235140545,0.4931343619495361,0.5447047938183,0.05404111130560907,1,0.5471754732551452,0.4931343619495361,0.5447047938183,0.05404111130560907
hvg_pca,baseline,0.5,c12_k50,50,358,T cell,0.24,50,0.538260521643452,1.2004724665219204,0.2291405194701835,0.474320125534522,0.538606241716472,0.06394039610892993,1,0.538260521643452,0.474320125534522,0.538606241716472,0.06394039610892993
hvg_pca,baseline,0.5,c12_k100,100,358,T cell,0.17,100,0.5418740153542224,1.2285924295092856,0.20326589691389868,0.4698399559878967,0.5185125909625147,0.07203405936632573,1,0.5418740153542224,0.4698399559878967,0.5185125909625147,0.07203405936632573
hvg_pca,baseline,0.5,c21_k25,25,354,malignant cell,0.2,25,0.4243166870889495,0.6414530070456607,0.002990017006313311,0.4781136687589087,0.5356329240541149,-0.05379698166995922,-1,0.5756833129110506,0.5218863312410913,0.5736508789917226,0.053796981669959276
hvg_pca,baseline,0.5,c21_k50,50,354,malignant cell,0.22,50,0.4170396859136262,0.6125846888643474,0.0039824624975152035,0.48228331541173824,0.5341100052514441,-0.06524362949811202,-1,0.5829603140863737,0.5177166845882618,0.5679893220635674,0.06524362949811191
hvg_pca,baseline,0.5,c21_k100,100,354,malignant cell,0.18,100,0.42107829653154616,0.6074132538248396,0.0047539276701220054,0.47794912350896496,0.5294030858486084,-0.0568708269774188,-1,0.5789217034684538,0.522050876491035,0.5744767311010527,0.056870826977418854
hvg_pca,baseline,0.5,c32_k25,25,346,malignant cell,0.6,25,0.4912976068418815,1.0455886847120481,0.750372024103472,0.4847774387956688,0.542754882592713,0.006520168046212693,-1,0.5087023931581185,0.5152225612043312,0.5751850508889944,-0.006520168046212693
hvg_pca,baseline,0.5,c32_k50,50,346,malignant cell,0.48,50,0.4658531096051414,0.9332419343232511,0.6645640235662567,0.48060310335342216,0.5426729850708946,-0.014749993748280732,-1,0.5341468903948585,0.5193968966465777,0.5786735102153092,0.014749993748280787
hvg_pca,baseline,0.5,c32_k100,100,346,malignant cell,0.39,100,0.47298006951911775,0.9549709645807977,0.7895409531357322,0.47374984370701945,0.5149447348020706,-0.000769774187901695,-1,0.5270199304808822,0.5262501562929807,0.568508839930981,0.000769774187901584
hvg_pca,baseline,0.5,c38_k25,25,337,malignant cell,0.2,25,0.4819450348845933,0.7327715684432441,0.16903237530145077,0.4856479906974418,0.5455662807272,-0.0037029558128485185,-1,0.5180549651154067,0.5143520093025582,0.5754601265347971,0.0037029558128485185
hvg_pca,baseline,0.5,c38_k50,50,337,malignant cell,0.12,50,0.45490009752681987,0.5678432672442267,0.046531542681292955,0.4826985546025157,0.5308216009402585,-0.027798457075695837,-1,0.5450999024731802,0.5173014453974843,0.5756157943434445,0.027798457075695837
hvg_pca,baseline,0.5,c38_k100,100,337,malignant cell,0.09,100,0.47260496636575056,0.5797135557290217,0.08422583066294777,0.48043480707194475,0.5324883092850533,-0.007829840706194191,-1,0.5273950336342494,0.5195651929280553,0.5724249168521344,0.007829840706194191
hvg_pca,baseline,0.5,c24_k25,25,292,mast cell,0.44,25,0.4397334266923404,0.7563278303196002,0.0665807687927114,0.47174079121758483,0.5278101477906425,-0.03200736452524444,-1,0.5602665733076596,0.5282592087824152,0.5805884118132486,0.03200736452524444
hvg_pca,baseline,0.5,c24_k50,50,292,mast cell,0.32,50,0.4505489009477606,0.74648215909226,0.11659476287568268,0.46758608617369773,0.5280714696541549,-0.017037185225937113,-1,0.5494510990522394,0.5324139138263022,0.5896565305459001,0.017037185225937224
hvg_pca,baseline,0.5,c24_k100,100,292,mast cell,0.2,100,0.4552126834879592,0.7234991895319334,0.15647347173834789,0.468923954087374,0.5183575483257895,-0.013711270599414793,-1,0.5447873165120408,0.531076045912626,0.5784972117332265,0.013711270599414793
hvg_pca,baseline,0.5,c22_k25,25,291,malignant cell,0.24,25,0.46616569556628074,0.6939279671832181,0.07003330429045757,0.4911580059516367,0.5537497811898272,-0.024992310385355987,-1,0.5338343044337193,0.5088419940483633,0.5734864587761634,0.024992310385355987
hvg_pca,baseline,0.5,c22_k50,50,291,malignant cell,0.26,50,0.4594388456825627,0.6195126319877482,0.02064763962950035,0.48168890194803565,0.5363650003751032,-0.02225005626547294,-1,0.5405611543174373,0.5183110980519643,0.5673941583935582,0.02225005626547305
hvg_pca,baseline,0.5,c22_k100,100,291,malignant cell,0.19,100,0.45865112906049166,0.6167825661313403,0.02331492143084476,0.47911169321563435,0.5267779889469604,-0.02046056415514269,-1,0.5413488709395083,0.5208883067843657,0.568558228512841,0.020460564155142635
hvg_pca,baseline,0.5,c28_k25,25,284,exhausted T cell,1.0,25,0.5007001925529521,1.350446840451931,0.3839353423180836,0.4691957788391808,0.5324214158893695,0.03150441371377127,1,0.5007001925529521,0.4691957788391808,0.5324214158893695,0.03150441371377127
hvg_pca,baseline,0.5,c28_k50,50,284,exhausted T cell,0.96,50,0.5112155842856786,1.5164146419037268,0.36670460207097544,0.4622915676811123,0.5169127760134037,0.0489240166045663,1,0.5112155842856786,0.4622915676811123,0.5169127760134037,0.0489240166045663
hvg_pca,baseline,0.5,c28_k100,100,284,exhausted T cell,0.79,100,0.5006001650453875,0.9352661500369323,0.9070100725392266,0.45985308459826457,0.5007839655905373,0.04074708044712294,1,0.5006001650453875,0.45985308459826457,0.5007839655905373,0.04074708044712294
hvg_pca,baseline,0.5,c19_k25,25,277,malignant cell,0.44,25,0.5350596414013854,1.1178213751911843,0.5162946038550096,0.49274869339068245,0.5525675810847982,0.04231094801070295,1,0.5350596414013854,0.49274869339068245,0.5525675810847982,0.04231094801070295
hvg_pca,baseline,0.5,c19_k50,50,277,malignant cell,0.42,50,0.5350721448398309,1.1290092924066173,0.5299756303724268,0.48314298932206357,0.5398140738703143,0.051929155517767334,1,0.5350721448398309,0.48314298932206357,0.5398140738703143,0.051929155517767334
hvg_pca,baseline,0.5,c19_k100,100,277,malignant cell,0.34,100,0.5421991047538073,1.1755546574395555,0.4130677061455704,0.4740858736152442,0.5215215434244417,0.0681132311385631,1,0.5421991047538073,0.4740858736152442,0.5215215434244417,0.0681132311385631
hvg_pca,baseline,0.5,c43_k25,25,276,malignant cell,1.0,25,0.4832954062367151,0.8827026152193604,0.7376437690920249,0.4711078671634699,0.5211614443972092,0.012187539073245157,-1,0.5167045937632849,0.52889213283653,0.5850927755132661,-0.012187539073245102
hvg_pca,baseline,0.5,c43_k50,50,276,malignant cell,1.0,50,0.5152416914651529,1.307902390658631,0.6051909663386577,0.4605766585811098,0.5106516792117832,0.05466503288404306,1,0.5152416914651529,0.4605766585811098,0.5106516792117832,0.05466503288404306
hvg_pca,baseline,0.5,c43_k100,100,276,malignant cell,0.92,100,0.5162544699792443,1.4645870127020804,0.509240132235272,0.4592726124684289,0.5037929180524644,0.056981857510815415,1,0.5162544699792443,0.4592726124684289,0.5037929180524644,0.056981857510815415
hvg_pca,baseline,0.5,c31_k25,25,247,luminal epithelial cell of mammary gland,0.44,25,0.5083397934431969,0.8510928114669014,0.3406288384285303,0.4838828802920803,0.5534321938533097,0.024456913151116588,1,0.5083397934431969,0.4838828802920803,0.5534321938533097,0.024456913151116588
hvg_pca,baseline,0.5,c31_k50,50,247,luminal epithelial cell of mammary gland,0.28,50,0.5128160244067118,0.8731805487854085,0.49299985614600905,0.48528945460001505,0.5426167195978894,0.027526569806696766,1,0.5128160244067118,0.48528945460001505,0.5426167195978894,0.027526569806696766
hvg_pca,baseline,0.5,c31_k100,100,247,luminal epithelial cell of mammary gland,0.19,100,0.5029758183500462,0.7905910108870473,0.3107110036806807,0.48657480807221987,0.5363918827677611,0.016401010277826367,1,0.5029758183500462,0.48657480807221987,0.5363918827677611,0.016401010277826367
hvg_pca,baseline,0.5,c33_k25,25,235,malignant cell,0.36,25,0.43994598514591515,0.717639676743574,0.04610252066503421,0.488216634574508,0.5521412138338043,-0.04827064942859283,-1,0.5600540148540849,0.5117833654254921,0.5767311010527896,0.04827064942859283
hvg_pca,baseline,0.5,c33_k50,50,235,malignant cell,0.32,50,0.43315661806996925,0.6939732983134591,0.038558810061368264,0.4840166045662558,0.5418221260846733,-0.050859986496286536,-1,0.5668433819300307,0.5159833954337443,0.5764816574558004,0.050859986496286425
hvg_pca,baseline,0.5,c33_k100,100,235,malignant cell,0.31,100,0.44093375678311536,0.6646882618361488,0.03748606069586291,0.4784485733576734,0.528085223436445,-0.03751481657455802,-1,0.5590662432168847,0.5215514266423267,0.5673097601840505,0.03751481657455802
hvg_pca,baseline,0.5,c44_k25,25,235,malignant cell,0.2,25,0.48354547500562656,0.7518419802178998,0.185586272684435,0.48575183175373227,0.5421572182350145,-0.002206356748105709,-1,0.5164545249943735,0.5142481682462677,0.5661313111105554,0.0022063567481057644
hvg_pca,baseline,0.5,c44_k50,50,235,malignant cell,0.2,50,0.5123408937457801,0.8107550364278526,0.36930583410338536,0.48082997824401713,0.5340987521568431,0.03151091550176294,1,0.5123408937457801,0.48082997824401713,0.5340987521568431,0.03151091550176294
hvg_pca,baseline,0.5,c44_k100,100,235,malignant cell,0.14,100,0.5236189952236865,0.8599369410600177,0.5589402603902338,0.4808556102928306,0.534930855985396,0.04276338493085591,1,0.5236189952236865,0.4808556102928306,0.534930855985396,0.04276338493085591
hvg_pca,baseline,0.5,c36_k25,25,211,mammary gland epithelial cell,0.2,25,0.5533896821625948,1.1529957350118059,0.44843846029018475,0.49251956788116735,0.5545781339868463,0.06087011428142741,1,0.5533896821625948,0.49251956788116735,0.5545781339868463,0.06087011428142741
hvg_pca,baseline,0.5,c36_k50,50,211,mammary gland epithelial cell,0.16,50,0.5512640976268474,1.1924869579629922,0.42928201366858865,0.4912379029233038,0.5484877091200079,0.060026194703543534,1,0.5512640976268474,0.4912379029233038,0.5484877091200079,0.060026194703543534
hvg_pca,baseline,0.5,c36_k100,100,211,mammary gland epithelial cell,0.09,100,0.5607667108454825,1.22341073594879,0.34900978455558374,0.4850269449098502,0.5315568031208582,0.07573976593563225,1,0.5607667108454825,0.4850269449098502,0.5315568031208582,0.07573976593563225
hvg_pca,baseline,0.5,c29_k25,25,209,malignant cell,1.0,25,0.51386631323614,0.9515245301473385,0.8780853408591068,0.48133374177898924,0.538675635799845,0.032532571457150716,1,0.51386631323614,0.48133374177898924,0.538675635799845,0.032532571457150716
hvg_pca,baseline,0.5,c29_k50,50,209,malignant cell,0.9,50,0.4667783640501138,0.6306376242489541,0.2748451889139766,0.47160850483883066,0.528836680087024,-0.004830140788716852,-1,0.5332216359498863,0.5283914951611693,0.5850233814298933,0.004830140788716908
hvg_pca,baseline,0.5,c29_k100,100,209,malignant cell,0.87,100,0.45541273850308833,0.5948715678264376,0.30298768092053174,0.46129673160119034,0.5029470604416215,-0.005883993098102003,-1,0.5445872614969116,0.5387032683988097,0.5779651904273676,0.005883993098101947
hvg_pca,baseline,1.0,c9_k25,25,3962,macrophage,0.56,25,0.4944859836455025,0.8796057344052847,0.25598841636131225,0.48602928305283954,0.5408180999774937,0.008456700592662958,-1,0.5055140163544976,0.5139707169471605,0.5740022256120433,-0.008456700592662902
hvg_pca,baseline,1.0,c9_k50,50,3962,macrophage,0.64,50,0.49447348020705695,0.8825829233523674,0.2767212134919558,0.47767029683162876,0.5451205331466152,0.016803183375428188,-1,0.505526519792943,0.5223297031683714,0.5792317887419041,-0.0168031833754283
hvg_pca,baseline,1.0,c9_k100,100,3962,macrophage,0.48,100,0.49633649253544726,0.8876431551621441,0.362070879363495,0.46811773237640353,0.5211501913026082,0.028218760159043732,-1,0.5036635074645528,0.5318822676235965,0.5775788341793994,-0.028218760159043677
hvg_pca,baseline,1.0,c10_k25,25,3750,"effector memory CD8-positive, alpha-beta T cell",0.0,25,0.46142689239540874,0.7709462903060244,0.0890278419862316,0.4827933306659331,0.5448992222861287,-0.02136643827052437,-1,0.5385731076045912,0.5172066693340669,0.5838399309810197,0.021366438270524313
hvg_pca,baseline,1.0,c10_k50,50,3750,"effector memory CD8-positive, alpha-beta T cell",0.0,50,0.4581009777688864,0.7558721899886254,0.07755507608543825,0.4817807397034184,0.5445266198204507,-0.023679761934531973,-1,0.5418990222311135,0.5182192602965816,0.5743535722323639,0.023679761934531918
hvg_pca,baseline,1.0,c10_k100,100,3750,"effector memory CD8-positive, alpha-beta T cell",0.0,100,0.456300482632724,0.7503270660901852,0.06561369010222659,0.47122940058516094,0.5278945460001501,-0.014928917952436949,-1,0.5436995173672761,0.5287705994148391,0.5806509290054764,0.014928917952437004
hvg_pca,baseline,1.0,c12_k25,25,3464,T cell,0.0,25,0.47898171997299255,0.8401857411141203,0.16363366654817446,0.48113493710770455,0.541969666658331,-0.0021532171347120044,-1,0.5210182800270075,0.5188650628922954,0.5678611618195003,0.00215321713471206
hvg_pca,baseline,1.0,c12_k50,50,3464,T cell,0.0,50,0.4646027657605842,0.7802812062437753,0.07598852909560812,0.4742753007076946,0.5256070419365324,-0.0096725349471104,-1,0.5353972342394158,0.5257246992923055,0.5807046937907925,0.00967253494711029
hvg_pca,baseline,1.0,c12_k100,100,3464,T cell,0.01,100,0.45963890069769187,0.7500792766481091,0.05635203377699935,0.4664151391632699,0.5120339343319413,-0.006776238465578011,-1,0.5403610993023081,0.5335848608367301,0.5738815674310435,0.006776238465578066
hvg_pca,baseline,1.0,c15_k25,25,2397,malignant cell,0.12,25,0.4568006201705469,0.76738173792854,0.08383726179410818,0.49886837630348346,0.5564280177048687,-0.04206775613293656,-1,0.5431993798294531,0.5011316236965165,0.5592431668708895,0.04206775613293656
hvg_pca,baseline,1.0,c15_k50,50,2397,malignant cell,0.14,50,0.46369001475405736,0.7997272250124811,0.15687203445501088,0.4969137137712871,0.5521593438195503,-0.03322369901722977,-1,0.5363099852459426,0.5030862862287129,0.5568831428642876,0.03322369901722977
hvg_pca,baseline,1.0,c15_k100,100,2397,malignant cell,0.16,100,0.4619395333716772,0.7488096391884881,0.10856569921254255,0.4844616019405336,0.5324545500012503,-0.022522068568856413,-1,0.5380604666283229,0.5155383980594663,0.5654142389157018,0.022522068568856524
hvg_pca,baseline,1.0,c2_k25,25,2266,endothelial cell,0.76,25,0.49369826702343145,0.9660477898474019,0.7690042388490407,0.4846747230488384,0.5497242991822751,0.00902354397459304,-1,0.5063017329765686,0.5153252769511616,0.5684719547875666,-0.00902354397459304
hvg_pca,baseline,1.0,c2_k50,50,2266,endothelial cell,0.66,50,0.4843331916276976,0.9488891407308603,0.6888233383857643,0.4797870039260797,0.5367163469954237,0.00454618770161791,-1,0.5156668083723024,0.5202129960739204,0.5734677036184951,-0.004546187701617965
hvg_pca,baseline,1.0,c2_k100,100,2266,endothelial cell,0.45,100,0.4807071944784816,0.9313843103005641,0.6324893329395019,0.47288685638550604,0.5240297331766235,0.007820338092975554,-1,0.5192928055215185,0.527113143614494,0.5771318362549701,-0.007820338092975554
hvg_pca,baseline,1.0,c5_k25,25,2225,fibroblast,0.92,25,0.5287704118632623,1.1631070053725268,0.15249300439653504,0.4980172047313012,0.5622146090174798,0.03075320713196117,1,0.5287704118632623,0.4980172047313012,0.5622146090174798,0.03075320713196117
hvg_pca,baseline,1.0,c5_k50,50,2225,fibroblast,0.88,50,0.5285578534096876,1.163368919962184,0.19134435587328366,0.490658493585736,0.5405624046612818,0.03789935982395165,1,0.5285578534096876,0.490658493585736,0.5405624046612818,0.03789935982395165
hvg_pca,baseline,1.0,c5_k100,100,2225,fibroblast,0.68,100,0.5277451299107254,1.159875449456288,0.23093631847008803,0.48880442121583434,0.5357060691690215,0.03894070869489108,1,0.5277451299107254,0.48880442121583434,0.5357060691690215,0.03894070869489108
hvg_pca,baseline,1.0,c26_k25,25,2049,malignant cell,0.32,25,0.41380129535622295,0.67112481625698,0.003188355446172987,0.491414076371002,0.5586442521693465,-0.07761278101477903,-1,0.5861987046437771,0.508585923628998,0.5701630448373303,0.07761278101477909
hvg_pca,baseline,1.0,c26_k50,50,2049,malignant cell,0.24,50,0.4116882142589212,0.6484704648589698,0.004026601413790037,0.49292549201030283,0.5443972092325389,-0.08123727775138162,-1,0.5883117857410788,0.5070745079896972,0.5616775863362424,0.08123727775138156
hvg_pca,baseline,1.0,c26_k100,100,2049,malignant cell,0.2,100,0.41237590337342767,0.6263197243502406,0.0066173553058693334,0.4918019330315837,0.5360205306459276,-0.07942602965815604,-1,0.5876240966265723,0.5081980669684163,0.5536747605591538,0.07942602965815604
hvg_pca,baseline,1.0,c14_k25,25,1855,natural killer cell,0.2,25,0.46379004226162196,0.8249389994155578,0.07870949577318663,0.4661625071894771,0.5155255195178674,-0.0023724649278551446,-1,0.5362099577383781,0.5338374928105228,0.5860474130385855,0.0023724649278552556
hvg_pca,baseline,1.0,c14_k50,50,1855,natural killer cell,0.16,50,0.4629022981319863,0.7708178791033836,0.049449228026625484,0.4647565580534647,0.5116000650178799,-0.0018542599214784183,-1,0.5370977018680136,0.5352434419465353,0.588529970741954,0.0018542599214783628
hvg_pca,baseline,1.0,c14_k100,100,1855,natural killer cell,0.09,100,0.45527520068018706,0.7645632025820078,0.0539923722882592,0.4534546375253195,0.494190902498187,0.0018205631548675605,-1,0.544724799319813,0.5465453624746806,0.5889938483082847,-0.0018205631548675605
hvg_pca,baseline,1.0,c29_k25,25,1737,"effector memory CD8-positive, alpha-beta T cell",0.0,25,0.48914701542924305,0.8482718274345082,0.4472290974266885,0.4919550376353497,0.5538216759608892,-0.002808022206106653,-1,0.510852984570757,0.5080449623646502,0.5692878041461402,0.002808022206106764
hvg_pca,baseline,1.0,c29_k50,50,1737,"effector memory CD8-positive, alpha-beta T cell",0.04,50,0.45417489809697664,0.720659577320191,0.2105421737138417,0.4850485758583611,0.5410144039610892,-0.030873677761384444,-1,0.5458251019030234,0.514951424141639,0.5723780289579635,0.030873677761384388
hvg_pca,baseline,1.0,c29_k100,100,1737,"effector memory CD8-positive, alpha-beta T cell",0.06,100,0.4472980069519118,0.6867600090416052,0.14238221863313805,0.4670029258045963,0.5076283477956438,-0.019704918852684494,-1,0.5527019930480882,0.5329970741954037,0.5722773762784765,0.01970491885268455
hvg_pca,baseline,1.0,c43_k25,25,1518,malignant cell,0.4,25,0.5246442771762234,1.1732993589061478,0.3550940657614524,0.4810409737677861,0.5391563930080773,0.04360330340843732,1,0.5246442771762234,0.4810409737677861,0.5391563930080773,0.04360330340843732
hvg_pca,baseline,1.0,c43_k50,50,1518,malignant cell,0.3,50,0.5500137537822901,1.326778343530188,0.12797698510276162,0.47428511590687444,0.5298557103203381,0.07572863787541567,1,0.5500137537822901,0.47428511590687444,0.5298557103203381,0.07572863787541567
hvg_pca,baseline,1.0,c43_k100,100,1518,malignant cell,0.2,100,0.5600540148540849,1.38049911996812,0.09388416048049791,0.4784140013503713,0.5325564530245817,0.08164001350371358,1,0.5600540148540849,0.4784140013503713,0.5325564530245817,0.08164001350371358
hvg_pca,baseline,1.0,c20_k25,25,1443,malignant cell,0.28,25,0.5619920478131486,1.383972974526294,0.048831556905344464,0.4915655555277702,0.5525000625171921,0.0704264922853784,1,0.5619920478131486,0.4915655555277702,0.5525000625171921,0.0704264922853784
hvg_pca,baseline,1.0,c20_k50,50,1443,malignant cell,0.3,50,0.5536522543699517,1.3845412125416001,0.05047448119100966,0.4838853184625772,0.5382630223311411,0.06976693590737448,1,0.5536522543699517,0.4838853184625772,0.5382630223311411,0.06976693590737448
hvg_pca,baseline,1.0,c20_k100,100,1443,malignant cell,0.28,100,0.5514891595188677,1.3610901881607114,0.09474884413314061,0.48047713121108304,0.5380804721298357,0.07101202830778464,1,0.5514891595188677,0.48047713121108304,0.5380804721298357,0.07101202830778464
hvg_pca,baseline,1.0,c6_k25,25,1342,pericyte,0.72,25,0.5179049238540598,1.1625107976853968,0.23852499156435414,0.4896381504913851,0.5446804121133311,0.028266773362674746,1,0.5179049238540598,0.4896381504913851,0.5446804121133311,0.028266773362674746
hvg_pca,baseline,1.0,c6_k50,50,1342,pericyte,0.62,50,0.5075020630673435,1.10971516870094,0.4613929271929389,0.48169384080622174,0.5364156393008077,0.025808222261121727,1,0.5075020630673435,0.48169384080622174,0.5364156393008077,0.025808222261121727
hvg_pca,baseline,1.0,c6_k100,100,1342,pericyte,0.52,100,0.5091650203806046,1.1227397153634635,0.4574838718890304,0.4739381454900098,0.5185538523093851,0.03522687489059484,1,0.5091650203806046,0.4739381454900098,0.5185538523093851,0.03522687489059484
hvg_pca,baseline,1.0,c22_k25,25,1323,"CD4-positive, alpha-beta T cell",0.0,25,0.45463752531946283,0.7534113702755016,0.043187487908189916,0.48575789592137836,0.5450080022006051,-0.031120370601915526,-1,0.5453624746805372,0.5142421040786216,0.57288191752732,0.031120370601915637
hvg_pca,baseline,1.0,c22_k50,50,1323,"CD4-positive, alpha-beta T cell",0.0,50,0.464052614468979,0.7854704728526986,0.09662866038571763,0.4784952737002676,0.5381254845082397,-0.014442659231288624,-1,0.5359473855310211,0.5215047262997323,0.5804233664257671,0.014442659231288735
hvg_pca,baseline,1.0,c22_k100,100,1323,"CD4-positive, alpha-beta T cell",0.0,100,0.46375253194628524,0.7554959182178886,0.08244852327315465,0.4696237090199805,0.5201792993073094,-0.005871177073695277,-1,0.5362474680537148,0.5303762909800195,0.5799801195328714,0.005871177073695333
hvg_pca,baseline,1.0,c4_k25,25,1237,fibroblast,0.8,25,0.49846207707119455,1.028477066155391,0.8017460264174687,0.4982382655230188,0.552856410512891,0.00022381154817574522,-1,0.5015379229288055,0.5017617344769811,0.555272699992498,-0.0002238115481756342
hvg_pca,baseline,1.0,c4_k50,50,1237,fibroblast,0.78,50,0.4924104128635375,0.9972851730192279,0.9824262880748205,0.491154254920103,0.5451449148515841,0.0012561579434344772,-1,0.5075895871364625,0.508845745079897,0.5643089349571131,-0.0012561579434344772
hvg_pca,baseline,1.0,c4_k100,100,1237,fibroblast,0.66,100,0.49624896846632827,1.0184810916909732,0.8886579308781133,0.4787670359348822,0.5257402035559778,0.017481932531446087,-1,0.5037510315336717,0.5212329640651179,0.5742016554552501,-0.017481932531446143
hvg_pca,baseline,1.0,c16_k25,25,1175,malignant cell,0.32,25,0.5000750206306734,0.7737102532706029,0.17285010316235577,0.4911529420590663,0.5493273150116282,0.00892207857160715,1,0.5000750206306734,0.4911529420590663,0.5493273150116282,0.00892207857160715
hvg_pca,baseline,1.0,c16_k50,50,1175,malignant cell,0.3,50,0.5071769736677586,0.7624060888517975,0.1808589709842433,0.4881022281127311,0.5444947360524144,0.019074745555027528,1,0.5071769736677586,0.4881022281127311,0.5444947360524144,0.019074745555027528
hvg_pca,baseline,1.0,c16_k100,100,1175,malignant cell,0.18,100,0.5109530120783216,0.796187783369717,0.31206295788447713,0.47971554677536316,0.5291142564205156,0.0312374653029584,1,0.5109530120783216,0.47971554677536316,0.5291142564205156,0.0312374653029584
hvg_pca,baseline,1.0,c1_k25,25,1114,IgG plasma cell,0.08,25,0.4585761084298182,0.670317361308505,0.03790186383465787,0.4776096551551677,0.5399266048163245,-0.01903354672534946,-1,0.5414238915701818,0.5223903448448324,0.5771937282752757,0.019033546725349404
hvg_pca,baseline,1.0,c1_k50,50,1114,IgG plasma cell,0.06,50,0.47398034459476357,0.7223953489885429,0.12375265862311928,0.472158968716397,0.5297394283427942,0.0018213758783665601,-1,0.5260196554052364,0.527841031283603,0.5840474880592162,-0.0018213758783666156
hvg_pca,baseline,1.0,c1_k100,100,1114,IgG plasma cell,0.06,100,0.4760059016229463,0.6622314149228634,0.10142672664282042,0.4609991497661857,0.5105103903573482,0.015006751856760592,-1,0.5239940983770537,0.5390008502338143,0.5877878916702092,-0.015006751856760592
hvg_pca,baseline,1.0,c8_k25,25,1084,myeloid cell,0.48,25,0.5192928055215185,0.9201194306540037,0.49553263456877894,0.48789198279526874,0.5419977993948336,0.03140082272624972,1,0.5192928055215185,0.48789198279526874,0.5419977993948336,0.03140082272624972
hvg_pca,baseline,1.0,c8_k50,50,1084,myeloid cell,0.38,50,0.5135287203981095,0.8979409377723745,0.42957448067663206,0.48296575308209755,0.5417783640501138,0.030562967316011935,1,0.5135287203981095,0.48296575308209755,0.5417783640501138,0.030562967316011935
hvg_pca,baseline,1.0,c8_k100,100,1084,myeloid cell,0.31,100,0.5110905499012228,0.8934023990573324,0.4354648997527776,0.4782700242566706,0.526759233789292,0.032820525644552234,1,0.5110905499012228,0.4782700242566706,0.526759233789292,0.032820525644552234
hvg_pca,baseline,1.0,c7_k25,25,1071,memory B cell,0.36,25,0.45278701642951813,0.7434227849084896,0.029852787196194327,0.48575989647152973,0.5526501037785391,-0.0329728800420116,-1,0.5472129835704819,0.5142401035284703,0.5815868113731276,0.0329728800420116
hvg_pca,baseline,1.0,c7_k50,50,1071,memory B cell,0.2,50,0.4592512941058791,0.7677880153062937,0.06913410465980818,0.48219797944434717,0.5415801845507514,-0.022946685338468054,-1,0.5407487058941209,0.5178020205556528,0.574024106629323,0.02294668533846811
hvg_pca,baseline,1.0,c7_k100,100,1071,memory B cell,0.13,100,0.4554377453799795,0.7538649772279713,0.06539957936171073,0.47579690664932855,0.5208338543099352,-0.020359161269349058,-1,0.5445622546200205,0.5242030933506715,0.5747324264172647,0.020359161269349002
hvg_pca,baseline,1.0,c18_k25,25,1015,malignant cell,0.48,25,0.5551901772987572,1.2660586860520648,0.036818584942106054,0.47970623171372123,0.5489372077321263,0.07548394558503596,1,0.5551901772987572,0.47970623171372123,0.5489372077321263,0.07548394558503596
hvg_pca,baseline,1.0,c18_k50,50,1015,malignant cell,0.38,50,0.5647803145865113,1.3168091698151467,0.026315163265597224,0.48277457550826475,0.5380923503963589,0.0820057390782466,1,0.5647803145865113,0.48277457550826475,0.5380923503963589,0.0820057390782466
hvg_pca,baseline,1.0,c18_k100,100,1015,malignant cell,0.25,100,0.5613293655755333,1.3289130918011873,0.03200975531739352,0.47598839680912247,0.5272056065417989,0.08534096876641079,1,0.5613293655755333,0.47598839680912247,0.5272056065417989,0.08534096876641079
hvg_pca,baseline,1.0,c33_k25,25,969,malignant cell,0.32,25,0.4313686263722524,0.6420412890522496,0.012490623746880402,0.49101265347970696,0.5490541148815924,-0.05964402710745459,-1,0.5686313736277476,0.5089873465202931,0.5663626247217985,0.059644027107454534
hvg_pca,baseline,1.0,c33_k50,50,969,malignant cell,0.2,50,0.4469729175523269,0.6508508334547544,0.024971176444002527,0.4935594163394934,0.5422216109430092,-0.04658649878716653,-1,0.5530270824476731,0.5064405836605067,0.5596020155542774,0.046586498787166364
hvg_pca,baseline,1.0,c33_k100,100,969,malignant cell,0.14,100,0.4532996574057866,0.6713673544101726,0.04154561737923822,0.4848052589462102,0.5299788691890269,-0.03150560154042359,-1,0.5467003425942134,0.5151947410537898,0.5687995448748405,0.03150560154042359
hvg_pca,baseline,1.0,c21_k25,25,841,mammary gland epithelial cell,0.24,25,0.5588161744479732,1.132686684753741,0.44550897219756447,0.49338036710095273,0.5567387281502413,0.06543580734702042,1,0.5588161744479732,0.49338036710095273,0.5567387281502413,0.06543580734702042
hvg_pca,baseline,1.0,c21_k50,50,841,mammary gland epithelial cell,0.26,50,0.5441496411513166,1.063061416881158,0.7534303448856552,0.489330815974393,0.5439552126834879,0.0548188251769236,1,0.5441496411513166,0.489330815974393,0.5439552126834879,0.0548188251769236
hvg_pca,baseline,1.0,c21_k100,100,841,mammary gland epithelial cell,0.18,100,0.5408737402785766,1.02460326301562,0.9114435654846507,0.4800781464902848,0.5322638725649553,0.0607955937882918,1,0.5408737402785766,0.4800781464902848,0.5322638725649553,0.0607955937882918
hvg_pca,baseline,1.0,c27_k25,25,775,fibroblast,0.96,25,0.5243441946535298,1.1488165967253063,0.17814590298922256,0.49201517917427295,0.5464452724499238,0.03232901547925682,1,0.5243441946535298,0.49201517917427295,0.5464452724499238,0.03232901547925682
hvg_pca,baseline,1.0,c27_k50,50,775,fibroblast,0.76,50,0.5207807146965415,1.1352125216225908,0.24761178481786023,0.4959832078821676,0.5464890344844832,0.024797506814373926,1,0.5207807146965415,0.4959832078821676,0.5464890344844832,0.024797506814373926
hvg_pca,baseline,1.0,c27_k100,100,775,fibroblast,0.61,100,0.526644827327515,1.166753635947906,0.21835067040402353,0.4822209232538948,0.5314855335217185,0.044423904073620235,1,0.526644827327515,0.4822209232538948,0.5314855335217185,0.044423904073620235
hvg_pca,baseline,1.0,c38_k25,25,656,malignant cell,0.52,25,0.47207982195103654,0.9580940737451002,0.7843784773048461,0.4889336442521693,0.5457163219885468,-0.016853822301132748,-1,0.5279201780489635,0.5110663557478307,0.5726524794318437,0.01685382230113286
hvg_pca,baseline,1.0,c38_k50,50,656,malignant cell,0.5,50,0.48413313661256846,1.019768413965229,0.9096935834812332,0.4806498662132087,0.5382767761134312,0.0034832703993597502,-1,0.5158668633874315,0.5193501337867914,0.5727618845182425,-0.0034832703993599168
hvg_pca,baseline,1.0,c38_k100,100,656,malignant cell,0.37,100,0.4804196153942334,0.9878160048762121,0.9502767373346186,0.47716565805596545,0.5293662007051939,0.003253957338267943,-1,0.5195803846057666,0.5228343419440346,0.5784797069194029,-0.003253957338267943
hvg_pca,baseline,1.0,c47_k25,25,559,malignant cell,0.16,25,0.43208132236365,0.6657415952403356,0.0445528638291123,0.49589737177723875,0.5597189227037436,-0.06381604941358876,-1,0.5679186776363501,0.5041026282227612,0.5660494135887368,0.06381604941358887
hvg_pca,baseline,1.0,c47_k50,50,559,malignant cell,0.22,50,0.42162844782315134,0.5574555877414967,0.014545260360454412,0.48699536122433673,0.5391976543549476,-0.06536691340118539,-1,0.5783715521768487,0.5130046387756633,0.5626278476581059,0.06536691340118539
hvg_pca,baseline,1.0,c47_k100,100,559,malignant cell,0.2,100,0.43920828227762637,0.6243892956464975,0.0732795253045069,0.48432093825802097,0.5288860686688839,-0.0451126559803946,-1,0.5607917177223736,0.515679061741979,0.5648690889994749,0.0451126559803946
hvg_pca,baseline,1.0,c51_k25,25,543,malignant cell,0.12,25,0.4858836179949486,0.8995772458159836,0.3634840548787277,0.49159581384880835,0.5467397284253169,-0.005712195853859736,-1,0.5141163820050514,0.5084041861511917,0.5687138963214884,0.005712195853859736
hvg_pca,baseline,1.0,c51_k50,50,543,malignant cell,0.12,50,0.4919102753257146,0.9260828808624961,0.5481271134035208,0.48596826627322515,0.5456438020455625,0.005942009052489428,-1,0.5080897246742855,0.5140317337267749,0.572074195403736,-0.005942009052489428
hvg_pca,baseline,1.0,c51_k100,100,543,malignant cell,0.16,100,0.500087524069119,0.9563362541504663,0.768142171377075,0.47662507189477105,0.5254482482682737,0.023462452174348003,1,0.500087524069119,0.47662507189477105,0.5254482482682737,0.023462452174348003
hvg_pca,baseline,1.0,c44_k25,25,531,malignant cell,0.28,25,0.4293055590287329,0.588417523173138,0.004442339019405562,0.4877177473805297,0.5425792092825527,-0.05841218835179679,-1,0.5706944409712671,0.5122822526194704,0.5719435344719798,0.058412188351796734
hvg_pca,baseline,1.0,c44_k50,50,531,malignant cell,0.22,50,0.4377578834179399,0.5780603103234606,0.007289841323435395,0.4818223761534422,0.5354578759158768,-0.04406449273550228,-1,0.5622421165820601,0.5181776238465577,0.5717434794568506,0.04406449273550239
hvg_pca,baseline,1.0,c44_k100,100,531,malignant cell,0.19,100,0.4572007302008052,0.6413404973522576,0.03469211362682127,0.48061898272024806,0.5234908349796193,-0.02341825251944285,-1,0.5427992697991948,0.5193810172797519,0.5682737752882042,0.02341825251944285
hvg_pca,baseline,1.0,c48_k25,25,506,malignant cell,0.16,25,0.444834829578134,0.6574731064102205,0.038849210458286876,0.49377785140913744,0.5566293230638425,-0.048943021831003464,-1,0.5551651704218661,0.5062221485908626,0.5723336417514816,0.04894302183100352
hvg_pca,baseline,1.0,c48_k50,50,506,malignant cell,0.18,50,0.44539748430818477,0.6780524129900412,0.03779216279402185,0.47812823526469783,0.5368288779414339,-0.032730750956513066,-1,0.5546025156918153,0.5218717647353022,0.5768573857810898,0.03273075095651312
hvg_pca,baseline,1.0,c48_k100,100,506,malignant cell,0.13,100,0.4540748705894121,0.6675875295353708,0.045127495522632254,0.4853255895371227,0.530984145640051,-0.03125071894771059,-1,0.5459251294105879,0.5146744104628773,0.5631092300382605,0.03125071894771059
hvg_pca,baseline,1.0,c45_k25,25,489,malignant cell,0.28,25,0.5144414714046363,1.100090573805526,0.49754531691077575,0.4852163720023006,0.5488753157118207,0.02922509940233564,1,0.5144414714046363,0.4852163720023006,0.5488753157118207,0.02922509940233564
hvg_pca,baseline,1.0,c45_k50,50,489,malignant cell,0.18,50,0.5267823651504163,1.1740518983726174,0.307850816574687,0.4812684738303033,0.543935207181975,0.04551389132011302,1,0.5267823651504163,0.4812684738303033,0.543935207181975,0.04551389132011302
hvg_pca,baseline,1.0,c45_k100,100,489,malignant cell,0.15,100,0.5412238365550527,1.2836193945116448,0.15233633010924136,0.48085842356648073,0.5285147165470504,0.060365412988571954,1,0.5412238365550527,0.48085842356648073,0.5285147165470504,0.060365412988571954
hvg_pca,baseline,1.0,c11_k25,25,456,malignant cell,0.08,25,0.42923053839805947,0.8653828910557472,0.5439375783648372,0.49245048638375555,0.5545593788291779,-0.06321994798569608,-1,0.5707694616019405,0.5075495136162445,0.5649928730400859,0.06321994798569608
hvg_pca,baseline,1.0,c11_k50,50,456,malignant cell,0.1,50,0.43867063442446674,0.9438444441745784,0.8496473663604385,0.4880705944134637,0.5391151316612068,-0.04939995998899693,-1,0.5613293655755333,0.5119294055865363,0.5603403435944885,0.04939995998899693
hvg_pca,baseline,1.0,c11_k100,100,456,malignant cell,0.1,100,0.4457725874615519,0.9771652818524708,0.9495185774210139,0.4796634699542374,0.5348126984920853,-0.033890882492685515,-1,0.5542274125384481,0.5203365300457625,0.5693153117107204,0.03389088249268557
hvg_pca,baseline,1.0,c17_k25,25,444,malignant cell,0.24,25,0.43086848883442946,0.6807574411593391,0.035817293091915114,0.4980786591312611,0.5548194503488459,-0.06721017029683163,-1,0.5691315111655706,0.501921340868739,0.5610286578809173,0.06721017029683163
hvg_pca,baseline,1.0,c17_k50,50,444,malignant cell,0.18,50,0.4203280902248118,0.6366548596878361,0.016093283806485722,0.4875846482782765,0.5363137362774762,-0.0672565580534647,-1,0.5796719097751881,0.5124153517217235,0.5621383380429619,0.06725655805346464
hvg_pca,baseline,1.0,c17_k100,100,444,malignant cell,0.11,100,0.41931531171072045,0.606677129525449,0.012277444913555364,0.4873208882442671,0.5309041236339993,-0.06800557653354666,-1,0.5806846882892795,0.5126791117557328,0.5520968266273225,0.06800557653354677
hvg_pca,baseline,1.0,c49_k25,25,440,malignant cell,0.2,25,0.4614518992722999,0.7358235591967494,0.09150810757520095,0.491215709320063,0.5542080322088574,-0.029763810047763073,-1,0.5385481007277001,0.508784290679937,0.5614662782265122,0.029763810047763073
hvg_pca,baseline,1.0,c49_k50,50,440,malignant cell,0.2,50,0.44644777313761286,0.6469643820534805,0.027611954701369828,0.48879991997799394,0.5402154342444172,-0.04235214684038108,-1,0.5535522268623871,0.511200080022006,0.5623615244192153,0.04235214684038113
hvg_pca,baseline,1.0,c49_k100,100,440,malignant cell,0.19,100,0.4311310610417865,0.5598335424610414,0.013706525819366482,0.4824163519967992,0.5307440796218961,-0.05128529095501272,-1,0.5688689389582136,0.5175836480032009,0.5664820325589537,0.05128529095501266
hvg_pca,baseline,1.0,c24_k25,25,437,malignant cell,0.32,25,0.535509765185426,1.2004775749445458,0.2818554422404793,0.48889519617894917,0.5411156818124985,0.04661456900647687,1,0.535509765185426,0.48889519617894917,0.5411156818124985,0.04661456900647687
hvg_pca,baseline,1.0,c24_k50,50,437,malignant cell,0.34,50,0.518692640476131,1.1289259616337635,0.5261670266976343,0.4821397759383831,0.5471035784840832,0.036552864537747864,1,0.518692640476131,0.4821397759383831,0.5471035784840832,0.036552864537747864
hvg_pca,baseline,1.0,c24_k100,100,437,malignant cell,0.27,100,0.5185926129685664,1.1705993886289665,0.4715768548000231,0.47505076396008905,0.5240091025031883,0.04354184900847735,1,0.5185926129685664,0.47505076396008905,0.5240091025031883,0.04354184900847735
hvg_pca,baseline,1.0,c30_k25,25,405,malignant cell,0.96,25,0.4614143889569632,0.6698987492588424,0.29140593378505936,0.47663076095926377,0.5371133311660706,-0.015216372002300582,-1,0.5385856110430368,0.5233692390407362,0.5793174372952562,0.015216372002300638
hvg_pca,baseline,1.0,c30_k50,50,405,malignant cell,0.98,50,0.47034184400710194,0.795053189325192,0.6050941577305637,0.46485420990772464,0.5110424116632074,0.005487634099377303,-1,0.5296581559928981,0.5351457900922754,0.5799807447047938,-0.005487634099377248
hvg_pca,baseline,1.0,c30_k100,100,405,malignant cell,0.84,100,0.44412213358673636,0.585864052613669,0.2966895733138911,0.4572501187826653,0.5000331341118808,-0.013127985195928948,-1,0.5558778664132636,0.5427498812173348,0.5814023856560554,0.013127985195928837
hvg_pca,baseline,1.0,c0_k25,25,393,B cell,0.16,25,0.46320238065468006,0.7950472801071008,0.08029837715988017,0.4823252019305309,0.5556190452374402,-0.019122821275850854,-1,0.5367976193453199,0.5176747980694691,0.5776919902973318,0.019122821275850743
hvg_pca,baseline,1.0,c0_k50,50,393,B cell,0.08,50,0.46306484283177873,0.7829771934496521,0.0847262060702518,0.47985996148940957,0.5366388256770611,-0.016795118657630836,-1,0.5369351571682213,0.5201400385105904,0.5768842681737478,0.016795118657630836
hvg_pca,baseline,1.0,c0_k100,100,393,B cell,0.08,100,0.46215209182525196,0.7604072078585508,0.07761113766460995,0.4744221535922378,0.5236927655105154,-0.012270061766985862,-1,0.537847908174748,0.5255778464077622,0.5685651054039861,0.012270061766985862
hvg_pca,baseline,1.0,c50_k25,25,385,malignant cell,0.36,25,0.5247943184375703,0.905975201400597,0.6060171122186604,0.4853518467578584,0.5475899622396159,0.03944247167971188,1,0.5247943184375703,0.4853518467578584,0.5475899622396159,0.03944247167971188
hvg_pca,baseline,1.0,c50_k50,50,385,malignant cell,0.26,50,0.5378103978594113,0.9856054079071049,0.9478330406709039,0.47699492360399115,0.5333629248043211,0.060815474255420165,1,0.5378103978594113,0.47699492360399115,0.5333629248043211,0.060815474255420165
hvg_pca,baseline,1.0,c50_k100,100,385,malignant cell,0.23,100,0.5328840431118558,0.9809957711415328,0.9395931348731781,0.47440746205206424,0.5155861611943284,0.05847658105979153,1,0.5328840431118558,0.47440746205206424,0.5155861611943284,0.05847658105979153
hvg_pca,baseline,1.0,c41_k25,25,377,malignant cell,0.2,25,0.5619670409362575,1.2214426178162843,0.30585898752182267,0.4807543324414214,0.531962539698417,0.08121270849483608,1,0.5619670409362575,0.4807543324414214,0.531962539698417,0.08121270849483608
hvg_pca,baseline,1.0,c41_k50,50,377,malignant cell,0.14,50,0.5515516767110955,1.1528102784082872,0.45054508857889763,0.48717572332391407,0.5440014754057365,0.06437595338718144,1,0.5515516767110955,0.48717572332391407,0.5440014754057365,0.06437595338718144
hvg_pca,baseline,1.0,c41_k100,100,377,malignant cell,0.08,100,0.5540148540848734,1.1673647715384752,0.4404234053526027,0.47956481782490185,0.5288266773362674,0.07445003625997154,1,0.5540148540848734,0.47956481782490185,0.5288266773362674,0.07445003625997154
hvg_pca,baseline,1.0,c23_k25,25,356,malignant cell,0.2,25,0.4243166870889495,0.6414530070456607,0.002990017006313311,0.48798457075695817,0.5450542649228538,-0.06366788366800868,-1,0.5756833129110506,0.5120154292430419,0.5809097501812998,0.06366788366800868
hvg_pca,baseline,1.0,c23_k50,50,356,malignant cell,0.22,50,0.4170396859136262,0.6125846888643474,0.003982462497515219,0.4797411788241766,0.5296806621821001,-0.06270149291055038,-1,0.5829603140863737,0.5202588211758233,0.5733264147640601,0.06270149291055038
hvg_pca,baseline,1.0,c23_k100,100,356,malignant cell,0.18,100,0.4197529320563155,0.608687188476208,0.004829471134952572,0.48044124634274427,0.5314430218310034,-0.06068831428642879,-1,0.5802470679436845,0.5195587536572558,0.5682781514916602,0.060688314286428735
hvg_pca,baseline,1.0,c37_k25,25,346,malignant cell,0.6,25,0.4912976068418815,1.0455886847120481,0.7503720241034721,0.4798347670609418,0.537223986596314,0.011462839780939704,-1,0.5087023931581185,0.5201652329390583,0.5807997199229787,-0.01146283978093976
hvg_pca,baseline,1.0,c37_k50,50,346,malignant cell,0.48,50,0.4658531096051414,0.9332419343232512,0.6645640235662569,0.47873240141038786,0.5310054014854085,-0.01287929180524644,-1,0.5341468903948585,0.521267598589612,0.572374903098352,0.012879291805246496
hvg_pca,baseline,1.0,c37_k100,100,346,malignant cell,0.39,100,0.47217984945860114,0.9522127329054227,0.7767161664575108,0.47521587186476283,0.5302364400210058,-0.003036022406161687,-1,0.5278201505413989,0.5247841281352372,0.5691333866813374,0.0030360224061616314
hvg_pca,baseline,1.0,c36_k25,25,338,malignant cell,0.2,25,0.4893845807597089,0.7880037585593018,0.2783099198794602,0.48840156042911803,0.5530414614018855,0.0009830203305908891,-1,0.5106154192402911,0.511598439570882,0.5689533371677211,-0.0009830203305909446
hvg_pca,baseline,1.0,c36_k50,50,338,malignant cell,0.12,50,0.45490009752681987,0.5678432672442266,0.04653154268129288,0.48456388006701845,0.5349102253119608,-0.02966378254019858,-1,0.5450999024731802,0.5154361199329816,0.5663707519567881,0.029663782540198635
hvg_pca,baseline,1.0,c36_k100,100,338,malignant cell,0.09,100,0.47260496636575056,0.5797135557290216,0.08422583066294752,0.4734404461226837,0.5255163920078021,-0.0008354797569331551,-1,0.5273950336342494,0.5265595538773162,0.5800195053639751,0.0008354797569332106
hvg_pca,baseline,1.0,c13_k25,25,337,malignant cell,0.4,25,0.537585335967391,1.1354038201619094,0.4305066548771793,0.4912426542299132,0.554509990247318,0.0463426817374778,1,0.537585335967391,0.4912426542299132,0.554509990247318,0.0463426817374778
hvg_pca,baseline,1.0,c13_k50,50,337,malignant cell,0.4,50,0.5370476881142314,1.108262998878937,0.5825915304105787,0.4827080572157343,0.5388538097976944,0.05433963089849714,1,0.5370476881142314,0.4827080572157343,0.5388538097976944,0.05433963089849714
hvg_pca,baseline,1.0,c13_k100,100,337,malignant cell,0.32,100,0.5435744829828203,1.1732350909738596,0.41787211562143256,0.4703158368551351,0.5125934632023805,0.07325864612768518,1,0.5435744829828203,0.4703158368551351,0.5125934632023805,0.07325864612768518
hvg_pca,baseline,1.0,c19_k25,25,302,malignant cell,0.28,25,0.47125459501362876,0.7019689925718692,0.0745422337988763,0.48925073145114906,0.5511521918527594,-0.017996136437520294,-1,0.5287454049863712,0.5107492685488509,0.5718985220935757,0.017996136437520294
hvg_pca,baseline,1.0,c19_k50,50,302,malignant cell,0.26,50,0.4628022706244217,0.6238328440560409,0.023992104644155646,0.4883195378729151,0.5462458426067168,-0.025517267248493403,-1,0.5371977293755783,0.5116804621270848,0.5691477656355497,0.025517267248493458
hvg_pca,baseline,1.0,c19_k100,100,302,malignant cell,0.21,100,0.4578133986846383,0.6190363170597731,0.024615489784012085,0.475807472054815,0.5248086973917827,-0.017994073370176722,-1,0.5421866013153618,0.5241925279451849,0.5720098026957414,0.01799407337017689
hvg_pca,baseline,1.0,c28_k25,25,292,mast cell,0.44,25,0.4397334266923404,0.7563278303196002,0.0665807687927114,0.47039379579384333,0.5295956388006702,-0.030660369101502938,-1,0.5602665733076596,0.5296062042061567,0.5869701667958689,0.030660369101502938
hvg_pca,baseline,1.0,c28_k50,50,292,mast cell,0.32,50,0.4505489009477606,0.7464821590922601,0.11659476287568259,0.4694811698217009,0.5202324389207031,-0.018932268873940283,-1,0.5494510990522394,0.530518830178299,0.592270374352947,0.018932268873940394
hvg_pca,baseline,1.0,c28_k100,100,292,mast cell,0.2,100,0.45308709895221183,0.7119409740503435,0.13630973512040817,0.46335823601490406,0.5094888594363449,-0.010271137062692226,-1,0.5469129010477882,0.5366417639850958,0.5853515966890894,0.010271137062692448
hvg_pca,baseline,1.0,c42_k25,25,291,malignant cell,0.24,25,0.4938107979694416,0.7802008496425136,0.10583347826214806,0.4939971617194729,0.5530077021180825,-0.00018636375003128203,-1,0.5061892020305584,0.5060028382805271,0.5707050688939459,0.00018636375003133754
hvg_pca,baseline,1.0,c42_k50,50,291,malignant cell,0.18,50,0.5015629298056966,0.7732677437523078,0.11500344294232384,0.48608317287253994,0.5503532221360875,0.015479756933156674,1,0.5015629298056966,0.48608317287253994,0.5503532221360875,0.015479756933156674
hvg_pca,baseline,1.0,c42_k100,100,291,malignant cell,0.14,100,0.49296056415514267,0.7304380737163161,0.08156254879106306,0.47880942259121256,0.5289248293280651,0.014151141563930103,-1,0.5070394358448573,0.5211905774087874,0.5639657155717822,-0.014151141563930048
hvg_pca,baseline,1.0,c31_k25,25,284,exhausted T cell,1.0,25,0.5007001925529521,1.350446840451931,0.3839353423180836,0.47003913576233464,0.5242960564155142,0.030661056790617425,1,0.5007001925529521,0.47003913576233464,0.5242960564155142,0.030661056790617425
hvg_pca,baseline,1.0,c31_k50,50,284,exhausted T cell,0.96,50,0.5112155842856786,1.5164146419037263,0.3667046020709753,0.46391376378504084,0.5110742954312436,0.04730182050063775,1,0.5112155842856786,0.46391376378504084,0.5110742954312436,0.04730182050063775
hvg_pca,baseline,1.0,c31_k100,100,284,exhausted T cell,0.79,100,0.5006001650453875,0.9352661500369324,0.9070100725392268,0.46009021230838487,0.502468178749156,0.04050995273700264,1,0.5006001650453875,0.46009021230838487,0.502468178749156,0.04050995273700264
hvg_pca,baseline,1.0,c53_k25,25,276,malignant cell,1.0,25,0.4832954062367151,0.8827026152193604,0.7376437690920249,0.47059503863562474,0.5298044462227112,0.012700367601090334,-1,0.5167045937632849,0.5294049613643752,0.5837686613818801,-0.012700367601090279
hvg_pca,baseline,1.0,c53_k50,50,276,malignant cell,1.0,50,0.5152416914651529,1.307902390658631,0.6051909663386577,0.46433900572657477,0.5126853634749556,0.05090268573857809,1,0.5152416914651529,0.46433900572657477,0.5126853634749556,0.05090268573857809
hvg_pca,baseline,1.0,c53_k100,100,276,malignant cell,0.92,100,0.5162544699792443,1.46458701270208,0.5092401322352724,0.45858992472930055,0.4911319362824777,0.057664545249943744,1,0.5162544699792443,0.45858992472930055,0.4911319362824777,0.057664545249943744
hvg_pca,baseline,1.0,c55_k25,25,237,malignant cell,0.2,25,0.4922978819175273,0.7987273087760165,0.3033917040938783,0.4859207532071319,0.5594475980894746,0.006377128710395419,-1,0.5077021180824727,0.5140792467928681,0.572478056465528,-0.006377128710395419
hvg_pca,baseline,1.0,c55_k50,50,237,malignant cell,0.18,50,0.5072770011753233,0.7903811259039228,0.31837658665865154,0.4826329115506764,0.5412100827727625,0.02464408962464687,1,0.5072770011753233,0.4826329115506764,0.5412100827727625,0.02464408962464687
hvg_pca,baseline,1.0,c55_k100,100,237,malignant cell,0.14,100,0.5205306459276301,0.8335027551246167,0.4814496773726975,0.48061341869013974,0.532622096076421,0.03991722723749036,1,0.5205306459276301,0.48061341869013974,0.532622096076421,0.03991722723749036
hvg_pca,baseline,1.0,c39_k25,25,233,malignant cell,0.36,25,0.43994598514591515,0.717639676743574,0.04610252066503423,0.4894760434119383,0.5512647227987697,-0.049530058266023136,-1,0.5600540148540849,0.5105239565880617,0.5773612743504464,0.04953005826602319
hvg_pca,baseline,1.0,c39_k50,50,233,malignant cell,0.32,50,0.42938057965940635,0.6805075928313724,0.02968409797583007,0.4872624971867263,0.5518867688614368,-0.05788191752731997,-1,0.5706194203405937,0.5127375028132737,0.5684319437845408,0.05788191752731997
hvg_pca,baseline,1.0,c39_k100,100,233,malignant cell,0.31,100,0.4404836329990747,0.6605068882945971,0.036003441210300635,0.4750356347995699,0.522318637625347,-0.03455200180049517,-1,0.5595163670009253,0.5249643652004301,0.5748387056440522,0.034552001800495225
hvg_pca,baseline,1.0,c34_k25,25,211,luminal epithelial cell of mammary gland,0.4,25,0.5058766160694191,0.8502755121101833,0.3859420546134582,0.4842324139138263,0.5428411563179874,0.021644202155592818,1,0.5058766160694191,0.4842324139138263,0.5428411563179874,0.021644202155592818
hvg_pca,baseline,1.0,c34_k50,50,211,luminal epithelial cell of mammary gland,0.32,50,0.5009877716372002,0.8257207751142611,0.34286984134684534,0.4844269674160394,0.5374034109380079,0.016560804221160796,1,0.5009877716372002,0.4844269674160394,0.5374034109380079,0.016560804221160796
hvg_pca,baseline,1.0,c34_k100,100,211,luminal epithelial cell of mammary gland,0.19,100,0.5039135762334642,0.7775912290979689,0.2722026806917024,0.48180280827227484,0.5399403585986146,0.02211076796118938,1,0.5039135762334642,0.48180280827227484,0.5399403585986146,0.02211076796118938
hvg_pca,baseline,1.0,c32_k25,25,209,malignant cell,1.0,25,0.5250568906449273,1.0782726041916346,0.8190460541606386,0.4873091975293205,0.5496136437520318,0.03774769311560683,1,0.5250568906449273,0.4873091975293205,0.5496136437520318,0.03774769311560683
hvg_pca,baseline,1.0,c32_k50,50,209,malignant cell,0.9,50,0.4667783640501138,0.6306376242489539,0.2748451889139762,0.4649711170571907,0.5149441096301483,0.0018072469929231172,-1,0.5332216359498863,0.5350288829428093,0.5771299607392032,-0.0018072469929230062
hvg_pca,baseline,1.0,c32_k100,100,209,malignant cell,0.87,100,0.45541273850308833,0.5948715678264377,0.30298768092053174,0.4616141313861312,0.5042686738853185,-0.006201392883042889,-1,0.5445872614969116,0.5383858686138688,0.5774381704968867,0.006201392883042778
hvg_pca,baseline,1.0,c3_k25,25,208,vein endothelial cell,0.6,25,0.47197979444347193,0.8843708157519,0.3759505614729358,0.4846415264197654,0.5502325639550876,-0.012661731976293444,-1,0.5280202055565281,0.5153584735802346,0.5734470729450599,0.0126617319762935
hvg_pca,baseline,1.0,c3_k50,50,208,vein endothelial cell,0.56,50,0.46787866663332417,0.8951820384952407,0.47683784568638954,0.47688370551901776,0.5351909275050638,-0.009005038885693595,-1,0.5321213333666759,0.5231162944809823,0.5741666458276026,0.009005038885693595
hvg_pca,baseline,1.0,c3_k100,100,208,vein endothelial cell,0.47,100,0.46870389357073194,0.8887583480892294,0.5118902355917987,0.46923510215309205,0.5139607141964039,-0.0005312085823601098,-1,0.5312961064292681,0.5307648978469078,0.5785359723924078,0.0005312085823602208
scgpt,fm,0.3,c7_k25,25,8830,malignant cell,0.24,25,0.42988071719722926,0.6765761199030897,0.002997833354399985,0.49546056415514256,0.5446610317837406,-0.0655798469579133,-1,0.5701192828027708,0.5045394358448574,0.5614706544299682,0.06557984695791341
scgpt,fm,0.3,c7_k50,50,8830,malignant cell,0.18,50,0.4238915701818,0.6612185224827257,0.005031839630970637,0.4920088024206657,0.5428367801145315,-0.06811723223886568,-1,0.5761084298182,0.5079911975793343,0.56335054640026,0.06811723223886568
scgpt,fm,0.3,c7_k100,100,8830,malignant cell,0.11,100,0.46058916201955535,0.6906934595055035,0.0381220107831696,0.4854006726849884,0.531082922803771,-0.024811510665433023,-1,0.5394108379804446,0.5145993273150116,0.5586286228712896,0.02481151066543308
scgpt,fm,0.3,c3_k25,25,6274,malignant cell,0.12,25,0.4835579784440721,0.864579534962552,0.3051494061537071,0.4988563104853835,0.5606029158018454,-0.015298332041311369,-1,0.5164420215559279,0.5011436895146165,0.5601102803270899,0.015298332041311369
scgpt,fm,0.3,c3_k50,50,6274,malignant cell,0.14,50,0.49068493835804844,0.8990205921390687,0.47570841496096117,0.48859580134536995,0.541955912876041,0.002089137012678488,-1,0.5093150616419515,0.51140419865463,0.5587042686738852,-0.0020891370126785436
scgpt,fm,0.3,c3_k100,100,6274,malignant cell,0.15,100,0.48527094951111555,0.8847504904758033,0.4316009648066097,0.489589824701793,0.5326989922228613,-0.004318875190677474,-1,0.5147290504888844,0.5104101752982071,0.5551057790892495,0.004318875190677307
scgpt,fm,0.3,c9_k25,25,5433,"effector memory CD8-positive, alpha-beta T cell",0.0,25,0.46146440271074546,0.7703075604643908,0.07121364491086297,0.48059322563705026,0.5542305383980595,-0.0191288229263048,-1,0.5385355972892545,0.5194067743629498,0.5813373677761384,0.01912882292630469
scgpt,fm,0.3,c9_k50,50,5433,"effector memory CD8-positive, alpha-beta T cell",0.02,50,0.4582510190302333,0.7687959098783461,0.07836873772790943,0.4738565605541524,0.5308040961264348,-0.015605541523919075,-1,0.5417489809697666,0.5261434394458476,0.5801514166395758,0.01560554152391902
scgpt,fm,0.3,c9_k100,100,5433,"effector memory CD8-positive, alpha-beta T cell",0.03,100,0.44989872214859083,0.7424814565388448,0.05408696848174171,0.4652623221385881,0.5068606366750856,-0.015363599989997256,-1,0.5501012778514092,0.5347376778614119,0.581888144239666,0.015363599989997256
scgpt,fm,0.3,c11_k25,25,5106,macrophage,0.52,25,0.5028507839655906,0.8996773622092185,0.33208568214583856,0.48730932256370496,0.5482995323714022,0.015541461401885615,1,0.5028507839655906,0.48730932256370496,0.5482995323714022,0.015541461401885615
scgpt,fm,0.3,c11_k50,50,5106,macrophage,0.6,50,0.49697416789617144,0.8811145260872532,0.2804437769787677,0.4849696166445773,0.5334935857360773,0.012004551251594164,-1,0.5030258321038286,0.5150303833554228,0.5662488434319437,-0.012004551251594275
scgpt,fm,0.3,c11_k100,100,5106,macrophage,0.42,100,0.5011753232138838,0.8919410890470476,0.3914957146117618,0.47695328715396734,0.5275250693940834,0.024222036059916463,1,0.5011753232138838,0.47695328715396734,0.5275250693940834,0.024222036059916463
scgpt,fm,0.3,c8_k25,25,4765,T cell,0.0,25,0.4715046637825402,0.8225701564817627,0.12032152979216934,0.4720111155567781,0.5346882892795518,-0.0005064517742379149,-1,0.5284953362174598,0.5279888844432219,0.5888525594538498,0.0005064517742379149
scgpt,fm,0.3,c8_k50,50,4765,T cell,0.0,50,0.466040661181825,0.793153725866969,0.08833504935732801,0.4714189527119958,0.5306065417989947,-0.005378291530170776,-1,0.5339593388181749,0.5285810472880041,0.5853966090674936,0.005378291530170776
scgpt,fm,0.3,c8_k100,100,4765,T cell,0.01,100,0.46306484283177873,0.7636031192875467,0.06503084439365339,0.4659014353947336,0.5106154192402911,-0.002836592562954876,-1,0.5369351571682213,0.5340985646052664,0.5808178499087249,0.002836592562954876
scgpt,fm,0.3,c6_k25,25,4296,malignant cell,0.36,25,0.5044262172097327,1.230907264075955,0.19175855949073678,0.4904000475130661,0.5483357923428943,0.01402616969666659,1,0.5044262172097327,0.4904000475130661,0.5483357923428943,0.01402616969666659
scgpt,fm,0.3,c6_k50,50,4296,malignant cell,0.34,50,0.5255820350596414,1.2769808439666086,0.16835574802130326,0.4790216059416339,0.5389469604141138,0.04656042911800751,1,0.5255820350596414,0.4790216059416339,0.5389469604141138,0.04656042911800751
scgpt,fm,0.3,c6_k100,100,4296,malignant cell,0.21,100,0.539573382680237,1.3846450013338392,0.09257800342123579,0.4824791192577959,0.5324983120358098,0.057094263422441116,1,0.539573382680237,0.4824791192577959,0.5324983120358098,0.057094263422441116
scgpt,fm,0.3,c2_k25,25,3831,fibroblast,0.92,25,0.516967165970642,1.122342661920107,0.2694437720111789,0.4973687764135137,0.5466453274650528,0.019598389557128282,1,0.516967165970642,0.4973687764135137,0.5466453274650528,0.019598389557128282
scgpt,fm,0.3,c2_k50,50,3831,fibroblast,0.8,50,0.5219560379104253,1.1366404470355813,0.26148968423140717,0.49630917252244366,0.5472179849458602,0.025646865387981665,1,0.5219560379104253,0.49630917252244366,0.5472179849458602,0.025646865387981665
scgpt,fm,0.3,c2_k100,100,3831,fibroblast,0.67,100,0.5210557903423442,1.1311948849076008,0.32218647916085635,0.48442934306934404,0.5290511140563654,0.03662644727300013,1,0.5210557903423442,0.48442934306934404,0.5290511140563654,0.03662644727300013
scgpt,fm,0.3,c5_k25,25,2646,endothelial cell,0.84,25,0.4883217884918353,0.9531204891338901,0.6713377036545141,0.485087524069119,0.5477187476556052,0.003234264422716293,-1,0.5116782115081647,0.5149124759308811,0.5754782565205431,-0.0032342644227163486
scgpt,fm,0.3,c5_k50,50,2646,endothelial cell,0.68,50,0.48372052314386454,0.9454564450334032,0.6665695888580303,0.4810659806446773,0.5346495286203705,0.002654542499187229,-1,0.5162794768561354,0.5189340193553227,0.5788554352446923,-0.0026545424991872846
scgpt,fm,0.3,c5_k100,100,2646,endothelial cell,0.45,100,0.4785190927505064,0.9255939943075937,0.5970146919542643,0.4746916652079322,0.5225174422966316,0.003827427542574202,-1,0.5214809072494936,0.5253083347920677,0.5721798494586011,-0.0038274275425741466
scgpt,fm,0.3,c10_k25,25,1777,"effector memory CD8-positive, alpha-beta T cell",0.0,25,0.48914701542924305,0.8482718274345082,0.4472290974266885,0.48787735377228736,0.5445578784165644,0.0012696616569556896,-1,0.510852984570757,0.5121226462277128,0.5680724699292303,-0.001269661656955745
scgpt,fm,0.3,c10_k50,50,1777,"effector memory CD8-positive, alpha-beta T cell",0.02,50,0.46247718122483683,0.7555014216320433,0.27447020027334457,0.48283190377353774,0.5297588086723849,-0.02035472254870091,-1,0.5375228187751632,0.5171680962264622,0.5688220510640426,0.020354722548700965
scgpt,fm,0.3,c10_k100,100,1777,"effector memory CD8-positive, alpha-beta T cell",0.05,100,0.4518492585461002,0.711968410943619,0.17723880706838827,0.46916589562129585,0.5175266948410813,-0.01731663707519565,-1,0.5481507414538997,0.5308341043787042,0.5748043211883267,0.017316637075195596
scgpt,fm,0.3,c0_k25,25,1479,memory B cell,0.16,25,0.4584760809222536,0.7778670177908059,0.06810499182048946,0.4838373677761385,0.5435375978394058,-0.02536128685388489,-1,0.5415239190777463,0.5161626322238615,0.5817474805571532,0.025361286853884835
scgpt,fm,0.3,c0_k50,50,1479,memory B cell,0.22,50,0.45526269724174145,0.7683623278840094,0.07147608901114554,0.48160381604941355,0.535938633124109,-0.026341118807672093,-1,0.5447373027582585,0.5183961839505864,0.5720616919652904,0.026341118807672093
scgpt,fm,0.3,c0_k100,100,1479,memory B cell,0.13,100,0.45833854309935235,0.7655574244096923,0.0782168731523224,0.47239509615144165,0.5221836004901348,-0.014056553052089305,-1,0.5416614569006477,0.5276049038485584,0.5739172022306134,0.014056553052089305
scgpt,fm,0.3,c4_k25,25,1346,pericyte,0.68,25,0.5143289404586261,1.1395912878889098,0.3021460289798802,0.4908537347770637,0.5439420840731201,0.023475205681562417,1,0.5143289404586261,0.4908537347770637,0.5439420840731201,0.023475205681562417
scgpt,fm,0.3,c4_k50,50,1346,pericyte,0.62,50,0.5075020630673435,1.10971516870094,0.4613929271929389,0.4837862912300882,0.5426329740678686,0.02371577183725526,1,0.5075020630673435,0.4837862912300882,0.5426329740678686,0.02371577183725526
scgpt,fm,0.3,c4_k100,100,1346,pericyte,0.52,100,0.5089149516116932,1.1165299142823246,0.4786078583853288,0.4770271824751806,0.5318800170046762,0.03188776913651259,1,0.5089149516116932,0.4770271824751806,0.5318800170046762,0.03188776913651259
scgpt,fm,0.3,c14_k25,25,1314,malignant cell,0.88,25,0.48988471829753183,1.1107984910458877,0.7524700351414375,0.4693642626722348,0.5239247042936807,0.02052045562529703,-1,0.5101152817024681,0.5306357373277651,0.5830853484708295,-0.02052045562529703
scgpt,fm,0.3,c14_k50,50,1314,malignant cell,0.84,50,0.4713796293980845,0.9065779629515849,0.8148462145727573,0.46915389232038807,0.5229444347195478,0.0022257370776964103,-1,0.5286203706019155,0.5308461076796118,0.5814730300832728,-0.0022257370776963548
scgpt,fm,0.3,c14_k100,100,1314,malignant cell,0.86,100,0.4804821325864613,1.00068587564721,0.9988507979522663,0.46135405986646333,0.5037072694991123,0.019128072719997946,-1,0.5195178674135388,0.5386459401335366,0.5781902523193878,-0.019128072719997835
scgpt,fm,0.3,c1_k25,25,1210,IgG plasma cell,0.08,25,0.46892895546275226,0.7164712767773604,0.07881638581940849,0.4773686513791293,0.538774412963565,-0.008439695916377055,-1,0.5310710445372477,0.5226313486208707,0.5870795718822677,0.008439695916377055
scgpt,fm,0.3,c1_k50,50,1210,IgG plasma cell,0.06,50,0.47575583285403483,0.7102777691957213,0.1040273746512966,0.46498855935382233,0.5128091475155668,0.010767273500212504,-1,0.5242441671459652,0.5350114406461777,0.5842612968566355,-0.010767273500212449
scgpt,fm,0.3,c1_k100,100,1210,IgG plasma cell,0.06,100,0.48450823976593566,0.7110853645805976,0.16324949270421246,0.46152229363074837,0.5030770962014554,0.022985946135187285,-1,0.5154917602340643,0.5384777063692516,0.5854209907724625,-0.02298594613518734
scgpt,fm,0.3,c15_k25,25,672,"CD4-positive, alpha-beta T cell",0.0,25,0.4428967966190702,0.7114596747337337,0.08176265069035203,0.4953073345169922,0.557543324414214,-0.052410537897921994,-1,0.5571032033809298,0.5046926654830078,0.5689627147465552,0.05241053789792194
scgpt,fm,0.3,c15_k50,50,672,"CD4-positive, alpha-beta T cell",0.0,50,0.465953137112706,0.7564990097725613,0.2000218514854128,0.4802280627172473,0.5406486783865563,-0.0142749256045413,-1,0.5340468628872941,0.5197719372827527,0.5772062317137213,0.014274925604541355
scgpt,fm,0.3,c15_k100,100,672,"CD4-positive, alpha-beta T cell",0.0,100,0.46356498036960164,0.708492369523442,0.12288106569290728,0.48143508214759057,0.5338743154367451,-0.017870101777988923,-1,0.5364350196303984,0.5185649178524094,0.5651754232413914,0.017870101777988978
scgpt,fm,0.3,c17_k25,25,359,malignant cell,0.24,25,0.43365675560779215,0.6831458554141819,0.00921895091440073,0.49356297981945035,0.5526319737927929,-0.0599062242116582,-1,0.5663432443922078,0.5064370201805497,0.5607279501863012,0.05990622421165814
scgpt,fm,0.3,c17_k50,50,359,malignant cell,0.22,50,0.44294681037285255,0.6466631546793353,0.012767628922869291,0.4879914476481032,0.5468535097151717,-0.045044637275250654,-1,0.5570531896271474,0.5120085523518968,0.5688551851759234,0.045044637275250654
scgpt,fm,0.3,c17_k100,100,359,malignant cell,0.12,100,0.45467503563479955,0.6467877498268927,0.04505266563615964,0.48256945660056516,0.5289510865488009,-0.02789442096576561,-1,0.5453249643652005,0.5174305433994348,0.5647121708469829,0.027894420965765665
scgpt,fm,0.3,c13_k25,25,285,mast cell,0.44,25,0.4397334266923404,0.7563278303196002,0.06658076879271145,0.4654693790792468,0.5205512766010653,-0.025735952386906402,-1,0.5602665733076596,0.5345306209207532,0.5815655555277701,0.025735952386906402
scgpt,fm,0.3,c13_k50,50,285,mast cell,0.32,50,0.45146165195428745,0.7469595193111024,0.11729688299293989,0.4690872489934732,0.5235827352521941,-0.01762559703918576,-1,0.5485383480457126,0.5309127510065267,0.5936407512065819,0.01762559703918587
scgpt,fm,0.3,c13_k100,100,285,mast cell,0.2,100,0.4552126834879592,0.7234991895319334,0.15647347173834789,0.46878078971717213,0.516653329665658,-0.01356810622921295,-1,0.5447873165120408,0.5312192102828278,0.5858048463327415,0.013568106229213006
scgpt,fm,0.3,c16_k25,25,201,"CD4-positive, alpha-beta T cell",0.0,25,0.4588011703218385,0.7455428763170261,0.07525557135405089,0.48198166995923875,0.5429305559028732,-0.023180499637400265,-1,0.5411988296781616,0.5180183300407611,0.5791155067643602,0.02318049963740043
scgpt,fm,0.3,c16_k50,50,201,"CD4-positive, alpha-beta T cell",0.02,50,0.4674910600415114,0.780736536099107,0.14126891821444099,0.4835237190227312,0.5430193303158368,-0.016032658981219805,-1,0.5325089399584886,0.5164762809772688,0.5758914951611693,0.01603265898121975
scgpt,fm,0.3,c16_k100,100,201,"CD4-positive, alpha-beta T cell",0.01,100,0.4646402760759209,0.7815018343330903,0.16242726667768678,0.47606773112605966,0.5373802795768836,-0.011427455050138757,-1,0.535359723924079,0.5239322688739404,0.5772137337767885,0.011427455050138646
scgpt,fm,0.5,c8_k25,25,8604,malignant cell,0.24,25,0.42988071719722926,0.6765761199030897,0.0029978333543999934,0.49397396784115627,0.5549707419540374,-0.06409325064392701,-1,0.5701192828027708,0.5060260321588437,0.5660556653079596,0.06409325064392712
scgpt,fm,0.5,c8_k50,50,8604,malignant cell,0.18,50,0.42621720973267646,0.6606359849936682,0.005240268121854643,0.4922589962239616,0.5465815599289805,-0.06604178649128511,-1,0.5737827902673236,0.5077410037760385,0.5586892645477507,0.06604178649128511
scgpt,fm,0.5,c8_k100,100,8604,malignant cell,0.11,100,0.4650403861061792,0.7003216148243153,0.04560152647616968,0.48551820500637677,0.529464977868914,-0.020477818900197564,-1,0.5349596138938209,0.5144817949936232,0.5559960239065743,0.02047781890019762
scgpt,fm,0.5,c13_k25,25,5106,macrophage,0.52,25,0.5028507839655906,0.8996773622092186,0.3320856821458388,0.4826404761309361,0.5432243867063443,0.020210307834654495,1,0.5028507839655906,0.4826404761309361,0.5432243867063443,0.020210307834654495
scgpt,fm,0.5,c13_k50,50,5106,macrophage,0.6,50,0.49697416789617144,0.8811145260872532,0.28044377697876743,0.4827960189051989,0.5404880092025306,0.014178148990972528,-1,0.5030258321038286,0.5172039810948011,0.5751144064617769,-0.014178148990972583
scgpt,fm,0.5,c13_k100,100,5106,macrophage,0.42,100,0.5011753232138838,0.8919410890470477,0.3914957146117628,0.4717791142564205,0.5199417339768435,0.02939620895746331,1,0.5011753232138838,0.4717791142564205,0.5199417339768435,0.02939620895746331
scgpt,fm,0.5,c11_k25,25,5030,"effector memory CD8-positive, alpha-beta T cell",0.0,25,0.46564055115156666,0.7794872945327311,0.08841294296133877,0.4794512866038161,0.5480869739178273,-0.013810735452249423,-1,0.5343594488484333,0.5205487133961839,0.5818149991247592,0.013810735452249423
scgpt,fm,0.5,c11_k50,50,5030,"effector memory CD8-positive, alpha-beta T cell",0.02,50,0.46078921703468456,0.7727873161145585,0.08622859725345093,0.4718966465778089,0.5284390707444547,-0.011107429543124325,-1,0.5392107829653154,0.5281033534221912,0.5837180224561754,0.01110742954312427
scgpt,fm,0.5,c11_k100,100,5030,"effector memory CD8-positive, alpha-beta T cell",0.03,100,0.453024581759984,0.7401319352439193,0.056177247910589194,0.4648896571557178,0.5176085923628998,-0.011865075395733782,-1,0.5469754182400159,0.5351103428442822,0.5816837130210808,0.011865075395733782
scgpt,fm,0.5,c10_k25,25,4739,T cell,0.0,25,0.4715046637825402,0.8225701564817627,0.12032152979217008,0.4786749481107304,0.5481026032158844,-0.007170284328190224,-1,0.5284953362174598,0.5213250518892696,0.5826277226237214,0.007170284328190224
scgpt,fm,0.5,c10_k50,50,4739,T cell,0.0,50,0.4666408262272125,0.8012745838407432,0.09794305653971642,0.47069412838530594,0.519018355047638,-0.004053302158093464,-1,0.5333591737727875,0.529305871614694,0.577815774337943,0.004053302158093519
scgpt,fm,0.5,c10_k100,100,4739,T cell,0.01,100,0.46306484283177873,0.761641111502152,0.06339980812315182,0.466183888069219,0.5133811798244516,-0.0031190452374402766,-1,0.5369351571682213,0.5338161119307808,0.5770630673435194,0.003119045237440443
scgpt,fm,0.5,c9_k25,25,4313,malignant cell,0.36,25,0.5044262172097327,1.230907264075955,0.19175855949073678,0.4853749781189828,0.5446629072995074,0.019051239090749905,1,0.5044262172097327,0.4853749781189828,0.5446629072995074,0.019051239090749905
scgpt,fm,0.5,c9_k50,50,4313,malignant cell,0.34,50,0.5255820350596414,1.2769808439666086,0.16835574802130326,0.4799722423666508,0.5335248443321914,0.04560979269299059,1,0.5255820350596414,0.4799722423666508,0.5335248443321914,0.04560979269299059
scgpt,fm,0.5,c9_k100,100,4313,malignant cell,0.21,100,0.539573382680237,1.384645001333839,0.09257800342123551,0.4761533171622196,0.5283659256295482,0.06342006551801743,1,0.539573382680237,0.4761533171622196,0.5283659256295482,0.06342006551801743
scgpt,fm,0.5,c5_k25,25,3643,fibroblast,0.88,25,0.5140038510590412,1.1101231089170287,0.3203821021947839,0.4971648453324664,0.5580409612643477,0.01683900572657482,1,0.5140038510590412,0.4971648453324664,0.5580409612643477,0.01683900572657482
scgpt,fm,0.5,c5_k50,50,3643,fibroblast,0.84,50,0.5192677986446272,1.126714010499554,0.28661287900403903,0.48790779964490233,0.5391101302858285,0.031359998999724914,1,0.5192677986446272,0.48790779964490233,0.5391101302858285,0.031359998999724914
scgpt,fm,0.5,c5_k100,100,3643,fibroblast,0.66,100,0.5209557628347795,1.1268523043668073,0.3384969458633492,0.4839640901247843,0.5355760334091875,0.036991672709995205,1,0.5209557628347795,0.4839640901247843,0.5355760334091875,0.036991672709995205
scgpt,fm,0.5,c2_k25,25,3387,malignant cell,0.12,25,0.5291205081397384,1.042997965631952,0.7540402880111309,0.500906249218535,0.5616569556628073,0.02821425892120344,1,0.5291205081397384,0.500906249218535,0.5616569556628073,0.02821425892120344
scgpt,fm,0.5,c2_k50,50,3387,malignant cell,0.12,50,0.5101903023331417,0.9941076581669361,0.9643969265868797,0.49331503663507464,0.545054890094776,0.01687526569806702,1,0.5101903023331417,0.49331503663507464,0.545054890094776,0.01687526569806702
scgpt,fm,0.5,c2_k100,100,3387,malignant cell,0.13,100,0.5149791192577959,1.0134282805657828,0.9287469510334904,0.4901919277801396,0.5407280752206857,0.024787191477656345,1,0.5149791192577959,0.4901919277801396,0.5407280752206857,0.024787191477656345
scgpt,fm,0.5,c4_k25,25,2985,malignant cell,0.12,25,0.47120458125984643,0.8200182899840477,0.19016363679576628,0.4968258145990147,0.5572151091550175,-0.02562123333916827,-1,0.5287954187401536,0.5031741854009852,0.567555452749506,0.025621233339168326
scgpt,fm,0.5,c4_k50,50,2985,malignant cell,0.14,50,0.466040661181825,0.7975242590181572,0.15772159876152825,0.4909735802345645,0.5428936707594588,-0.024932919052739477,-1,0.5339593388181749,0.5090264197654355,0.5668615119157767,0.024932919052739422
scgpt,fm,0.5,c4_k100,100,2985,malignant cell,0.15,100,0.4699917477306259,0.8035061405359923,0.19546488227818654,0.4891462652229363,0.5359886468778914,-0.019154517492310397,-1,0.5300082522693741,0.5108537347770636,0.5578277776388507,0.019154517492310452
scgpt,fm,0.5,c6_k25,25,2479,endothelial cell,0.8,25,0.4918227512565956,0.9660829293747505,0.7682635823800178,0.48660556653079595,0.5469285303458451,0.0052171847257996284,-1,0.5081772487434044,0.513394433469204,0.5730357098202006,-0.005217184725799573
scgpt,fm,0.5,c6_k50,50,2479,endothelial cell,0.66,50,0.4843331916276976,0.9488891407308603,0.6888233383857642,0.48500212558453576,0.539862837280252,-0.0006689339568381469,-1,0.5156668083723024,0.5149978744154642,0.5767179724424216,0.0006689339568382024
scgpt,fm,0.5,c6_k100,100,2479,endothelial cell,0.45,100,0.4812073320163045,0.9296113670314571,0.6180544415113944,0.4727169346570307,0.5214577758883693,0.008490397359273816,-1,0.5187926679836955,0.5272830653429693,0.5752925804596265,-0.008490397359273816
scgpt,fm,0.5,c12_k25,25,2196,"effector memory CD8-positive, alpha-beta T cell",0.0,25,0.4791942784265673,0.8233813010014246,0.37688683256655187,0.49067005926629825,0.5521105804096126,-0.011475780839730942,-1,0.5208057215734327,0.5093299407337019,0.5711739478356548,0.011475780839730887
scgpt,fm,0.5,c12_k50,50,2196,"effector memory CD8-positive, alpha-beta T cell",0.02,50,0.4457350771462152,0.7025626104367133,0.1547458455822256,0.4818653254645028,0.5394996123934082,-0.036130248318287594,-1,0.5542649228537848,0.5181346745354972,0.5715202930805972,0.036130248318287594
scgpt,fm,0.5,c12_k100,100,2196,"effector memory CD8-positive, alpha-beta T cell",0.03,100,0.4420590662432169,0.6910757808766576,0.14853421381573825,0.4728140863737528,0.5198604616269473,-0.03075502013053588,-1,0.5579409337567831,0.5271859136262472,0.5736189952236864,0.03075502013053588
scgpt,fm,0.5,c0_k25,25,1478,memory B cell,0.16,25,0.4584760809222536,0.7778670177908058,0.06810499182048926,0.4886467528570357,0.548723398934707,-0.030170671934782067,-1,0.5415239190777463,0.5113532471429643,0.579696291480157,0.030170671934782067
scgpt,fm,0.5,c0_k50,50,1478,memory B cell,0.22,50,0.45526269724174145,0.7683623278840095,0.07147608901114554,0.47904029858211006,0.53126922403661,-0.023777601340368604,-1,0.5447373027582585,0.5209597014178899,0.5717247242991822,0.023777601340368548
scgpt,fm,0.5,c0_k100,100,1478,memory B cell,0.13,100,0.45833854309935235,0.7655574244096923,0.0782168731523224,0.4756134186901398,0.5252994573507714,-0.017274875590787442,-1,0.5416614569006477,0.5243865813098602,0.5717541073795293,0.017274875590787553
scgpt,fm,0.5,c3_k25,25,1359,pericyte,0.68,25,0.5143289404586261,1.1395912878889098,0.30214602897988047,0.4876477906424267,0.5464440221060791,0.0266811498161994,1,0.5143289404586261,0.4876477906424267,0.5464440221060791,0.0266811498161994
scgpt,fm,0.5,c3_k50,50,1359,pericyte,0.62,50,0.5075020630673435,1.10971516870094,0.4613929271929389,0.4824317312260872,0.5412876040911251,0.025070331841256288,1,0.5075020630673435,0.4824317312260872,0.5412876040911251,0.025070331841256288
scgpt,fm,0.5,c3_k100,100,1359,pericyte,0.53,100,0.5109029983245392,1.1249291404264399,0.45157209218625993,0.47492341643952085,0.5245236189952237,0.035979581885018375,1,0.5109029983245392,0.47492341643952085,0.5245236189952237,0.035979581885018375
scgpt,fm,0.5,c17_k25,25,1314,malignant cell,0.88,25,0.48988471829753183,1.1107984910458877,0.7524700351414375,0.4806528045212433,0.5407487058941209,0.009231913776288514,-1,0.5101152817024681,0.5193471954787566,0.5741478906699342,-0.009231913776288514
scgpt,fm,0.5,c17_k50,50,1314,malignant cell,0.84,50,0.4713796293980845,0.9065779629515849,0.8148462145727573,0.4669930480882243,0.5151054039860962,0.004386581309860194,-1,0.5286203706019155,0.5330069519117757,0.5804202405661557,-0.004386581309860249
scgpt,fm,0.5,c17_k100,100,1314,malignant cell,0.86,100,0.4804821325864613,1.00068587564721,0.9988507979522663,0.4628418440071019,0.506753732276376,0.017640288579359398,-1,0.5195178674135388,0.5371581559928981,0.5829603140863737,-0.017640288579359287
scgpt,fm,0.5,c1_k25,25,1207,IgG plasma cell,0.08,25,0.46892895546275226,0.7164712767773604,0.0788163858194084,0.47220123033834305,0.534486983920578,-0.003272274875590786,-1,0.5310710445372477,0.5277987696616571,0.5838661882017555,0.003272274875590675
scgpt,fm,0.5,c1_k50,50,1207,IgG plasma cell,0.06,50,0.47575583285403483,0.7102777691957213,0.1040273746512966,0.4683899322313636,0.5248262022056065,0.007365900622671229,-1,0.5242441671459652,0.5316100677686364,0.5839699667408538,-0.007365900622671173
scgpt,fm,0.5,c1_k100,100,1207,IgG plasma cell,0.06,100,0.48450823976593566,0.7110853645805976,0.16324949270421235,0.4621058916201955,0.5101346620320588,0.02240234814574016,-1,0.5154917602340643,0.5378941083798044,0.5757333266648327,-0.02240234814574016
scgpt,fm,0.5,c7_k25,25,765,malignant cell,0.16,25,0.42162844782315134,0.6787650014577998,0.01526757098016455,0.4930093900822726,0.5560779214283927,-0.07138094225912128,-1,0.5783715521768487,0.5069906099177274,0.5719535372227362,0.07138094225912128
scgpt,fm,0.5,c7_k50,50,765,malignant cell,0.2,50,0.4182775263197379,0.6276982684836332,0.012749043471678033,0.4912649103503463,0.5469104003600991,-0.0729873840306084,-1,0.5817224736802621,0.5087350896496536,0.5576933656755608,0.07298738403060845
scgpt,fm,0.5,c7_k100,100,765,malignant cell,0.15,100,0.4012103328415314,0.5786873241026369,0.008363618237813139,0.4842141588936958,0.5315936882642726,-0.08300382605216439,-1,0.5987896671584686,0.5157858411063042,0.5668390057265748,0.08300382605216439
scgpt,fm,0.5,c18_k25,25,674,"CD4-positive, alpha-beta T cell",0.0,25,0.4428967966190702,0.7114596747337337,0.0817626506903519,0.48945472504938864,0.5502350646427767,-0.04655792843031842,-1,0.5571032033809298,0.5105452749506114,0.5712183350421366,0.04655792843031836
scgpt,fm,0.5,c18_k50,50,674,"CD4-positive, alpha-beta T cell",0.0,50,0.465953137112706,0.7564990097725613,0.2000218514854128,0.487934306934407,0.544671034534497,-0.021981169821701008,-1,0.5340468628872941,0.512065693065593,0.571217084698292,0.021981169821701063
scgpt,fm,0.5,c18_k100,100,674,"CD4-positive, alpha-beta T cell",0.0,100,0.46356498036960164,0.708492369523442,0.12288106569290733,0.4754813198629623,0.5292617969941733,-0.011916339493360684,-1,0.5364350196303984,0.5245186801370376,0.5681918777663858,0.011916339493360795
scgpt,fm,0.5,c16_k25,25,285,mast cell,0.44,25,0.4397334266923404,0.7563278303196002,0.06658076879271145,0.4666799619895471,0.5188639375828352,-0.026946535297206697,-1,0.5602665733076596,0.5333200380104529,0.5922278626622322,0.026946535297206697
scgpt,fm,0.5,c16_k50,50,285,mast cell,0.32,50,0.45146165195428745,0.7469595193111023,0.11729688299293982,0.4729225537022681,0.5268186251219085,-0.021460901747980654,-1,0.5485383480457126,0.5270774462977319,0.5775844607266998,0.021460901747980654
scgpt,fm,0.5,c16_k100,100,285,mast cell,0.2,100,0.4552126834879592,0.7234991895319334,0.1564734717383479,0.4685552276876141,0.5177292505438995,-0.013342544199654915,-1,0.5447873165120408,0.531444772312386,0.5798657130710945,0.01334254419965486
scgpt,fm,0.5,c19_k25,25,202,"CD4-positive, alpha-beta T cell",0.0,25,0.4588011703218385,0.7455428763170261,0.07525557135405131,0.4897488684388206,0.5505995398734652,-0.030947698116982114,-1,0.5411988296781616,0.5102511315611794,0.570718822676236,0.03094769811698217
scgpt,fm,0.5,c19_k50,50,202,"CD4-positive, alpha-beta T cell",0.02,50,0.4674910600415114,0.780736536099107,0.14126891821444088,0.4810454124884343,0.5382148840931256,-0.01355435244692288,-1,0.5325089399584886,0.5189545875115656,0.5736827627597588,0.013554352446922935
scgpt,fm,0.5,c19_k100,100,202,"CD4-positive, alpha-beta T cell",0.01,100,0.464315186676336,0.7828796249277689,0.16534576285705838,0.4807543324414214,0.5236815124159143,-0.016439145765085428,-1,0.535684813323664,0.5192456675585785,0.5627116206956913,0.01643914576508554
scgpt,fm,1.0,c15_k25,25,4703,"effector memory CD8-positive, alpha-beta T cell",0.0,25,0.46811623196379004,0.7948266636912624,0.11349671411867311,0.4827720748205756,0.5469910475380729,-0.014655842856785561,-1,0.53188376803621,0.5172279251794244,0.5770805721573432,0.014655842856785561
scgpt,fm,1.0,c15_k50,50,4703,"effector memory CD8-positive, alpha-beta T cell",0.02,50,0.46106429268048715,0.7717456946384099,0.08382140401393041,0.4789397084198154,0.53511028032709,-0.01787541573932827,-1,0.5389357073195129,0.5210602915801846,0.568329415589287,0.01787541573932827
scgpt,fm,1.0,c15_k100,100,4703,"effector memory CD8-positive, alpha-beta T cell",0.03,100,0.45586286228712897,0.7495510333953825,0.06835425311327267,0.46492060316587064,0.5179999499862462,-0.009057740878741671,-1,0.544137137712871,0.5350793968341293,0.587026432268874,0.009057740878741671
scgpt,fm,1.0,c7_k25,25,4311,T cell,0.0,25,0.4739178274025357,0.8226695568493987,0.12456141681928411,0.4804933856810623,0.5441496411513166,-0.0065755582785266276,-1,0.5260821725974643,0.5195066143189377,0.5792217859911475,0.0065755582785265165
scgpt,fm,1.0,c7_k50,50,4311,T cell,0.0,50,0.4677286253719773,0.7970779549500293,0.0932175734987838,0.4701268473830303,0.516897771887269,-0.0023982220110529973,-1,0.5322713746280228,0.5298731526169697,0.5826327239990997,0.0023982220110531083
scgpt,fm,1.0,c7_k100,100,4311,T cell,0.01,100,0.46186451274100376,0.7584283832357472,0.06626893736729285,0.4637618470079272,0.5121489659656404,-0.001897334266923456,-1,0.5381354872589963,0.5362381529920728,0.5850521393383179,0.0018973342669235116
scgpt,fm,1.0,c9_k25,25,4043,malignant cell,0.12,25,0.4481607442046563,0.6988957758477586,0.027115418746066114,0.49258914951611693,0.5555440246067668,-0.04442840531146064,-1,0.5518392557953438,0.507410850483883,0.5718460076521044,0.04442840531146075
scgpt,fm,1.0,c9_k50,50,4043,malignant cell,0.18,50,0.42482932806521795,0.6288930281910873,0.007818903732978536,0.49677636349996246,0.5511140563655005,-0.07194703543474451,-1,0.575170671934782,0.5032236365000375,0.5487046437770386,0.07194703543474446
scgpt,fm,1.0,c9_k100,100,4043,malignant cell,0.15,100,0.44748555852859534,0.6192197856360999,0.01992797563507531,0.4864479606891895,0.5355335217184726,-0.038962402160594156,-1,0.5525144414714047,0.5135520393108105,0.5591844007101954,0.03896240216059421
scgpt,fm,1.0,c17_k25,25,3692,macrophage,0.48,25,0.49803696016404514,0.8929729193193467,0.3117053781988953,0.487533196629073,0.5496155192677986,0.010503763534972121,-1,0.5019630398359549,0.512466803370927,0.5738253019580383,-0.010503763534972066
scgpt,fm,1.0,c17_k50,50,3692,macrophage,0.6,50,0.48750906499287305,0.8643625912025835,0.20858228716786026,0.4785569156518042,0.5344744804821326,0.00895214934106886,-1,0.512490935007127,0.5214430843481958,0.5789360824226663,-0.008952149341068805
scgpt,fm,1.0,c17_k100,100,3692,macrophage,0.39,100,0.4928730400860237,0.8606778590265168,0.2694514015775962,0.47257058191002527,0.520932006301733,0.020302458175998406,-1,0.5071269599139763,0.5274294180899747,0.5764760309084997,-0.020302458175998406
scgpt,fm,1.0,c3_k25,25,2948,malignant cell,0.12,25,0.5181424891845258,0.998897735613791,0.9937554558006001,0.5004106754357448,0.5611905774087874,0.017731813748780967,1,0.5181424891845258,0.5004106754357448,0.5611905774087874,0.017731813748780967
scgpt,fm,1.0,c3_k50,50,2948,malignant cell,0.12,50,0.5151416639575883,1.0199800335879392,0.8850484460329008,0.4864640276075921,0.5441071294606017,0.028677636349996205,1,0.5151416639575883,0.4864640276075921,0.5441071294606017,0.028677636349996205
scgpt,fm,1.0,c3_k100,100,2948,malignant cell,0.13,100,0.5167546075170671,1.0139879438953676,0.9276294187461361,0.4892694866088174,0.5337836655080146,0.027485120908249727,1,0.5167546075170671,0.4892694866088174,0.5337836655080146,0.027485120908249727
scgpt,fm,1.0,c23_k25,25,2470,endothelial cell,0.76,25,0.4899347320513141,0.9515787666387935,0.674524992397001,0.4862155217684863,0.5405867863662508,0.0037192102828277895,-1,0.5100652679486859,0.5137844782315137,0.5709938983220386,-0.003719210282827845
scgpt,fm,1.0,c23_k50,50,2470,endothelial cell,0.66,50,0.4843331916276976,0.9488891407308603,0.688823338385764,0.4845812598464578,0.5353040836229963,-0.0002480682187601668,-1,0.5156668083723024,0.5154187401535423,0.578816674585511,0.0002480682187601113
scgpt,fm,1.0,c23_k100,100,2470,endothelial cell,0.45,100,0.4812073320163045,0.9296113670314572,0.6180544415113949,0.47116669584135634,0.5236064917852409,0.010040636174948159,-1,0.5187926679836955,0.5288333041586436,0.5815174172897546,-0.010040636174948103
scgpt,fm,1.0,c21_k25,25,2214,malignant cell,0.12,25,0.46502788266773365,0.8086178706816826,0.15378264658962784,0.4968358173497712,0.5513872564955362,-0.031807934682037575,-1,0.5349721173322664,0.5031641826502288,0.5653342169096501,0.031807934682037575
scgpt,fm,1.0,c21_k50,50,2214,malignant cell,0.14,50,0.4650778964215159,0.7952516963400685,0.15403784419859767,0.4930165170421866,0.5547137962939809,-0.02793862062067065,-1,0.5349221035784841,0.5069834829578135,0.5600565155417739,0.02793862062067065
scgpt,fm,1.0,c21_k100,100,2214,malignant cell,0.15,100,0.4646902898297032,0.7707405898269144,0.13678026682547428,0.48354353697266744,0.5339074495486259,-0.01885324714296427,-1,0.5353097101702968,0.5164564630273325,0.560570406861887,0.018853247142964324
scgpt,fm,1.0,c14_k25,25,2119,fibroblast,0.92,25,0.5264947860661682,1.1512912032962659,0.1827211696448632,0.4996376503538473,0.5578834179399335,0.0268571357123209,1,0.5264947860661682,0.4996376503538473,0.5578834179399335,0.0268571357123209
scgpt,fm,1.0,c14_k50,50,2119,fibroblast,0.86,50,0.5244442221610943,1.1417136242339023,0.24926342177023258,0.493231451149066,0.5408212258371051,0.031212771012028295,1,0.5244442221610943,0.493231451149066,0.5408212258371051,0.031212771012028295
scgpt,fm,1.0,c14_k100,100,2119,fibroblast,0.71,100,0.522581209832704,1.1362653761740718,0.30615975799977013,0.4875563279901974,0.5310372852534447,0.03502488184250657,1,0.522581209832704,0.4875563279901974,0.5310372852534447,0.03502488184250657
scgpt,fm,1.0,c6_k25,25,1943,fibroblast,0.8,25,0.5113031083547975,1.085106595083012,0.4321929507768896,0.4940167296006402,0.5505482757758383,0.01728637875415734,1,0.5113031083547975,0.4940167296006402,0.5505482757758383,0.01728637875415734
scgpt,fm,1.0,c6_k50,50,1943,fibroblast,0.74,50,0.5171297106704343,1.1112671470042064,0.35046852117262994,0.49422041061291855,0.544278426567306,0.02290930005751579,1,0.5171297106704343,0.49422041061291855,0.544278426567306,0.02290930005751579
scgpt,fm,1.0,c6_k100,100,1943,fibroblast,0.58,100,0.5205681562429668,1.1277496017651203,0.3410734130029578,0.48417102203105855,0.5360005251444147,0.036397134211908266,1,0.5205681562429668,0.48417102203105855,0.5360005251444147,0.036397134211908266
scgpt,fm,1.0,c26_k25,25,1779,"effector memory CD8-positive, alpha-beta T cell",0.0,25,0.48914701542924305,0.8482718274345082,0.4472290974266885,0.4890536147440546,0.545584410712946,9.340068518842726e-05,-1,0.510852984570757,0.5109463852559454,0.569206531796244,-9.340068518837175e-05
scgpt,fm,1.0,c26_k50,50,1779,"effector memory CD8-positive, alpha-beta T cell",0.02,50,0.46247718122483683,0.7555014216320433,0.2744702002733444,0.48530921003275895,0.5421634699542374,-0.022832028807922122,-1,0.5375228187751632,0.514690789967241,0.5732188851934282,0.022832028807922122
scgpt,fm,1.0,c26_k100,100,1779,"effector memory CD8-positive, alpha-beta T cell",0.05,100,0.4518492585461002,0.7119684109436191,0.1772388070683884,0.47078884193153114,0.5202243116857135,-0.018939583385430947,-1,0.5481507414538997,0.5292111580684689,0.5773412688489334,0.01893958338543089
scgpt,fm,1.0,c18_k25,25,1613,malignant cell,0.4,25,0.5422616219460351,1.2784210205611872,0.1293397539896436,0.47944947360524137,0.5453130860986771,0.06281214834079374,1,0.5422616219460351,0.47944947360524137,0.5453130860986771,0.06281214834079374
scgpt,fm,1.0,c18_k50,50,1613,malignant cell,0.28,50,0.5463877566330742,1.2984047557319824,0.14710728425682268,0.47701242841781494,0.5306365500512641,0.06937532821525921,1,0.5463877566330742,0.47701242841781494,0.5306365500512641,0.06937532821525921
scgpt,fm,1.0,c18_k100,100,1613,malignant cell,0.21,100,0.563617494811073,1.392320265744967,0.07977242375048199,0.47636518792667987,0.5351996799119758,0.08725230688439317,1,0.563617494811073,0.47636518792667987,0.5351996799119758,0.08725230688439317
scgpt,fm,1.0,c12_k25,25,1531,malignant cell,0.12,25,0.45576283477956436,0.7432547775371687,0.02384181435343281,0.4907941558928705,0.5433481707469554,-0.035031321113306146,-1,0.5442371652204356,0.5092058441071294,0.5682175098151991,0.0350313211133062
scgpt,fm,1.0,c12_k50,50,1531,malignant cell,0.08,50,0.4630773462702243,0.7062854283602683,0.0234744375622244,0.49248287028932963,0.5442084073120108,-0.029405524019105345,-1,0.5369226537297758,0.5075171297106705,0.5555246442771762,0.029405524019105234
scgpt,fm,1.0,c12_k100,100,1531,malignant cell,0.08,100,0.48537097701868015,0.7275455396727503,0.07872576362835447,0.48688895696316487,0.5346220210557904,-0.0015179799444847153,-1,0.5146290229813199,0.5131110430368352,0.5570144289679662,0.0015179799444846598
scgpt,fm,1.0,c16_k25,25,1383,macrophage,0.56,25,0.5306584310685438,0.9673933223745375,0.7878497744385335,0.4896842881792493,0.5507377028682887,0.04097414288929452,1,0.5306584310685438,0.4896842881792493,0.5507377028682887,0.04097414288929452
scgpt,fm,1.0,c16_k50,50,1383,macrophage,0.5,50,0.5230438370551902,0.9402385532057709,0.6322360621312253,0.48514472730000746,0.5411894520993272,0.037899109755182736,1,0.5230438370551902,0.48514472730000746,0.5411894520993272,0.037899109755182736
scgpt,fm,1.0,c16_k100,100,1383,macrophage,0.48,100,0.5175173172622471,0.9520096011926715,0.7145137525604226,0.4752326264722798,0.5253313411188076,0.04228469078996733,1,0.5175173172622471,0.4752326264722798,0.5253313411188076,0.04228469078996733
scgpt,fm,1.0,c13_k25,25,1338,pericyte,0.68,25,0.5143289404586261,1.1395912878889098,0.3021460289798804,0.4851348495836355,0.547002300632674,0.029194090874990586,1,0.5143289404586261,0.4851348495836355,0.547002300632674,0.029194090874990586
scgpt,fm,1.0,c13_k50,50,1338,pericyte,0.62,50,0.5075020630673435,1.10971516870094,0.4613929271929389,0.47883586736352496,0.5398365800595163,0.02866619570381851,1,0.5075020630673435,0.47883586736352496,0.5398365800595163,0.02866619570381851
scgpt,fm,1.0,c13_k100,100,1338,pericyte,0.52,100,0.5097276751106554,1.1214741356669762,0.46383461016080896,0.47273425191927776,0.5199867463552477,0.03699342319137766,1,0.5097276751106554,0.47273425191927776,0.5199867463552477,0.03699342319137766
scgpt,fm,1.0,c27_k25,25,1312,malignant cell,0.88,25,0.48988471829753183,1.1107984910458877,0.7524700351414375,0.48242816774613023,0.539371452149341,0.007456550551401597,-1,0.5101152817024681,0.5175718322538698,0.5778007702118082,-0.007456550551401708
scgpt,fm,1.0,c27_k50,50,1312,malignant cell,0.84,50,0.4713796293980845,0.906577962951585,0.8148462145727575,0.46519399084748303,0.5128085223436445,0.006185638550601447,-1,0.5286203706019155,0.534806009152517,0.5777876416014404,-0.006185638550601502
scgpt,fm,1.0,c27_k100,100,1312,malignant cell,0.86,100,0.4804821325864613,1.00068587564721,0.9988507979522663,0.46096263972592466,0.5034597014178899,0.019519492860536614,-1,0.5195178674135388,0.5390373602740754,0.58001262847283,-0.01951949286053667
scgpt,fm,1.0,c0_k25,25,1237,memory B cell,0.12,25,0.4629898222011053,0.8020644058492556,0.10435926738962605,0.4805297706869389,0.5390194803570982,-0.017539948485833623,-1,0.5370101777988947,0.5194702293130611,0.5813761284353197,0.017539948485833623
scgpt,fm,1.0,c0_k50,50,1237,memory B cell,0.1,50,0.46210207807146964,0.799141541683247,0.11000591080157233,0.48317249743679513,0.5397621846007652,-0.0210704193653255,-1,0.5378979219285304,0.5168275025632049,0.572630598414564,0.0210704193653255
scgpt,fm,1.0,c0_k100,100,1237,memory B cell,0.13,100,0.45981394883592985,0.7727025267166205,0.08060643398492855,0.47287504063617497,0.5281696216459526,-0.013061091800245117,-1,0.5401860511640701,0.527124959363825,0.5866006901898022,0.013061091800245173
scgpt,fm,1.0,c19_k25,25,1214,malignant cell,0.36,25,0.5570031758733652,1.5281370973628021,0.007151404154792701,0.4889334567005927,0.5424322938808172,0.06806971917277255,1,0.5570031758733652,0.4889334567005927,0.5424322938808172,0.06806971917277255
scgpt,fm,1.0,c19_k50,50,1214,malignant cell,0.24,50,0.5522143589487108,1.4707355726639648,0.027503077553635548,0.4839850959013729,0.54460601665458,0.06822926304733795,1,0.5522143589487108,0.4839850959013729,0.54460601665458,0.06822926304733795
scgpt,fm,1.0,c19_k100,100,1214,malignant cell,0.15,100,0.5572782515191678,1.462521351659128,0.03904101064655418,0.4736591312610968,0.5232939058241015,0.08361912025807094,1,0.5572782515191678,0.4736591312610968,0.5232939058241015,0.08361912025807094
scgpt,fm,1.0,c2_k25,25,1211,IgG plasma cell,0.08,25,0.46892895546275226,0.7164712767773606,0.07881638581940904,0.4745220560654181,0.5322501187826653,-0.005593100602665824,-1,0.5310710445372477,0.525477943934582,0.5817562329640651,0.005593100602665713
scgpt,fm,1.0,c2_k50,50,1211,IgG plasma cell,0.06,50,0.47575583285403483,0.7102777691957212,0.10402737465129663,0.4682590837480307,0.5234076871139562,0.007496749106004119,-1,0.5242441671459652,0.5317409162519693,0.5866769611643201,-0.007496749106004064
scgpt,fm,1.0,c2_k100,100,1211,IgG plasma cell,0.06,100,0.48450823976593566,0.7110853645805976,0.16324949270421246,0.45851940533646757,0.5071294606016654,0.02598883442946809,-1,0.5154917602340643,0.5414805946635325,0.583297281752482,-0.0259888344294682
scgpt,fm,1.0,c10_k25,25,1194,malignant cell,0.16,25,0.4565255445247443,0.7102638558716319,0.020696462756919783,0.4948747780639675,0.5601590437370277,-0.038349233539223204,-1,0.5434744554752557,0.5051252219360325,0.5599533621745979,0.03834923353922326
scgpt,fm,1.0,c10_k50,50,1194,malignant cell,0.1,50,0.4815199179774438,0.7495096044804841,0.07233360447755158,0.4904259921478406,0.5472542449173522,-0.008906074170396794,-1,0.5184800820225561,0.5095740078521593,0.5614256420515641,0.008906074170396794
scgpt,fm,1.0,c10_k100,100,1194,malignant cell,0.1,100,0.48016954662532196,0.7487513755023759,0.09993539609083724,0.48479056740603665,0.5332535197179225,-0.004621020780714691,-1,0.519830453374678,0.5152094325939633,0.5615831853759784,0.004621020780714691
scgpt,fm,1.0,c8_k25,25,1083,malignant cell,0.16,25,0.43730775963389934,0.6970155657184709,0.042821868391757105,0.4923251394133386,0.5491566430768462,-0.05501737977943927,-1,0.5626922403661007,0.5076748605866613,0.5596807872164845,0.055017379779439324
scgpt,fm,1.0,c8_k50,50,1083,malignant cell,0.22,50,0.43154367451049036,0.6602250054850856,0.04371645808396636,0.49297294255920376,0.5422066068168746,-0.061429268048713404,-1,0.5684563254895096,0.5070270574407962,0.557980944759809,0.061429268048713404
scgpt,fm,1.0,c8_k100,100,1083,malignant cell,0.21,100,0.4284053114606517,0.6203335625187689,0.02916697245918369,0.4868693890819975,0.5326621070794468,-0.05846407762134581,-1,0.5715946885393484,0.5131306109180025,0.556886268723899,0.05846407762134587
scgpt,fm,1.0,c5_k25,25,998,malignant cell,0.04,25,0.41526419765435496,0.8106081052793587,0.30474517956608477,0.4937387156468029,0.5571557178224011,-0.07847451799244792,-1,0.584735802345645,0.5062612843531972,0.5680887243992099,0.07847451799244787
scgpt,fm,1.0,c5_k50,50,998,malignant cell,0.08,50,0.41553927330015755,0.7055909714482701,0.14975559057754523,0.4771980419615394,0.5378860436620071,-0.06165876866138187,-1,0.5844607266998425,0.5228019580384606,0.5860749206031658,0.06165876866138187
scgpt,fm,1.0,c5_k100,100,998,malignant cell,0.08,100,0.43051839255795343,0.8295448670341564,0.47156481322063426,0.4736229338067969,0.5196979169271548,-0.04310454124884344,-1,0.5694816074420466,0.5263770661932031,0.5738703143364424,0.04310454124884344
scgpt,fm,1.0,c20_k25,25,906,malignant cell,0.48,25,0.4702168096226462,0.9224470758831487,0.5789493599626017,0.4893867688614369,0.5476381004776314,-0.019169959238790668,-1,0.5297831903773538,0.5106132311385632,0.5729231788741903,0.019169959238790613
scgpt,fm,1.0,c20_k50,50,906,malignant cell,0.36,50,0.48025707069444096,0.9618668827069442,0.8082896751691311,0.48738703143364426,0.5442984320688189,-0.0071299607392033,-1,0.5197429293055591,0.5126129685663557,0.5717528570356848,0.007129960739203356
scgpt,fm,1.0,c20_k100,100,906,malignant cell,0.32,100,0.48180749706169196,0.9463330958720083,0.7488468228220775,0.47612343394433465,0.524847458050964,0.0056840631173573075,-1,0.5181925029383081,0.5238765660556653,0.5734120633174123,-0.005684063117357252
scgpt,fm,1.0,c11_k25,25,735,malignant cell,0.16,25,0.5313461201830504,1.008265841483676,0.9689891506978938,0.4906425517017179,0.5482895296206457,0.0407035684813325,1,0.5313461201830504,0.4906425517017179,0.5482895296206457,0.0407035684813325
scgpt,fm,1.0,c11_k50,50,735,malignant cell,0.12,50,0.539398334541999,1.030628545771911,0.8902749889495457,0.486553989847208,0.5456988171747231,0.052844344694791046,1,0.539398334541999,0.486553989847208,0.5456988171747231,0.052844344694791046
scgpt,fm,1.0,c11_k100,100,735,malignant cell,0.11,100,0.5366850883993098,1.04615903023366,0.8447583293832088,0.48177236239965987,0.5283102853284652,0.05491272599964997,1,0.5366850883993098,0.48177236239965987,0.5283102853284652,0.05491272599964997
scgpt,fm,1.0,c28_k25,25,696,"CD4-positive, alpha-beta T cell",0.0,25,0.4518867688614369,0.726811352939077,0.11033631086143864,0.4983438570606916,0.5561285603540973,-0.046457088199254704,-1,0.548113231138563,0.5016561429393084,0.5613099852459427,0.04645708819925465
scgpt,fm,1.0,c28_k50,50,696,"CD4-positive, alpha-beta T cell",0.0,50,0.465953137112706,0.7564990097725613,0.2000218514854128,0.4855810347845657,0.5431850008752407,-0.01962789767185974,-1,0.5340468628872941,0.5144189652154342,0.5701949286053665,0.019627897671859906
scgpt,fm,1.0,c28_k100,100,696,"CD4-positive, alpha-beta T cell",0.0,100,0.46356498036960164,0.708492369523442,0.1228810656929073,0.481802308134737,0.5321025782090074,-0.01823732776513537,-1,0.5364350196303984,0.518197691865263,0.5614931606191702,0.018237327765135425
scgpt,fm,1.0,c4_k25,25,652,T cell,0.0,25,0.4777438795668809,0.838358711539448,0.1522101987195039,0.47403829803195885,0.5320688189252044,0.0037055815349220644,-1,0.5222561204331191,0.5259617019680412,0.5859380079521869,-0.0037055815349220644
scgpt,fm,1.0,c4_k50,50,652,T cell,0.04,50,0.47459301307859664,0.8016729996336501,0.10168438465765287,0.46250718947710623,0.5155599039735926,0.012085823601490409,-1,0.5254069869214033,0.5374928105228938,0.5906249218535097,-0.012085823601490464
scgpt,fm,1.0,c4_k100,100,652,T cell,0.05,100,0.47703118357548324,0.8080979393078326,0.17384441175173537,0.4611358123483958,0.5086717597339269,0.01589537122708745,-1,0.5229688164245168,0.5388641876516043,0.5818893945835104,-0.015895371227087507
scgpt,fm,1.0,c33_k25,25,560,malignant cell,0.12,25,0.4858836179949486,0.8995772458159836,0.36348405487872804,0.494620020505639,0.55375603290905,-0.00873640251069041,-1,0.5141163820050514,0.5053799794943609,0.5649403585986146,0.008736402510690522
scgpt,fm,1.0,c33_k50,50,560,malignant cell,0.12,50,0.49304808822426166,0.9292572384994091,0.5683101281439311,0.4890021005776589,0.5441358873690264,0.0040459876466027445,-1,0.5069519117757384,0.5109978994223411,0.5691083798044461,-0.004045987646602689
scgpt,fm,1.0,c33_k100,100,560,malignant cell,0.16,100,0.502600715196679,0.9702606654179603,0.8431640563485223,0.47844063367426043,0.5278982970316837,0.02416008152241861,1,0.502600715196679,0.47844063367426043,0.5278982970316837,0.02416008152241861
scgpt,fm,1.0,c31_k25,25,444,malignant cell,0.12,25,0.4337317762384656,0.6341191792120628,0.023895270731550868,0.4899748055715321,0.5584923353922329,-0.05624302933306652,-1,0.5662682237615344,0.5100251944284678,0.5718147490559904,0.056243029333066574
scgpt,fm,1.0,c31_k50,50,444,malignant cell,0.14,50,0.4323063842556703,0.6352007678630104,0.01754555874889112,0.4822421790992523,0.5391507664607768,-0.049935794843582015,-1,0.5676936157443297,0.5177578209007477,0.5702411913276151,0.049935794843582015
scgpt,fm,1.0,c31_k100,100,444,malignant cell,0.13,100,0.4575758333541724,0.6743359593648448,0.05027968246086341,0.48200286328740405,0.5219572882542699,-0.024427029933231648,-1,0.5424241666458276,0.517997136712596,0.5603978594113381,0.024427029933231648
scgpt,fm,1.0,c32_k25,25,387,malignant cell,0.28,25,0.394933606741854,0.5992840499597503,0.0027220993066288976,0.48996336492535447,0.5452211858261021,-0.09502975818350046,-1,0.6050663932581459,0.5100366350746455,0.575608292280377,0.09502975818350046
scgpt,fm,1.0,c32_k50,50,387,malignant cell,0.22,50,0.4361199329815699,0.6436916379223906,0.026218786536030075,0.48984870839480854,0.5408137237740378,-0.053728775413238616,-1,0.5638800670184301,0.5101512916051913,0.5665157918427568,0.05372877541323873
scgpt,fm,1.0,c32_k100,100,387,malignant cell,0.18,100,0.42829278051464154,0.568045746832186,0.016491191008824017,0.48458788666883396,0.5386381254845082,-0.05629510615419242,-1,0.5717072194853585,0.5154121133311661,0.5614143889569632,0.05629510615419242
scgpt,fm,1.0,c22_k25,25,322,malignant cell,0.2,25,0.45982645227437546,0.6959796863949562,0.027867254197111575,0.49422041061291855,0.550372602465678,-0.034393958338543085,-1,0.5401735477256245,0.5057795893870815,0.5699548625872114,0.034393958338543085
scgpt,fm,1.0,c22_k50,50,322,malignant cell,0.18,50,0.4184275675810848,0.5999019169016345,0.006654721962645478,0.48747486808872437,0.540953137112706,-0.06904730050763958,-1,0.5815724324189152,0.5125251319112756,0.5643045587536571,0.06904730050763963
scgpt,fm,1.0,c22_k100,100,322,malignant cell,0.13,100,0.4359948985971142,0.5849877365064317,0.027224464054936254,0.48569369076496033,0.5369476606066669,-0.04969879216784612,-1,0.5640051014028857,0.5143063092350397,0.5617782390157293,0.049698792167846007
scgpt,fm,1.0,c25_k25,25,285,mast cell,0.44,25,0.4397334266923404,0.7563278303196002,0.06658076879271145,0.46522681237340274,0.5248643376928654,-0.025493385681062353,-1,0.5602665733076596,0.5347731876265973,0.5934456975668309,0.025493385681062297
scgpt,fm,1.0,c25_k50,50,285,mast cell,0.32,50,0.45146165195428745,0.7469595193111023,0.11729688299293982,0.47236440021005777,0.5316118182500187,-0.02090274825577032,-1,0.5485383480457126,0.5276355997899422,0.5800288829428092,0.02090274825577032
scgpt,fm,1.0,c25_k100,100,285,mast cell,0.2,100,0.4552126834879592,0.7234991895319334,0.1564734717383479,0.46454474980619664,0.5226556052914552,-0.009332066318237464,-1,0.5447873165120408,0.5354552501938034,0.5865775588286778,0.009332066318237464
scgpt,fm,1.0,c1_k25,25,241,memory B cell,0.48,25,0.4300807722123584,0.6757022570568592,0.020420206728363557,0.4783624246667834,0.5451993048088224,-0.048281652454425006,-1,0.5699192277876416,0.5216375753332165,0.5829209282552702,0.04828165245442506
scgpt,fm,1.0,c1_k50,50,241,memory B cell,0.26,50,0.4436970166795869,0.6432195680373135,0.0318129068453882,0.48082535197179227,0.5334773312660981,-0.03712833529220538,-1,0.5563029833204132,0.5191746480282078,0.5760465377978944,0.03712833529220538
scgpt,fm,1.0,c1_k100,100,241,memory B cell,0.15,100,0.43913326164695293,0.6277683033310211,0.04465221228694582,0.47544224661782,0.521290854985121,-0.03630898497086704,-1,0.560866738353047,0.52455775338218,0.5695491260096526,0.036308984970866987
scgpt,fm,1.0,c29_k25,25,202,"CD4-positive, alpha-beta T cell",0.0,25,0.4588011703218385,0.7455428763170261,0.07525557135405131,0.48269617894921096,0.5461420640676187,-0.023895008627372483,-1,0.5411988296781616,0.517303821050789,0.571486533796794,0.023895008627372594
scgpt,fm,1.0,c29_k50,50,202,"CD4-positive, alpha-beta T cell",0.02,50,0.4674910600415114,0.780736536099107,0.14126891821444088,0.48346038910700445,0.5470091775238191,-0.015969329065493032,-1,0.5325089399584886,0.5165396108929956,0.5728731651204081,0.015969329065492976
scgpt,fm,1.0,c29_k100,100,202,"CD4-positive, alpha-beta T cell",0.01,100,0.464315186676336,0.7828796249277689,0.16534576285705838,0.47993360674185404,0.5249243541974042,-0.015618420065518057,-1,0.535684813323664,0.520066393258146,0.5641588936957663,0.015618420065518057
geneformer,fm,0.3,c5_k25,25,8207,malignant cell,0.16,25,0.4361324364200155,0.6808258734803992,0.022166162510664795,0.4960009002475681,0.5519786691340118,-0.05986846382755262,-1,0.5638675635799846,0.503999099752432,0.5763928830428369,0.05986846382755262
geneformer,fm,0.3,c5_k50,50,8207,malignant cell,0.14,50,0.45792592963064843,0.7238747500595372,0.06593628048270721,0.4887016429518117,0.5417052189352072,-0.030775713321163245,-1,0.5420740703693516,0.5112983570481883,0.5678992973067594,0.030775713321163356
geneformer,fm,0.3,c5_k100,100,8207,malignant cell,0.14,100,0.4627147465553027,0.7366408398616967,0.09549715016616006,0.48787941683963093,0.5358523593988346,-0.025164670284328228,-1,0.5372852534446972,0.5121205831603691,0.5560535397234239,0.025164670284328117
geneformer,fm,0.3,c0_k25,25,5613,T cell,0.0,25,0.4739178274025357,0.8226695568493987,0.12456141681928336,0.4782405161419391,0.5447466803370926,-0.004322688739403391,-1,0.5260821725974643,0.5217594838580609,0.5822669984245669,0.004322688739403335
geneformer,fm,0.3,c0_k50,50,5613,T cell,0.0,50,0.46151441646452773,0.7742996471142504,0.07005077768488678,0.47067506064167647,0.5287391532671485,-0.009160644177148736,-1,0.5384855835354723,0.5293249393583236,0.5873615244192152,0.00916064417714868
geneformer,fm,0.3,c0_k100,100,5613,T cell,0.01,100,0.4596263972592463,0.7570385429369121,0.06285559972632923,0.4651404136137438,0.5152792017804896,-0.005514016354497497,-1,0.5403736027407537,0.5348595863862562,0.582729625647053,0.005514016354497553
geneformer,fm,0.3,c11_k25,25,5247,macrophage,0.52,25,0.49942484183150365,0.8902274350564485,0.2892605261571531,0.48602915801845514,0.5490472379904474,0.013395683813048509,-1,0.5005751581684963,0.5139708419815449,0.5717653604741304,-0.013395683813048564
geneformer,fm,0.3,c11_k50,50,5247,macrophage,0.6,50,0.4976743604491235,0.8812500098294201,0.2766843259860708,0.48185963640001006,0.5466303233389181,0.015814724049113438,-1,0.5023256395508765,0.5181403635999899,0.5773156368001199,-0.015814724049113438
geneformer,fm,0.3,c11_k100,100,5247,macrophage,0.42,100,0.49856210457875916,0.88151124876278,0.34647077846095076,0.47462946060166544,0.5242329140513642,0.023932643977093715,-1,0.5014378954212408,0.5253705393983346,0.574012853534722,-0.023932643977093715
geneformer,fm,0.3,c8_k25,25,5141,"effector memory CD8-positive, alpha-beta T cell",0.0,25,0.46090174798069466,0.7646573776069271,0.06892963228349414,0.4824227912675986,0.54427405036385,-0.021521043286903963,-1,0.5390982520193053,0.5175772087324014,0.5805302708244766,0.02152104328690385
geneformer,fm,0.3,c8_k50,50,5141,"effector memory CD8-positive, alpha-beta T cell",0.02,50,0.462677236239966,0.7752292133129667,0.08376541818407493,0.47709845207432044,0.5320625672059817,-0.014421215834354462,-1,0.537322763760034,0.5229015479256796,0.5775025632048812,0.014421215834354406
geneformer,fm,0.3,c8_k100,100,5141,"effector memory CD8-positive, alpha-beta T cell",0.03,100,0.4517242241616444,0.7426135613908073,0.057732643601324234,0.46928480332091327,0.5243623246392758,-0.01756057915926884,-1,0.5482757758383556,0.5307151966790867,0.5787897921928531,0.017560579159268896
geneformer,fm,0.3,c3_k25,25,4967,fibroblast,0.88,25,0.522493685763585,1.1124466825197687,0.3554119218128795,0.4951740478631623,0.5478744154642526,0.02731963790042269,1,0.522493685763585,0.4951740478631623,0.5478744154642526,0.02731963790042269
geneformer,fm,0.3,c3_k50,50,4967,fibroblast,0.72,50,0.5234564505238941,1.1309819380613937,0.28993395147645906,0.4919392207857161,0.5416958413563729,0.031517229738178,1,0.5234564505238941,0.4919392207857161,0.5416958413563729,0.031517229738178
geneformer,fm,0.3,c3_k100,100,4967,fibroblast,0.63,100,0.520068018705144,1.130072251747141,0.34099329925151867,0.4845693190627422,0.5241110055265198,0.035498699642401765,1,0.520068018705144,0.4845693190627422,0.5241110055265198,0.035498699642401765
geneformer,fm,0.3,c9_k25,25,4110,malignant cell,0.08,25,0.4870839480857236,0.8655936556504132,0.4405772301416183,0.49249456100427624,0.5557953437195229,-0.00541061291855266,-1,0.5129160519142764,0.5075054389957239,0.5704431218585111,0.005410612918552493
geneformer,fm,0.3,c9_k50,50,4110,malignant cell,0.06,50,0.4994498487083948,0.8712208426256963,0.5418611322781182,0.49385237190227316,0.5544030858486083,0.0055974768061216595,-1,0.5005501512916052,0.5061476280977268,0.5614475230688439,-0.0055974768061216595
geneformer,fm,0.3,c9_k100,100,4110,malignant cell,0.07,100,0.5072895046137688,0.8679292021823317,0.5623556959872307,0.48380729700667685,0.5321901022781264,0.02348220760709191,1,0.5072895046137688,0.48380729700667685,0.5321901022781264,0.02348220760709191
geneformer,fm,0.3,c4_k25,25,3102,malignant cell,0.08,25,0.5311460651679212,1.0475363562186146,0.7182231620057603,0.499866650828978,0.5518617619845456,0.03127941433894316,1,0.5311460651679212,0.499866650828978,0.5518617619845456,0.03127941433894316
geneformer,fm,0.3,c4_k50,50,3102,malignant cell,0.12,50,0.5063642501687964,0.9808121897927439,0.8824358747916912,0.4950513891320113,0.5512340893745781,0.011312861036785082,1,0.5063642501687964,0.4950513891320113,0.5512340893745781,0.011312861036785082
geneformer,fm,0.3,c4_k100,100,3102,malignant cell,0.13,100,0.5142414163895072,1.016584729021428,0.9117647419169209,0.48894696041411384,0.5386787616594564,0.025294455975393315,1,0.5142414163895072,0.48894696041411384,0.5386787616594564,0.025294455975393315
geneformer,fm,0.3,c7_k25,25,2612,"effector memory CD8-positive, alpha-beta T cell",0.0,25,0.46839130760959263,0.8294376432478313,0.43467633564928687,0.48731463652504436,0.5502031808747405,-0.01892332891545173,-1,0.5316086923904073,0.5126853634749556,0.5769255295206182,0.018923328915451676
geneformer,fm,0.3,c7_k50,50,2612,"effector memory CD8-positive, alpha-beta T cell",0.02,50,0.4574507989697167,0.7541187356604255,0.293624652329583,0.48481963790042265,0.5432256370501888,-0.027368838930705963,-1,0.5425492010302833,0.5151803620995774,0.5739753432193853,0.027368838930705852
geneformer,fm,0.3,c7_k100,100,2612,"effector memory CD8-positive, alpha-beta T cell",0.04,100,0.44204656280477134,0.688177613227377,0.16406206660676997,0.4755735327214984,0.5229194278426567,-0.033526969916727045,-1,0.5579534371952286,0.5244264672785016,0.5694140888744404,0.03352696991672699
geneformer,fm,0.3,c10_k25,25,2475,endothelial cell,0.76,25,0.49502363149866213,0.9714873706311804,0.8117270201901117,0.4900051264097627,0.5510477881417389,0.00501850508889945,-1,0.5049763685013379,0.5099948735902373,0.5628741653954837,-0.00501850508889945
geneformer,fm,0.3,c10_k50,50,2475,endothelial cell,0.66,50,0.48295781339868465,0.9435629380255424,0.6617508750957231,0.48171159568881433,0.5391545174923104,0.001246217709870323,-1,0.5170421866013153,0.5182884043111856,0.5721154567506064,-0.001246217709870323
geneformer,fm,0.3,c10_k100,100,2475,endothelial cell,0.45,100,0.4812073320163045,0.9296113670314571,0.6180544415113947,0.47536109930230813,0.5321375878366549,0.005846232713996369,-1,0.5187926679836955,0.5246389006976919,0.5779026732351397,-0.005846232713996424
geneformer,fm,0.3,c6_k25,25,2205,malignant cell,0.12,25,0.49988746905398984,0.8369021799589401,0.23390584202581988,0.4946136437520319,0.5493073095101153,0.005273825301957968,-1,0.5001125309460102,0.5053863562479681,0.5663307409537622,-0.005273825301957968
geneformer,fm,0.3,c6_k50,50,2205,malignant cell,0.1,50,0.5085773587736627,0.8494328859090624,0.36888823673005733,0.4942712370901998,0.5449392332891545,0.014306121683462902,1,0.5085773587736627,0.4942712370901998,0.5449392332891545,0.014306121683462902
geneformer,fm,0.3,c6_k100,100,2205,malignant cell,0.05,100,0.5078021455900372,0.8105257550133177,0.31402371976250565,0.49055027632598963,0.5282884043111856,0.017251869264047592,1,0.5078021455900372,0.49055027632598963,0.5282884043111856,0.017251869264047592
geneformer,fm,0.3,c14_k25,25,1657,malignant cell,0.4,25,0.5422616219460351,1.278421020561187,0.12933975398964365,0.47823707769636653,0.5400616419515367,0.06402454424966858,1,0.5422616219460351,0.47823707769636653,0.5400616419515367,0.06402454424966858
geneformer,fm,0.3,c14_k50,50,1657,malignant cell,0.28,50,0.5462252119332817,1.327322185895579,0.1271870163369254,0.47518017454800066,0.5326283477956438,0.071045037385281,1,0.5462252119332817,0.47518017454800066,0.5326283477956438,0.071045037385281
geneformer,fm,0.3,c14_k100,100,1657,malignant cell,0.21,100,0.564030108279777,1.4005034526891762,0.08331081994679691,0.4763624371702218,0.5283196629072995,0.08766767110955515,1,0.564030108279777,0.4763624371702218,0.5283196629072995,0.08766767110955515
geneformer,fm,0.3,c1_k25,25,1422,memory B cell,0.16,25,0.4588761909525119,0.7767302817962909,0.07489724288564321,0.48175729575633297,0.5418496336492535,-0.02288110480382105,-1,0.5411238090474881,0.518242704243667,0.5821744729800695,0.022881104803821106
geneformer,fm,0.3,c1_k50,50,1422,memory B cell,0.22,50,0.45526269724174145,0.7683623278840095,0.0714760890111457,0.47909437595338716,0.5380198304533746,-0.02383167871164571,-1,0.5447373027582585,0.5209056240466128,0.5764966615819349,0.02383167871164571
geneformer,fm,0.3,c1_k100,100,1422,memory B cell,0.13,100,0.4579509365075396,0.7631753769525307,0.07501498665959329,0.47315593038085474,0.5171159568881443,-0.015204993873315142,-1,0.5420490634924604,0.5268440696191452,0.5775719572882543,0.015204993873315198
geneformer,fm,0.3,c13_k25,25,1311,malignant cell,0.88,25,0.48988471829753183,1.1107984910458877,0.7524700351414375,0.4700688314286428,0.5293205631548676,0.01981588686888902,-1,0.5101152817024681,0.5299311685713571,0.5829821951036535,-0.01981588686888902
geneformer,fm,0.3,c13_k50,50,1311,malignant cell,0.84,50,0.4713796293980845,0.906577962951585,0.8148462145727575,0.46728881692465424,0.5217553577233739,0.004090812473430239,-1,0.5286203706019155,0.5327111830753457,0.5852496936657581,-0.004090812473430239
geneformer,fm,0.3,c13_k100,100,1311,malignant cell,0.86,100,0.4804821325864613,1.0006858756472097,0.9988507979522663,0.4615632423916577,0.5015041636450024,0.018918890194803584,-1,0.5195178674135388,0.5384367576083423,0.5808491085048388,-0.018918890194803528
geneformer,fm,0.3,c2_k25,25,1133,IgG plasma cell,0.08,25,0.46892895546275226,0.7164712767773604,0.0788163858194084,0.4756393008077221,0.5339036985170922,-0.006710345344969837,-1,0.5310710445372477,0.5243606991922779,0.5840556152942058,0.006710345344969837
geneformer,fm,0.3,c2_k50,50,1133,IgG plasma cell,0.06,50,0.47575583285403483,0.7102777691957214,0.10402737465129679,0.4721981044787317,0.5299088499337317,0.0035577283753031597,-1,0.5242441671459652,0.5278018955212683,0.5817168471329616,-0.003557728375303104
geneformer,fm,0.3,c2_k100,100,1133,IgG plasma cell,0.06,100,0.48444572257370777,0.7147171214378866,0.1767821383447712,0.4618719522868789,0.5168033709270049,0.022573770286828887,-1,0.5155542774262922,0.5381280477131211,0.5834923353922328,-0.02257377028682883
geneformer,fm,0.3,c15_k25,25,539,malignant cell,0.12,25,0.4858836179949486,0.8995772458159838,0.36348405487872804,0.4956917527320013,0.5561079296806621,-0.009808134737052665,-1,0.5141163820050514,0.5043082472679987,0.5670778214008851,0.009808134737052665
geneformer,fm,0.3,c15_k50,50,539,malignant cell,0.12,50,0.49273550226312235,0.9278190152153891,0.5519229353249915,0.489493798294531,0.5493298156993174,0.0032417039685913585,-1,0.5072644977368777,0.510506201705469,0.565883743029333,-0.0032417039685913585
geneformer,fm,0.3,c15_k100,100,539,malignant cell,0.16,100,0.500087524069119,0.9563362541504663,0.768142171377075,0.47964421465903123,0.5244698542099077,0.020443309410087818,1,0.500087524069119,0.47964421465903123,0.5244698542099077,0.020443309410087818
geneformer,fm,0.3,c12_k25,25,261,mast cell,0.4,25,0.4428217759883968,0.7479599392460744,0.0593553526303299,0.46313604991372626,0.5208038460576658,-0.020314273925329474,-1,0.5571782240116032,0.5368639500862737,0.589288304283678,0.020314273925329474
geneformer,fm,0.3,c12_k50,50,261,mast cell,0.32,50,0.45146165195428745,0.7469595193111024,0.1172968829929407,0.46761290604916356,0.5185813598739653,-0.01615125409487611,-1,0.5485383480457126,0.5323870939508365,0.5798500837730376,0.016151254094876055
geneformer,fm,0.3,c12_k100,100,261,mast cell,0.2,100,0.45496261471904775,0.7217890841527045,0.1515626336962234,0.466040661181825,0.5186288729400585,-0.011078046462777269,-1,0.5450373852809522,0.533959338818175,0.5795449998749657,0.011078046462777213
geneformer,fm,0.5,c12_k25,25,6791,malignant cell,0.16,25,0.44424716797119207,0.7291518040259735,0.049802679760955766,0.4917104703793544,0.551279101752982,-0.04746330240816232,-1,0.5557528320288079,0.5082895296206457,0.5646490284828328,0.04746330240816221
geneformer,fm,0.5,c12_k50,50,6791,malignant cell,0.14,50,0.4652654479981995,0.7566953826096906,0.1079924050439652,0.48845520018004945,0.5511928280277076,-0.023189752181849932,-1,0.5347345520018005,0.5115447998199505,0.5604078621620946,0.023189752181850043
geneformer,fm,0.5,c12_k100,100,6791,malignant cell,0.13,100,0.4654905098902198,0.7609161036242311,0.12371231031612046,0.4888567481057291,0.5398534597014178,-0.023366238215509316,-1,0.5345094901097802,0.5111432518942709,0.5567687364025107,0.023366238215509316
geneformer,fm,0.5,c10_k25,25,5132,"effector memory CD8-positive, alpha-beta T cell",0.0,25,0.46090174798069466,0.7646573776069271,0.06892963228349414,0.4768827052439421,0.537071444647278,-0.01598095726324744,-1,0.5390982520193053,0.5231172947560578,0.5776219710420366,0.01598095726324744
geneformer,fm,0.5,c10_k50,50,5132,"effector memory CD8-positive, alpha-beta T cell",0.02,50,0.462677236239966,0.7752292133129668,0.08376541818407492,0.4776694841081297,0.532496436520043,-0.014992247868163722,-1,0.537322763760034,0.5223305158918703,0.574818700142539,0.014992247868163666
geneformer,fm,0.5,c10_k100,100,5132,"effector memory CD8-positive, alpha-beta T cell",0.03,100,0.4517242241616444,0.7426135613908071,0.05773264360132389,0.46166664582760253,0.5131361124309185,-0.009942421665958101,-1,0.5482757758383556,0.5383333541723975,0.5885574783065343,0.009942421665958157
geneformer,fm,0.5,c17_k25,25,4962,T cell,0.0,25,0.4715046637825402,0.8225701564817627,0.12032152979217008,0.4799086623821551,0.5403492210357849,-0.008403998599614937,-1,0.5284953362174598,0.520091337617845,0.583093475705819,0.008403998599614826
geneformer,fm,0.5,c17_k50,50,4962,T cell,0.0,50,0.4652279376828628,0.7910791893631067,0.08118096205466786,0.4712637225236941,0.5222048563354922,-0.006035784840831282,-1,0.5347720623171373,0.5287362774763059,0.5767235989897221,0.0060357848408313375
geneformer,fm,0.5,c17_k100,100,4962,T cell,0.01,100,0.4623771537172722,0.7571786255681617,0.06074485313198765,0.46694972367401033,0.5119289054489985,-0.004572569956738104,-1,0.5376228462827277,0.5330502763259897,0.5805402735752332,0.0045725699567380484
geneformer,fm,0.5,c7_k25,25,4188,macrophage,0.52,25,0.5061016779614393,0.90115529056089,0.34905794838948034,0.48318124984370703,0.5359661406886893,0.022920428117732317,1,0.5061016779614393,0.48318124984370703,0.5359661406886893,0.022920428117732317
geneformer,fm,0.5,c7_k50,50,4188,macrophage,0.48,50,0.5013253644752307,0.884446964620564,0.3136698368015822,0.48051276601065296,0.5301520418114981,0.020812598464577725,1,0.5013253644752307,0.48051276601065296,0.5301520418114981,0.020812598464577725
geneformer,fm,0.5,c7_k100,100,4188,macrophage,0.43,100,0.5073770286828878,0.906766077560682,0.46662910706121763,0.47191133811798247,0.5172509940233563,0.03546569056490534,1,0.5073770286828878,0.47191133811798247,0.5172509940233563,0.03546569056490534
geneformer,fm,0.5,c13_k25,25,3907,malignant cell,0.08,25,0.4862087073945335,0.7921683839244036,0.22193320522561052,0.49778138988221765,0.5591737727875166,-0.011572682487684172,-1,0.5137912926054665,0.5022186101177823,0.5683775538273025,0.011572682487684172
geneformer,fm,0.5,c13_k50,50,3907,malignant cell,0.08,50,0.48923453949836204,0.7746326071360621,0.20706251858714944,0.4938706894395959,0.5569944234664533,-0.004636149941233847,-1,0.510765460501638,0.5061293105604041,0.5586536297481807,0.004636149941233847
geneformer,fm,0.5,c13_k100,100,3907,malignant cell,0.12,100,0.4783315411738228,0.6903046227835282,0.09043147686916282,0.48386068668883936,0.5263597489309559,-0.0055291455150165425,-1,0.5216684588261772,0.5161393133111606,0.5654298682137587,0.005529145515016598
geneformer,fm,0.5,c2_k25,25,3706,fibroblast,0.88,25,0.5133411688214259,1.1064424154302865,0.33570295790523386,0.49587155217684864,0.5559378829178024,0.017469616644577246,1,0.5133411688214259,0.49587155217684864,0.5559378829178024,0.017469616644577246
geneformer,fm,0.5,c2_k50,50,3706,fibroblast,0.82,50,0.5198929705669059,1.1291161869648538,0.28124693205345935,0.49234814574007857,0.5375028132736502,0.027544824826827297,1,0.5198929705669059,0.49234814574007857,0.5375028132736502,0.027544824826827297
geneformer,fm,0.5,c2_k100,100,3706,fibroblast,0.66,100,0.5222811273100103,1.132916851754085,0.31881406362289944,0.48691665207932183,0.5328821675960889,0.035364475230688475,1,0.5222811273100103,0.48691665207932183,0.5328821675960889,0.035364475230688475
geneformer,fm,0.5,c4_k25,25,3119,malignant cell,0.08,25,0.5311460651679212,1.0475363562186146,0.7182231620057604,0.49842500437620346,0.5606329240541149,0.032721060791717715,1,0.5311460651679212,0.49842500437620346,0.5606329240541149,0.032721060791717715
geneformer,fm,0.5,c4_k50,50,3119,malignant cell,0.12,50,0.5067018430068269,0.9794437498313523,0.8741262392172702,0.4899101627947685,0.5404117382280127,0.016791680212058346,1,0.5067018430068269,0.4899101627947685,0.5404117382280127,0.016791680212058346
geneformer,fm,0.5,c4_k100,100,3119,malignant cell,0.14,100,0.5137162719747931,1.0149335772024028,0.9210951872099672,0.48961683212883544,0.5412544699792443,0.024099439845957638,1,0.5137162719747931,0.48961683212883544,0.5412544699792443,0.024099439845957638
geneformer,fm,0.5,c9_k25,25,2486,endothelial cell,0.76,25,0.49502363149866213,0.9714873706311804,0.8117270201901117,0.4883643626997424,0.5473017579834454,0.006659268798919704,-1,0.5049763685013379,0.5116356373002575,0.5665232939058241,-0.006659268798919649
geneformer,fm,0.5,c9_k50,50,2486,endothelial cell,0.66,50,0.48295781339868465,0.9435629380255424,0.6617508750957235,0.4801865513016079,0.5369826702343145,0.002771262097076732,-1,0.5170421866013153,0.5198134486983921,0.5788016704593764,-0.0027712620970767876
geneformer,fm,0.5,c9_k100,100,2486,endothelial cell,0.45,100,0.4812073320163045,0.9296113670314572,0.6180544415113949,0.4742214734051864,0.5260227812648478,0.006985858611118112,-1,0.5187926679836955,0.5257785265948136,0.5760265322963815,-0.006985858611118112
geneformer,fm,0.5,c11_k25,25,2284,"effector memory CD8-positive, alpha-beta T cell",0.0,25,0.4791942784265673,0.8233813010014246,0.376886832566552,0.4906184825827103,0.550121283352922,-0.01142420415614298,-1,0.5208057215734327,0.5093815174172898,0.5669409087499062,0.01142420415614298
geneformer,fm,0.5,c11_k50,50,2284,"effector memory CD8-positive, alpha-beta T cell",0.02,50,0.4511990797469304,0.7317402927795541,0.20355995246527625,0.48084198154492486,0.5467691115056641,-0.029642901797994448,-1,0.5488009202530696,0.5191580184550751,0.5816024406711846,0.029642901797994448
geneformer,fm,0.5,c11_k100,100,2284,"effector memory CD8-positive, alpha-beta T cell",0.03,100,0.44315936882642726,0.6863927816526381,0.1450251486782448,0.47206319237790395,0.5229381830003251,-0.028903823551476693,-1,0.5568406311735727,0.527936807622096,0.5787835404736302,0.028903823551476693
geneformer,fm,0.5,c14_k25,25,2199,malignant cell,0.12,25,0.5032884043111856,0.8403804826015899,0.24107744367648337,0.497793018079972,0.5583616744604766,0.005495386231213595,1,0.5032884043111856,0.497793018079972,0.5583616744604766,0.005495386231213595
geneformer,fm,0.5,c14_k50,50,2199,malignant cell,0.1,50,0.5085773587736627,0.8494328859090624,0.3688882367300571,0.4944026482282628,0.5502975818350047,0.014174710545399927,1,0.5085773587736627,0.4944026482282628,0.5502975818350047,0.014174710545399927
geneformer,fm,0.5,c14_k100,100,2199,malignant cell,0.05,100,0.5073020080522144,0.7964875023526334,0.2825538563783885,0.49141007527069946,0.5351640451124059,0.015891932781514906,1,0.5073020080522144,0.49141007527069946,0.5351640451124059,0.015891932781514906
geneformer,fm,0.5,c5_k25,25,1670,malignant cell,0.4,25,0.531208582360149,1.222877613100219,0.2383836620729315,0.4774965615544275,0.5339580884743304,0.053712020805721516,1,0.531208582360149,0.4774965615544275,0.5339580884743304,0.053712020805721516
geneformer,fm,0.5,c5_k50,50,1670,malignant cell,0.28,50,0.5462252119332817,1.3273221858955788,0.1271870163369261,0.47588605616544555,0.5347551826752357,0.07033915576783611,1,0.5462252119332817,0.47588605616544555,0.5347551826752357,0.07033915576783611
geneformer,fm,0.5,c5_k100,100,1670,malignant cell,0.21,100,0.5667308509840207,1.3962879158201642,0.07990769915796554,0.4819284053114606,0.5296994173397683,0.08480244567256007,1,0.5667308509840207,0.4819284053114606,0.5296994173397683,0.08480244567256007
geneformer,fm,0.5,c0_k25,25,1429,memory B cell,0.16,25,0.4588761909525119,0.7767302817962909,0.07489724288564319,0.48115894370952006,0.5327202480682187,-0.02228275275700814,-1,0.5411238090474881,0.5188410562904799,0.5799582385155917,0.022282752757008195
geneformer,fm,0.5,c0_k50,50,1429,memory B cell,0.22,50,0.45526269724174145,0.7683623278840095,0.0714760890111457,0.4804669409087499,0.5343819550376353,-0.025204243667008464,-1,0.5447373027582585,0.51953305909125,0.5781527420040511,0.025204243667008464
geneformer,fm,0.5,c0_k100,100,1429,memory B cell,0.13,100,0.4579509365075396,0.7631753769525307,0.07501498665959329,0.47614400210057767,0.5238903198379554,-0.01819306559303807,-1,0.5420490634924604,0.5238559978994224,0.5778495336217461,0.018193065593038016
geneformer,fm,0.5,c19_k25,25,1311,malignant cell,0.88,25,0.48988471829753183,1.1107984910458877,0.7524700351414375,0.4759591387631598,0.5298925954637524,0.013925579534372012,-1,0.5101152817024681,0.5240408612368401,0.5830015754332442,-0.013925579534372012
geneformer,fm,0.5,c19_k50,50,1311,malignant cell,0.84,50,0.4713796293980845,0.906577962951585,0.8148462145727575,0.4684237540323589,0.5179893220635674,0.0029558753657255576,-1,0.5286203706019155,0.5315762459676411,0.578895446247718,-0.002955875365725613
geneformer,fm,0.5,c19_k100,100,1311,malignant cell,0.86,100,0.4804821325864613,1.0006858756472097,0.9988507979522665,0.4618334416964666,0.49841956538047966,0.018648690889994657,-1,0.5195178674135388,0.5381665583035334,0.5763760034009352,-0.018648690889994657
geneformer,fm,0.5,c3_k25,25,1261,pericyte,0.72,25,0.5179049238540598,1.1625107976853968,0.23852499156435397,0.48783565480507135,0.5501544174648028,0.03006926904898849,1,0.5179049238540598,0.48783565480507135,0.5501544174648028,0.03006926904898849
geneformer,fm,0.5,c3_k50,50,1261,pericyte,0.62,50,0.5087524069119008,1.1110469497274518,0.4526737008567049,0.47743785791092547,0.5366694591012527,0.031314549000975356,1,0.5087524069119008,0.47743785791092547,0.5366694591012527,0.031314549000975356
geneformer,fm,0.5,c3_k100,100,1261,pericyte,0.53,100,0.5068393808297281,1.1130859340003587,0.4901459626248519,0.4676672334892096,0.5140351096551552,0.03917214734051855,1,0.5068393808297281,0.4676672334892096,0.5140351096551552,0.03917214734051855
geneformer,fm,0.5,c1_k25,25,1134,IgG plasma cell,0.08,25,0.46892895546275226,0.7164712767773604,0.0788163858194084,0.4764046987921679,0.5364025106904398,-0.007475743329415641,-1,0.5310710445372477,0.5235953012078322,0.5835692315386731,0.007475743329415585
geneformer,fm,0.5,c1_k50,50,1134,IgG plasma cell,0.06,50,0.47575583285403483,0.7102777691957214,0.1040273746512968,0.47104534997124203,0.5305440246067669,0.004710482882792799,-1,0.5242441671459652,0.5289546500287579,0.5815199179774438,-0.004710482882792633
geneformer,fm,0.5,c1_k100,100,1134,IgG plasma cell,0.06,100,0.4861586936407512,0.7168315361171629,0.17689604766853806,0.46373065092900545,0.5159287554077371,0.022428042711745755,-1,0.5138413063592489,0.5362693490709944,0.5835298457075696,-0.02242804271174559
geneformer,fm,0.5,c16_k25,25,1125,malignant cell,0.28,25,0.45560029007977193,0.6780983692813926,0.027004608740491744,0.4997868788916952,0.555663432443922,-0.04418658881192328,-1,0.544399709920228,0.5002131211083047,0.5600646427767636,0.04418658881192328
geneformer,fm,0.5,c16_k50,50,1125,malignant cell,0.18,50,0.44994873590237316,0.6740023157265694,0.03037494259038138,0.49423253894821073,0.545710070269324,-0.044283803045837566,-1,0.5500512640976268,0.5057674610517893,0.5546419015229188,0.044283803045837566
geneformer,fm,0.5,c16_k100,100,1125,malignant cell,0.24,100,0.4656780614669034,0.6996926542962326,0.08092415414999862,0.4793635749831203,0.5231238590612418,-0.01368551351621694,-1,0.5343219385330966,0.5206364250168797,0.5747580584660781,0.01368551351621694
geneformer,fm,0.5,c8_k25,25,1082,macrophage,0.6,25,0.4928105228937958,0.8649535591172174,0.271088324123334,0.4821034534496987,0.5377541323864061,0.010707069444097106,-1,0.5071894771062042,0.5178965465503014,0.576876140938758,-0.010707069444097161
geneformer,fm,0.5,c8_k50,50,1082,macrophage,0.48,50,0.4908599864962865,0.8516224421511314,0.2859345453904669,0.48144127134962117,0.5370008002200605,0.009418715146665313,-1,0.5091400135037135,0.5185587286503789,0.577787016429518,-0.009418715146665368
geneformer,fm,0.5,c8_k100,100,1082,macrophage,0.41,100,0.48159493860811725,0.8173266778576684,0.23229693101009843,0.4694393458201005,0.5197610592913051,0.012155592788016756,-1,0.5184050613918827,0.5305606541798994,0.5845888869439095,-0.0121555927880167
geneformer,fm,0.5,c20_k25,25,635,"CD4-positive, alpha-beta T cell",0.0,25,0.435182175098152,0.6785627015367462,0.05406338421789618,0.4861069294055865,0.5443121858511091,-0.05092475430743448,-1,0.5648178249018481,0.5138930705944135,0.568082472679987,0.050924754307434594
geneformer,fm,0.5,c20_k50,50,635,"CD4-positive, alpha-beta T cell",0.0,50,0.4638900697691865,0.7494210363508226,0.17134767257993855,0.48619876716096927,0.5375572032308884,-0.02230869739178276,-1,0.5361099302308134,0.5138012328390308,0.5649853709770187,0.02230869739178265
geneformer,fm,0.5,c20_k100,100,635,"CD4-positive, alpha-beta T cell",0.0,100,0.4638525594538498,0.7228854608017518,0.13777658359058428,0.47939495861361875,0.5316668333791792,-0.01554239915976896,-1,0.5361474405461502,0.5206050413863813,0.5696566555802844,0.01554239915976885
geneformer,fm,0.5,c6_k25,25,545,malignant cell,0.24,25,0.5277201230338343,1.1298085605267876,0.3756250911197607,0.4818933331666208,0.5409925229438095,0.0458267898672135,1,0.5277201230338343,0.4818933331666208,0.5409925229438095,0.0458267898672135
geneformer,fm,0.5,c6_k50,50,545,malignant cell,0.18,50,0.5262197104203656,1.1703065775266002,0.2968722127555248,0.48731901272850037,0.5410031508664882,0.03890069769186527,1,0.5262197104203656,0.48731901272850037,0.5410031508664882,0.03890069769186527
geneformer,fm,0.5,c6_k100,100,545,malignant cell,0.13,100,0.5445872614969116,1.2838336456749628,0.1279461361861364,0.4779566255720323,0.5300476381004776,0.06663063592487933,1,0.5445872614969116,0.4779566255720323,0.5300476381004776,0.06663063592487933
geneformer,fm,0.5,c22_k25,25,513,malignant cell,0.12,25,0.48514591512665983,0.9023980947600637,0.38343120210410997,0.49888306784365694,0.5545781339868464,-0.013737152716997103,-1,0.5148540848733402,0.501116932156343,0.5604497486808873,0.013737152716997159
geneformer,fm,0.5,c22_k50,50,513,malignant cell,0.12,50,0.49273550226312235,0.927819015215389,0.5519229353249908,0.4854895721323364,0.5410800470129286,0.007245930130785949,-1,0.5072644977368777,0.5145104278676635,0.5664320188051715,-0.007245930130785894
geneformer,fm,0.5,c22_k100,100,513,malignant cell,0.15,100,0.4988246767861162,0.9539512528634309,0.7559189239120709,0.47429649403585983,0.5214121383380429,0.024528182750256367,-1,0.5011753232138838,0.5257035059641402,0.573799669909225,-0.024528182750256367
geneformer,fm,0.5,c18_k25,25,261,mast cell,0.4,25,0.4428217759883968,0.7479599392460744,0.0593553526303299,0.4655434619520368,0.5196316487033934,-0.022721685963639993,-1,0.5571782240116032,0.5344565380479632,0.5855966640826227,0.022721685963639993
geneformer,fm,0.5,c18_k50,50,261,mast cell,0.32,50,0.45146165195428745,0.7469595193111024,0.11729688299293989,0.46998130735952387,0.5303620995773837,-0.018519655405236424,-1,0.5485383480457126,0.5300186926404762,0.5867551076546049,0.018519655405236368
geneformer,fm,0.5,c18_k100,100,261,mast cell,0.2,100,0.45496261471904775,0.7217890841527045,0.1515626336962234,0.46468553852309386,0.5083385430993522,-0.009722923804046102,-1,0.5450373852809522,0.5353144614769062,0.5812779764435219,0.009722923804046046
geneformer,fm,0.5,c21_k25,25,223,malignant cell,0.24,25,0.4549126009652654,0.686035492002866,0.022371872272886794,0.4938066093175623,0.5504432468928955,-0.038894008352296894,-1,0.5450873990347346,0.5061933906824376,0.5645308709895221,0.03889400835229695
geneformer,fm,0.5,c21_k50,50,223,malignant cell,0.18,50,0.4385831103553477,0.623392666147561,0.015884662887967207,0.48902654479982,0.5417158468578859,-0.0504434344444723,-1,0.5614168896446523,0.5109734552001801,0.5667708619870464,0.05044343444447219
geneformer,fm,0.5,c21_k100,100,223,malignant cell,0.14,100,0.4433344169646653,0.6041763467584932,0.036475983189444325,0.4876466028157743,0.5344926104678787,-0.04431218585110902,-1,0.5566655830353346,0.5123533971842257,0.5558672384905848,0.044312185851108965
geneformer,fm,1.0,c16_k25,25,4709,"effector memory CD8-positive, alpha-beta T cell",0.0,25,0.4585886118682638,0.7518233997650327,0.055772796090863004,0.4795165545525019,0.5380460876741103,-0.020927942684238143,-1,0.5414113881317362,0.5204834454474981,0.5818062467178473,0.020927942684238032
geneformer,fm,1.0,c16_k50,50,4709,"effector memory CD8-positive, alpha-beta T cell",0.02,50,0.46106429268048715,0.7717456946384099,0.08382140401393041,0.4724284803320913,0.5362262122083572,-0.01136418765160413,-1,0.5389357073195129,0.5275715196679087,0.5850240066018154,0.011364187651604185
geneformer,fm,1.0,c16_k100,100,4709,"effector memory CD8-positive, alpha-beta T cell",0.03,100,0.45586286228712897,0.7495510333953825,0.06835425311327267,0.46906699342319136,0.5184750806471778,-0.013204131136062391,-1,0.544137137712871,0.5309330065768086,0.5742835529770687,0.013204131136062336
geneformer,fm,1.0,c17_k25,25,4693,T cell,0.0,25,0.4739178274025357,0.8226695568493987,0.12456141681928411,0.4848008827427543,0.5484033109105003,-0.010883055340218606,-1,0.5260821725974643,0.5151991172572457,0.5800188801920527,0.010883055340218606
geneformer,fm,1.0,c17_k50,50,4693,T cell,0.0,50,0.4677286253719773,0.7970779549500294,0.09321757349878305,0.4698356423016329,0.5230363349921228,-0.002107016929655592,-1,0.5322713746280228,0.530164357698367,0.5875972142339144,0.0021070169296557584
geneformer,fm,1.0,c17_k100,100,4693,T cell,0.01,100,0.4602390657430793,0.7555895149264471,0.057512727256528784,0.46225411988296783,0.5138644377203732,-0.002015054139888506,-1,0.5397609342569207,0.5377458801170322,0.5871020780714696,0.0020150541398885613
geneformer,fm,1.0,c9_k25,25,3734,malignant cell,0.16,25,0.44917352271874766,0.7181864342263388,0.053789541118171504,0.495867551076546,0.5522631223586485,-0.046694028357798345,-1,0.5508264772812523,0.504132448923454,0.5635606041661457,0.046694028357798345
geneformer,fm,1.0,c9_k50,50,3734,malignant cell,0.16,50,0.46536547550576407,0.7219418305075909,0.07279087008110229,0.49034515741829,0.5411631948785915,-0.02497968191252592,-1,0.5346345244942359,0.50965484258171,0.5631792492935557,0.024979681912525864
geneformer,fm,1.0,c9_k100,100,3734,malignant cell,0.12,100,0.4749681162319638,0.7447410929743241,0.1176006086802436,0.4883962464677787,0.5344726049663657,-0.013428130235814906,-1,0.5250318837680362,0.5116037535322213,0.5509727675110655,0.013428130235814906
geneformer,fm,1.0,c21_k25,25,3327,macrophage,0.6,25,0.5052264372702493,0.8935903411158359,0.3198672605703123,0.49266216959663905,0.551077171222086,0.012564267673610241,1,0.5052264372702493,0.49266216959663905,0.551077171222086,0.012564267673610241
geneformer,fm,1.0,c21_k50,50,3327,macrophage,0.52,50,0.5085523518967716,0.9079425059803544,0.43202400506271244,0.48449148515841856,0.5428417814899097,0.02406086673835306,1,0.5085523518967716,0.48449148515841856,0.5428417814899097,0.02406086673835306
geneformer,fm,1.0,c21_k100,100,3327,macrophage,0.46,100,0.507489559628898,0.9175944896361835,0.5269709566120052,0.4738354297431793,0.5295356222961314,0.03365412988571864,1,0.507489559628898,0.4738354297431793,0.5295356222961314,0.03365412988571864
geneformer,fm,1.0,c11_k25,25,3122,malignant cell,0.08,25,0.48208257270749455,0.8121242930275384,0.27476318329562466,0.4940973767786141,0.5449298557103203,-0.012014804071119545,-1,0.5179174272925055,0.5059026232213859,0.5675617044687289,0.012014804071119545
geneformer,fm,1.0,c11_k50,50,3122,malignant cell,0.08,50,0.49122258621120807,0.8011235057221676,0.31094704243369564,0.49200336342494183,0.546497786891395,-0.0007807772137337632,-1,0.5087774137887919,0.5079966365750582,0.5577058691140063,0.0007807772137337077
geneformer,fm,1.0,c11_k100,100,3122,malignant cell,0.1,100,0.4821325864612768,0.7031708474530534,0.12994950825132373,0.48447498061967037,0.5262290879991998,-0.002342394158393546,-1,0.5178674135387231,0.5155250193803296,0.5611143064342694,0.002342394158393546
geneformer,fm,1.0,c6_k25,25,3091,malignant cell,0.08,25,0.5308834929605641,1.0449777703607661,0.736539215200595,0.49789235789842207,0.5559847708119733,0.032991135062142074,1,0.5308834929605641,0.49789235789842207,0.5559847708119733,0.032991135062142074
geneformer,fm,1.0,c6_k50,50,3091,malignant cell,0.12,50,0.5062142089074495,0.9770860843637084,0.8583721731946815,0.49221579684413214,0.5433475455750331,0.013998412063317367,1,0.5062142089074495,0.49221579684413214,0.5433475455750331,0.013998412063317367
geneformer,fm,1.0,c6_k100,100,3091,malignant cell,0.14,100,0.51310360349096,1.006015884951541,0.9679027958345953,0.48989009477606343,0.5378316537047688,0.023213508714896525,1,0.51310360349096,0.48989009477606343,0.5378316537047688,0.023213508714896525
geneformer,fm,1.0,c7_k25,25,2543,malignant cell,0.16,25,0.45765085398484584,0.7587387957532973,0.0792578549154378,0.4896650954012354,0.5514016354497487,-0.03201424141638953,-1,0.5423491460151542,0.5103349045987646,0.5656199204781315,0.03201424141638953
geneformer,fm,1.0,c7_k50,50,2543,malignant cell,0.14,50,0.459751431643702,0.7930728771620909,0.135417367635354,0.48898209507614593,0.5369976743604491,-0.029230663432443904,-1,0.540248568356298,0.511017904923854,0.5726424766810873,0.02923066343244396
geneformer,fm,1.0,c7_k100,100,2543,malignant cell,0.14,100,0.4662407161969542,0.7966331543468455,0.1696724240479594,0.4898267023431444,0.5307121958538598,-0.02358598614619023,-1,0.5337592838030458,0.5101732976568556,0.5568481332366401,0.02358598614619023
geneformer,fm,1.0,c4_k25,25,2201,fibroblast,0.92,25,0.5210807972192353,1.1385533268988746,0.2215287608574991,0.49555665307959684,0.5470654429968241,0.02552414413963844,1,0.5210807972192353,0.49555665307959684,0.5470654429968241,0.02552414413963844
geneformer,fm,1.0,c4_k50,50,2201,fibroblast,0.82,50,0.5208307284503239,1.1261460377736292,0.2985165805851151,0.4958731776238466,0.551169071494661,0.02495755082647727,1,0.5208307284503239,0.4958731776238466,0.551169071494661,0.02495755082647727
geneformer,fm,1.0,c4_k100,100,2201,fibroblast,0.7,100,0.5182675235689814,1.112822034584407,0.3906838238881021,0.48675173172622466,0.535467253494711,0.03151579184275677,1,0.5182675235689814,0.48675173172622466,0.535467253494711,0.03151579184275677
geneformer,fm,1.0,c12_k25,25,2138,malignant cell,0.12,25,0.5035759833954337,0.8374351949266727,0.228781729544524,0.4933422316136938,0.5480069519117756,0.010233751781739964,1,0.5035759833954337,0.4933422316136938,0.5480069519117756,0.010233751781739964
geneformer,fm,1.0,c12_k50,50,2138,malignant cell,0.1,50,0.5076270974517992,0.8433897720281882,0.3360014025744408,0.4950155042636725,0.5476962414664032,0.012611593188126713,1,0.5076270974517992,0.4950155042636725,0.5476962414664032,0.012611593188126713
geneformer,fm,1.0,c12_k100,100,2138,malignant cell,0.05,100,0.5059516367000926,0.7878325339318628,0.26422232556178443,0.4909287554077371,0.5305240191052539,0.015022881292355461,1,0.5059516367000926,0.4909287554077371,0.5305240191052539,0.015022881292355461
geneformer,fm,1.0,c15_k25,25,1803,"effector memory CD8-positive, alpha-beta T cell",0.0,25,0.48914701542924305,0.8482718274345084,0.4472290974266889,0.4916320113031084,0.5529089249543624,-0.002484995873865359,-1,0.510852984570757,0.5083679886968917,0.5754382455175172,0.0024849958738653033
geneformer,fm,1.0,c15_k50,50,1803,"effector memory CD8-positive, alpha-beta T cell",0.02,50,0.4643276901147816,0.7721479182149432,0.2926072298669149,0.48324382955312717,0.5353478456575558,-0.01891613943834558,-1,0.5356723098852184,0.5167561704468728,0.5819912976068418,0.01891613943834558
geneformer,fm,1.0,c15_k100,100,1803,"effector memory CD8-positive, alpha-beta T cell",0.05,100,0.4528370301833004,0.7139528928643375,0.17041990374434157,0.4755093275650804,0.5241416389507114,-0.022672297381780004,-1,0.5471629698166995,0.5244906724349196,0.5762684738303033,0.022672297381779893
geneformer,fm,1.0,c8_k25,25,1709,malignant cell,0.4,25,0.5325339468353797,1.2270792598138476,0.22345057993098752,0.47337886668833934,0.538938208007202,0.05915508014704035,1,0.5325339468353797,0.47337886668833934,0.538938208007202,0.05915508014704035
geneformer,fm,1.0,c8_k50,50,1709,malignant cell,0.28,50,0.5462252119332817,1.3273221858955788,0.1271870163369261,0.4748023206381755,0.5234326939908475,0.07142289129510615,1,0.5462252119332817,0.4748023206381755,0.5234326939908475,0.07142289129510615
geneformer,fm,1.0,c8_k100,100,1709,malignant cell,0.21,100,0.5648053214634025,1.3994452490137193,0.08428201117952655,0.4756693090599915,0.5264222661231839,0.08913601240341096,1,0.5648053214634025,0.4756693090599915,0.5264222661231839,0.08913601240341096
geneformer,fm,1.0,c18_k25,25,1639,endothelial cell,0.76,25,0.49921228337792894,0.9848916943850582,0.9047476081862176,0.4893702018054965,0.5473730275825851,0.009842081572432437,-1,0.5007877166220711,0.5106297981945036,0.5723186376253468,-0.009842081572432493
geneformer,fm,1.0,c18_k50,50,1639,endothelial cell,0.64,50,0.48527094951111555,0.9409454452874794,0.6501438042169521,0.4786096176448524,0.5414989122008552,0.006661331866263165,-1,0.5147290504888844,0.5213903823551476,0.5768036209957738,-0.006661331866263165
geneformer,fm,1.0,c18_k100,100,1639,endothelial cell,0.49,100,0.4828327790142289,0.9468183086367272,0.7143612033895578,0.47531296106429266,0.5266291980294581,0.007519817949936225,-1,0.5171672209857712,0.5246870389357072,0.5711583185375978,-0.0075198179499360585
geneformer,fm,1.0,c2_k25,25,1137,IgG plasma cell,0.08,25,0.46892895546275226,0.7164712767773604,0.0788163858194084,0.4762170221810998,0.54220535647303,-0.00728806671834753,-1,0.5310710445372477,0.5237829778189003,0.5822276125934632,0.0072880667183474745
geneformer,fm,1.0,c2_k50,50,1137,IgG plasma cell,0.06,50,0.47575583285403483,0.7102777691957213,0.10402737465129674,0.4638293030583411,0.5205762834779565,0.011926529795693752,-1,0.5242441671459652,0.5361706969416589,0.5890063517467303,-0.011926529795693641
geneformer,fm,1.0,c2_k100,100,1137,IgG plasma cell,0.06,100,0.48450823976593566,0.7110853645805976,0.16324949270421263,0.46724467978694134,0.5110049013478707,0.017263559978994314,-1,0.5154917602340643,0.5327553202130586,0.5843150616419515,-0.017263559978994314
geneformer,fm,1.0,c29_k25,25,1111,malignant cell,0.28,25,0.45356222961314363,0.6902731956702344,0.030474613971474055,0.49550013753782296,0.5601265347970692,-0.04193790792467933,-1,0.5464377703868564,0.5044998624621772,0.5610036510040262,0.04193790792467922
geneformer,fm,1.0,c29_k50,50,1111,malignant cell,0.16,50,0.4556252969566631,0.689431928106676,0.03961950420754981,0.4933961214333942,0.5502606966915902,-0.03777082447673108,-1,0.5443747030433369,0.5066038785666058,0.5552933306659331,0.03777082447673108
geneformer,fm,1.0,c29_k100,100,1111,malignant cell,0.24,100,0.4656780614669034,0.6996926542962326,0.08092415414999828,0.4826299107254495,0.5342775513266148,-0.016951849258546092,-1,0.5343219385330966,0.5173700892745505,0.5666326989922229,0.016951849258546092
geneformer,fm,1.0,c22_k25,25,1107,macrophage,0.6,25,0.4928105228937958,0.8649535591172174,0.2710883241233339,0.48231626197204236,0.5448548350796469,0.010494260921753429,-1,0.5071894771062042,0.5176837380279578,0.5788573107604591,-0.01049426092175354
geneformer,fm,1.0,c22_k50,50,1107,macrophage,0.5,50,0.4921353372177349,0.8585849766050293,0.2969447415434624,0.4758918077471304,0.5282633974342944,0.01624352947060448,-1,0.5078646627822652,0.5241081922528695,0.5764253919827953,-0.016243529470604368
geneformer,fm,1.0,c22_k100,100,1107,macrophage,0.41,100,0.4801070294330941,0.8054071744166863,0.20111125962834658,0.471176198454575,0.5264422716246968,0.0089308309785191,-1,0.519892970566906,0.5288238015454251,0.58112105829103,-0.0089308309785191
geneformer,fm,1.0,c25_k25,25,955,memory B cell,0.36,25,0.4544749806196704,0.7391727224823831,0.030186064613973707,0.4821288354297433,0.5434425717072194,-0.027653854810072875,-1,0.5455250193803296,0.5178711645702567,0.57630598414564,0.027653854810072875
geneformer,fm,1.0,c25_k50,50,955,memory B cell,0.2,50,0.45741328865437997,0.7773458902749814,0.07726782256830328,0.483912951061542,0.5376391007527069,-0.026499662407162006,-1,0.54258671134562,0.516087048938458,0.5640726199704919,0.02649966240716195
geneformer,fm,1.0,c25_k100,100,955,memory B cell,0.15,100,0.45536272474930606,0.7504235355020282,0.06468248873288246,0.4800812723498962,0.5316712095826351,-0.02471854760059017,-1,0.5446372752506939,0.5199187276501038,0.5649353572232364,0.024718547600590113
geneformer,fm,1.0,c10_k25,25,936,pericyte,0.72,25,0.5135912375903373,1.1328833878708129,0.3189813869503893,0.49000675185676057,0.5534859586386256,0.023584485733576743,1,0.5135912375903373,0.49000675185676057,0.5534859586386256,0.023584485733576743
geneformer,fm,1.0,c10_k50,50,936,pericyte,0.6,50,0.5114281427392533,1.1159883833770656,0.44248496386201774,0.48184894596013905,0.5307215734326939,0.029579196779114247,1,0.5114281427392533,0.48184894596013905,0.5307215734326939,0.029579196779114247
geneformer,fm,1.0,c10_k100,100,936,pericyte,0.48,100,0.5077146215209183,1.0968630549107359,0.5579500557104617,0.4748517092200355,0.5295756332991571,0.032862912300882785,1,0.5077146215209183,0.4748517092200355,0.5295756332991571,0.032862912300882785
geneformer,fm,1.0,c3_k25,25,914,fibroblast,0.84,25,0.5215934381955037,1.119092515660657,0.26538421336144624,0.4960415364225162,0.5525694566005651,0.02555190177298755,1,0.5215934381955037,0.4960415364225162,0.5525694566005651,0.02555190177298755
geneformer,fm,1.0,c3_k50,50,914,fibroblast,0.72,50,0.5243316912150842,1.1430306656737605,0.22437688053020008,0.49303602240616173,0.5434957113206133,0.03129566880892243,1,0.5243316912150842,0.49303602240616173,0.5434957113206133,0.03129566880892243
geneformer,fm,1.0,c3_k100,100,914,fibroblast,0.57,100,0.526032158843682,1.159565493729184,0.23933314567972036,0.4852228737902924,0.5299444847333016,0.040809285053389655,1,0.526032158843682,0.4852228737902924,0.5299444847333016,0.040809285053389655
geneformer,fm,1.0,c5_k25,25,885,fibroblast,0.72,25,0.5257820900747706,1.1144671103905828,0.36208118123054545,0.4938104228662882,0.5511284353197129,0.031971667208482435,1,0.5257820900747706,0.4938104228662882,0.5511284353197129,0.031971667208482435
geneformer,fm,1.0,c5_k50,50,885,fibroblast,0.6,50,0.5226937407787141,1.1189964627173212,0.4004941508256654,0.48946472780014505,0.5402416914651529,0.03322901297856906,1,0.5226937407787141,0.48946472780014505,0.5402416914651529,0.03322901297856906
geneformer,fm,1.0,c5_k100,100,885,fibroblast,0.45,100,0.5166045662557204,1.14242294359018,0.3676243969977324,0.4796458401060292,0.526321613443697,0.0369587261496912,1,0.5166045662557204,0.4796458401060292,0.526321613443697,0.0369587261496912
geneformer,fm,1.0,c14_k25,25,854,malignant cell,0.04,25,0.4122383655505264,0.8199165177438157,0.37808299000819534,0.49297625597039185,0.5551482907799645,-0.08073789041986545,-1,0.5877616344494736,0.5070237440296081,0.5662475930880992,0.08073789041986545
geneformer,fm,1.0,c14_k50,50,854,malignant cell,0.06,50,0.42061566930905997,0.7849867758020087,0.36722414729386,0.4848944709795194,0.5418433819300307,-0.0642788016704594,-1,0.5793843306909401,0.5151055290204806,0.5728387806646827,0.06427880167045952
geneformer,fm,1.0,c14_k100,100,854,malignant cell,0.07,100,0.42590462377153715,0.787150457040164,0.3899996906054052,0.47620001750481383,0.5234645777588837,-0.05029539373327668,-1,0.5740953762284629,0.5237999824951862,0.5728300282577709,0.05029539373327663
geneformer,fm,1.0,c26_k25,25,841,malignant cell,0.96,25,0.5028257770886994,1.2140740662297946,0.5582716360294309,0.4795019255295206,0.5367382280127034,0.023323851559178765,1,0.5028257770886994,0.4795019255295206,0.5367382280127034,0.023323851559178765
geneformer,fm,1.0,c26_k50,50,841,malignant cell,0.94,50,0.4738303033334167,1.0896641271633647,0.8380675331908248,0.46368957713371173,0.5102415664307685,0.010140726199704964,-1,0.5261696966665833,0.5363104228662882,0.5791974042861786,-0.010140726199704853
geneformer,fm,1.0,c26_k100,100,841,malignant cell,0.92,100,0.47761884518242514,1.0697437177700284,0.8832130185713862,0.45805171422141094,0.49321500912751004,0.0195671309610142,-1,0.5223811548175749,0.5419482857785891,0.5770924504238665,-0.019567130961014256
geneformer,fm,1.0,c19_k25,25,836,endothelial cell,0.8,25,0.4816949661156818,0.9506484195186972,0.6445489311060164,0.48690321088299277,0.5420378103978595,-0.0052082447673109655,-1,0.5183050338843183,0.5130967891170072,0.5728612868538847,0.0052082447673110766
geneformer,fm,1.0,c19_k50,50,836,endothelial cell,0.58,50,0.4795943884568256,0.9337947404207899,0.6063446707335036,0.48429936982670235,0.5391970291830253,-0.004704981369876737,-1,0.5204056115431743,0.5157006301732977,0.5708969966740854,0.004704981369876626
geneformer,fm,1.0,c19_k100,100,836,endothelial cell,0.41,100,0.4811073045087399,0.9467574588228467,0.7088507965197086,0.47354003600990274,0.5247536822626222,0.007567268498837154,-1,0.51889269549126,0.5264599639900972,0.5764710295331216,-0.007567268498837154
geneformer,fm,1.0,c20_k25,25,720,myeloid cell,0.44,25,0.4944234664532747,0.8607404100627799,0.20015473558481067,0.4835421615944385,0.5446816624571756,0.01088130485883615,-1,0.5055765335467253,0.5164578384055615,0.5719560379104254,-0.010881304858836205
geneformer,fm,1.0,c20_k50,50,720,myeloid cell,0.34,50,0.4954862587211483,0.8517249394668271,0.22531454441709078,0.48188289279551866,0.5347745630048264,0.013603365925629662,-1,0.5045137412788516,0.5181171072044812,0.5778151491660206,-0.013603365925629607
geneformer,fm,1.0,c20_k100,100,720,myeloid cell,0.29,100,0.5041761484408213,0.8660548125979006,0.3113579238945235,0.4744068993973343,0.521468403811048,0.029769249043486934,1,0.5041761484408213,0.4744068993973343,0.521468403811048,0.029769249043486934
geneformer,fm,1.0,c27_k25,25,683,"CD4-positive, alpha-beta T cell",0.0,25,0.435182175098152,0.6785627015367462,0.054063384217896276,0.48995086148690886,0.5456262972317387,-0.05476868638875687,-1,0.5648178249018481,0.5100491385130911,0.5678561604441221,0.05476868638875698
geneformer,fm,1.0,c27_k50,50,683,"CD4-positive, alpha-beta T cell",0.0,50,0.46842881792492935,0.775619809576374,0.23037856271851154,0.48374240416114433,0.5391157568331291,-0.015313586236214982,-1,0.5315711820750706,0.5162575958388557,0.5627166220710695,0.015313586236214927
geneformer,fm,1.0,c27_k100,100,683,"CD4-positive, alpha-beta T cell",0.0,100,0.4618520093025582,0.7056599635727141,0.12235279261638483,0.4785404736302483,0.526032158843682,-0.01668846432769011,-1,0.5381479906974418,0.5214595263697517,0.5681499912475931,0.01668846432769011
geneformer,fm,1.0,c23_k25,25,583,malignant cell,0.32,25,0.4732426417264748,0.900849922608891,0.46719181330581694,0.48598489584635773,0.5538216759608893,-0.012742254119882945,-1,0.5267573582735252,0.5140151041536423,0.5864425216934657,0.012742254119882945
geneformer,fm,1.0,c23_k50,50,583,malignant cell,0.32,50,0.48304533746780365,0.9144536468582419,0.5296486466607494,0.48971723473955336,0.5384549501112806,-0.006671897271749716,-1,0.5169546625321964,0.5102827652604467,0.5641976543549476,0.0066718972717496605
geneformer,fm,1.0,c23_k100,100,583,malignant cell,0.29,100,0.47923178874190403,0.9085315116527632,0.5624085114680382,0.48518042461676963,0.535956137937933,-0.005948635874865604,-1,0.520768211258096,0.5148195753832304,0.5625515766835879,0.005948635874865604
geneformer,fm,1.0,c0_k25,25,581,B cell,0.16,25,0.46136437520318085,0.8035601351763517,0.0890906826302629,0.4825912751006527,0.5459957738378054,-0.02122689989747184,-1,0.5386356247968191,0.5174087248993473,0.5842531696216459,0.02122689989747184
geneformer,fm,1.0,c0_k50,50,581,B cell,0.08,50,0.46310235314711545,0.7857001487944328,0.08490634163514539,0.4790421740978769,0.5358411063042335,-0.015939820950761463,-1,0.5368976468528845,0.5209578259021231,0.5741122558703643,0.015939820950761407
geneformer,fm,1.0,c0_k100,100,581,B cell,0.08,100,0.4615769336567556,0.7606074280309344,0.08032558166835613,0.4764929730675936,0.5308015954387456,-0.014916039410837967,-1,0.5384230663432443,0.5235070269324064,0.5684632023806547,0.014916039410837967
geneformer,fm,1.0,c13_k25,25,564,malignant cell,0.16,25,0.5301332866538297,1.1261885560129017,0.368174051334726,0.4902066193203131,0.5549313561229339,0.03992666733351663,1,0.5301332866538297,0.4902066193203131,0.5549313561229339,0.03992666733351663
geneformer,fm,1.0,c13_k50,50,564,malignant cell,0.14,50,0.5301207832153843,1.1596946627780558,0.3259525081740634,0.4833424816824627,0.5361011778239015,0.04677830153292156,1,0.5301207832153843,0.4833424816824627,0.5361011778239015,0.04677830153292156
geneformer,fm,1.0,c13_k100,100,564,malignant cell,0.12,100,0.5450623921578434,1.2748780597560176,0.1388983504664745,0.47945953887319015,0.5352559453849809,0.0656028532846532,1,0.5450623921578434,0.47945953887319015,0.5352559453849809,0.0656028532846532
geneformer,fm,1.0,c33_k25,25,507,malignant cell,0.12,25,0.48514591512665983,0.9023980947600637,0.38343120210410986,0.490941884018105,0.5473830303333417,-0.00579596889144518,-1,0.5148540848733402,0.509058115981895,0.5657562079571882,0.00579596889144518
geneformer,fm,1.0,c33_k50,50,507,malignant cell,0.12,50,0.49273550226312235,0.927819015215389,0.5519229353249909,0.49020436870139295,0.537459676411013,0.002531133561729404,-1,0.5072644977368777,0.5097956312986072,0.5674866838380555,-0.002531133561729515
geneformer,fm,1.0,c33_k100,100,507,malignant cell,0.16,100,0.49803696016404514,0.9459412647183978,0.7126548154254466,0.47726943659506366,0.5304496236465026,0.020767523568981483,-1,0.5019630398359549,0.5227305634049364,0.578352171847258,-0.020767523568981483
geneformer,fm,1.0,c31_k25,25,470,malignant cell,0.6,25,0.4862212108329791,1.0695775674934689,0.8434910216005737,0.47414051364125137,0.5298988471829753,0.012080697191727718,-1,0.5137787891670209,0.5258594863587487,0.5830159543874566,-0.012080697191727774
geneformer,fm,1.0,c31_k50,50,470,malignant cell,0.6,50,0.45022381154817576,0.7542804995097027,0.5324070852885501,0.4726919902973317,0.5128010202805771,-0.022468178749155965,-1,0.5497761884518242,0.5273080097026682,0.5763766285728575,0.022468178749155965
geneformer,fm,1.0,c31_k100,100,470,malignant cell,0.48,100,0.46465277951436645,0.7688965503700724,0.6197997839447098,0.4671167696116432,0.5081378629123009,-0.002463990097276769,-1,0.5353472204856335,0.5328832303883568,0.5783784290679936,0.0024639900972767137
geneformer,fm,1.0,c34_k25,25,450,malignant cell,0.24,25,0.48198254519993,0.746878355729923,0.10445288186404131,0.49652285628547843,0.548846557803396,-0.01454031108554843,-1,0.51801745480007,0.5034771437145216,0.5621052039310811,0.01454031108554843
geneformer,fm,1.0,c34_k50,50,450,malignant cell,0.2,50,0.4603390932506439,0.6670185919302875,0.07707701431922914,0.49111636950161297,0.5432156342994324,-0.030777276250969043,-1,0.5396609067493561,0.508883630498387,0.5621777238740653,0.030777276250969043
geneformer,fm,1.0,c34_k100,100,450,malignant cell,0.19,100,0.4575383230388357,0.6001971587590683,0.03833427769993112,0.4829163019830453,0.5317399784940858,-0.025377978944209623,-1,0.5424616769611643,0.5170836980169546,0.5612987321513415,0.025377978944209678
geneformer,fm,1.0,c1_k25,25,446,T cell,0.16,25,0.5421240841231338,1.1661542418508468,0.30069697670618656,0.4853022706244217,0.5458438570606917,0.056821813498712126,1,0.5421240841231338,0.4853022706244217,0.5458438570606917,0.056821813498712126
geneformer,fm,1.0,c1_k50,50,446,T cell,0.18,50,0.5353097101702968,1.152594309326638,0.3710288292736277,0.48020593163119857,0.5390638675635799,0.05510377853909826,1,0.5353097101702968,0.48020593163119857,0.5390638675635799,0.05510377853909826
geneformer,fm,1.0,c1_k100,100,446,T cell,0.14,100,0.5411488159243792,1.1995659549564064,0.2916650892155806,0.47018792667983705,0.5200598914701543,0.07096088924454219,1,0.5411488159243792,0.47018792667983705,0.5200598914701543,0.07096088924454219
geneformer,fm,1.0,c24_k25,25,261,mast cell,0.4,25,0.4428217759883968,0.7479599392460743,0.05935535263032981,0.464759371327115,0.5200061266848383,-0.021937595338718197,-1,0.5571782240116032,0.535240628672885,0.5880629673160118,0.021937595338718197
geneformer,fm,1.0,c24_k50,50,261,mast cell,0.32,50,0.45146165195428745,0.7469595193111024,0.11729688299294062,0.46776632323889067,0.5226318487584085,-0.016304671284603223,-1,0.5485383480457126,0.5322336767611092,0.5840981269849208,0.016304671284603334
geneformer,fm,1.0,c24_k100,100,261,mast cell,0.2,100,0.45496261471904775,0.7217890841527045,0.1515626336962235,0.46770436870139287,0.515439245792593,-0.012741753982345116,-1,0.5450373852809522,0.5322956312986071,0.5776369751681713,0.012741753982345116
geneformer,fm,1.0,c32_k25,25,228,malignant cell,0.24,25,0.4549126009652654,0.686035492002866,0.02237187227288684,0.49235846107679615,0.5524813073595238,-0.03744586011153073,-1,0.5450873990347346,0.5076415389232038,0.5705037635349721,0.03744586011153073
geneformer,fm,1.0,c32_k50,50,228,malignant cell,0.16,50,0.4302308134737053,0.6165883937875255,0.012380036879069852,0.4927497561829503,0.5449461101802995,-0.06251894270924502,-1,0.5697691865262947,0.5072502438170496,0.5526994923603991,0.06251894270924507
geneformer,fm,1.0,c32_k100,100,228,malignant cell,0.14,100,0.4403836054915102,0.606811231730446,0.034930459773499165,0.48685807347020427,0.5377184975868363,-0.04647446797869409,-1,0.5596163945084898,0.5131419265297957,0.5632055065142915,0.046474467978694034
